id	name
BS01-001	ゴラドン
BS01-002	ロクケラトプス
BS01-003	テラノセイバー
BS01-004	ドラグノ偵察兵
BS01-005	アイバーン
BS01-006	メラット
BS01-007	ハンマドレイク
BS01-008	メタルバーン
BS01-009	ヴォルク・バブーン
BS01-010	チャクラムバット
BS01-011	ドラグサウルス
BS01-012	トライソードン
BS01-013	タウロスナイト
BS01-014	ドラグノ祈祷師
BS01-015	スピノアックス
BS01-016	スケルトン・ジョウ
BS01-017	ランスラプトル
BS01-018	リザードマン
BS01-019	ジュラシックル
BS01-020	翼刃竜スティラノドン
BS01-021	焔竜魔人マ・グー
BS01-022	大鎌フール・ジョーカー
BS01-023	原始鳥フェニキオス
BS01-024	晶輝龍ディアマット
BS01-025	要塞龍ギガ
BS01-026	フォッガー
BS01-027	ウィル・オーブ
BS01-028	スカルデビル
BS01-029	リブ・リーパー
BS01-030	グリプ・ハンズ
BS01-031	デス・ハーデス
BS01-032	ガウルム
BS01-033	ディザスター
BS01-034	バイ・パイソン
BS01-035	ボーン・グラディエイター
BS01-036	シャ・ズー
BS01-037	イリュージョナ
BS01-038	スケル・バイパー
BS01-039	怪人ディオネマン
BS01-040	ダークウィッチ
BS01-041	コブライガ
BS01-042	ミストウィゼル
BS01-043	ドラキュリウス
BS01-044	牛霊スモゥグ
BS01-045	切り裂きヘディレス
BS01-046	幻龍シェイロン
BS01-047	魔女ナージャ
BS01-048	吸血姫ヴァンピレス
BS01-049	幽騎士ナイトライダー
BS01-050	ビートビートル
BS01-051	フライングミラージュ
BS01-052	ペリリィフ
BS01-053	リーヴォルフ
BS01-054	ショックイーター
BS01-055	エメアント
BS01-056	マッチュラ
BS01-057	グラーバ
BS01-058	ヘラクレス・ジオ
BS01-059	シダフクロウ
BS01-060	イーグラス
BS01-061	エイプウィップ
BS01-062	ハングリートゥリー
BS01-063	エメラルドシーザー
BS01-064	ジガ・ワスプ
BS01-065	キリカブト
BS01-066	スタッグローブ
BS01-067	スワロウアイヴィー
BS01-068	風虎ティガルド
BS01-069	征空の翼アクィリーズ
BS01-070	月甲モノケイロス
BS01-071	爆進獣ブランボアー
BS01-072	ガウシルヴィア
BS01-073	極彩鳥ヴァルペルチャー
BS01-074	バーサーカー・ガン
BS01-075	アイスメイデン
BS01-076	レイ・ブレット
BS01-077	ベビー・ロキ
BS01-078	姫械マーニ
BS01-079	レインボウパピヨン
BS01-080	フェンリルキャノン
BS01-081	銀燐竜ニーズホッグ
BS01-082	ウル・ディーネ
BS01-083	ラビクリスタ
BS01-084	ガトリングスタンド
BS01-085	エレファンタイト
BS01-086	クイーン・ワルキューレ
BS01-087	メタルディー・バグ
BS01-088	タワーミットクラブ
BS01-089	デュアルキャノン・ベル
BS01-090	ヘル・ブリンディ
BS01-091	機人ラグーナ
BS01-092	空母鯨モビルフロウ
BS01-093	甲精ディース
BS01-094	グラン・ドルバルカン
BS01-095	鎧装獣ベア・ゲルミル
BS01-096	妖機妃ソール
BS01-097	飛龍ヴァルキュリウス
BS01-098	燃えさかる戦場
BS01-099	百識の谷
BS01-100	ルビーの太陽
BS01-101	古龍の縄張り
BS01-102	主無き古城
BS01-103	命を吸う沼
BS01-104	千本槍の古戦場
BS01-105	魔帝の墓標
BS01-106	隠されたる賢者の樹
BS01-107	命の果実
BS01-108	無限蟲の蟻塚
BS01-109	風吹く丘陵
BS01-110	時止まりの氷原
BS01-111	ダイヤモンドの月
BS01-112	千年雪の尖塔
BS01-113	侵食されゆく銀世界
BS01-114	バスタースピア
BS01-115	アウェイクン
BS01-116	オフェンシブオーラ
BS01-117	ダブルドロー
BS01-118	コールオブロスト
BS01-119	バーストファイア
BS01-120	バスターファランクス
BS01-121	フレイムダンス
BS01-122	フレイムテンペスト
BS01-123	リターンドロー
BS01-124	イビルオーラ
BS01-125	デッドリィバランス
BS01-126	シャドウエリクサー
BS01-127	キラーテレスコープ
BS01-128	カオスドロー
BS01-129	ポイズンシュート
BS01-130	チェンジングコア
BS01-131	ダークコフィン
BS01-132	ストームドロー
BS01-133	ワイルドパワー
BS01-134	バインディングソーン
BS01-135	パワーオーラ
BS01-136	ギャザーフォース
BS01-137	リレイションソウル
BS01-138	ハンドリバース
BS01-139	フェザーバリア
BS01-140	バインディングウッズ
BS01-141	インビジブルクローク
BS01-142	ピュアエリクサー
BS01-143	ディバインチェイン
BS01-144	サイレントウォール
BS01-145	ディフェンシブオーラ
BS01-146	ドリームリボン
BS01-147	ドリームチェスト
BS01-148	ラークドライブ
BS01-149	アタックシフト
BS01-X01	龍皇ジークフリード
BS01-X02	魔界七将デスペラード
BS01-X03	キングタウロス大公
BS01-X04	要塞皇オーディーン
BS02-001	リザドエッジ
BS02-002	ナイフ投げのジャグリーン
BS02-003	ディノハウンド
BS02-004	オルカリア
BS02-005	ドラグノ突撃兵
BS02-006	プテラトマホーク
BS02-007	昇龍バルムンク
BS02-008	フィスドラグーン
BS02-009	竜狩りのアーケオルニ
BS02-010	溶海竜プレシオス
BS02-011	ツヴァイ・ハウル
BS02-012	地龍王ケンドラゴス
BS02-013	バット・バット
BS02-014	ファンタズマ
BS02-015	ハンプダンプ
BS02-016	スライミー
BS02-017	マミーラ
BS02-018	悪魔スプラー
BS02-019	悪魔デースペル
BS02-020	レディ・フランケリー
BS02-021	髑髏騎士ズ・ガイン
BS02-022	魔界侯爵コキュートス
BS02-023	双蛇ヒュドラム
BS02-024	暗黒将軍ブラッディ・シーザー
BS02-025	シープル
BS02-026	マッハジー
BS02-027	カプリホルン
BS02-028	クロスシザース
BS02-029	バットホッパー
BS02-030	兵隊アントマン
BS02-031	スコルピード
BS02-032	ダッチョーノ
BS02-033	騎獣スレイプホース
BS02-034	老賢樹トレントン
BS02-035	漆黒鳥ヤタグロス
BS02-036	カイザレオン大帝
BS02-037	スフィアロイド
BS02-038	盾精ラングリーズ
BS02-039	神機ミョルニール
BS02-040	ロブスターク
BS02-041	ライオライダー
BS02-042	スクルディア
BS02-043	アルマ・ジール
BS02-044	魔砲神メガロック
BS02-045	装甲機竜ファーブニル
BS02-046	ウィンガル
BS02-047	機神官フレイ
BS02-048	竜戦車アースガルド
BS02-049	ピヨン
BS02-050	コリスタル
BS02-051	チュンポポ
BS02-052	チャガマル
BS02-053	妖精ターニャ
BS02-054	ポム
BS02-055	チャウー
BS02-056	アルカナビースト・ケン
BS02-057	妖精女王ティ・ターニャ
BS02-058	ペンタン
BS02-059	ロム
BS02-060	道化師クラン
BS02-061	天使エンジュ
BS02-062	ポークン
BS02-063	冥犬ケルル・ベロス
BS02-064	音鳥クルーク
BS02-065	花の子リップ
BS02-066	アルカナドール・パン
BS02-067	天使バーチュ
BS02-068	白虎ハック
BS02-069	黒虎クロン
BS02-070	アルカナプリンス・オベロ
BS02-071	宝石の獣カーバルク
BS02-072	トリックスター
BS02-073	皇帝アンプルール
BS02-074	風船魔人バーバル
BS02-075	天使長プリンシパール
BS02-076	太古の断層
BS02-077	決闘台地
BS02-078	夢魔の寝所
BS02-079	紫水晶の森
BS02-080	エメラルドに輝く鍾乳洞
BS02-081	緑芽吹く原野
BS02-082	生み出される尖兵
BS02-083	鏡の回廊
BS02-084	祝福されし大聖堂
BS02-085	トパーズの流星
BS02-086	螺旋の塔
BS02-087	封印された魔導書
BS02-088	クロスファイア
BS02-089	スピリットリンク
BS02-090	マインドフレア
BS02-091	セブンスクリムゾン
BS02-092	エナジードレイン
BS02-093	マインドコントロール
BS02-094	ブラッディレイン
BS02-095	サクリファイス
BS02-096	ディバインウィンド
BS02-097	ネイチャーフォース
BS02-098	キャストオフ
BS02-099	ライフチェイン
BS02-100	インビンシブルシールド
BS02-101	リフレクションアーマー
BS02-102	ホワイトポーション
BS02-103	リロードコア
BS02-104	アディショナルカラー
BS02-105	グレートウォール
BS02-106	ローヤルポーション
BS02-107	タイムリープ
BS02-108	マジックブック
BS02-109	エンジェルボイス
BS02-110	ヘビィゲート
BS02-111	スピリットイリュージョン
BS02-X05	暴双龍ディラノス
BS02-X06	魔界七将デストロード
BS02-X07	巨神機トール
BS02-X08	大天使ミカファール
BS03-001	火精サラマンダート
BS03-002	エッジホッグ
BS03-003	ドラグノ暗殺者
BS03-004	ブロントライデント
BS03-005	エンチュウ
BS03-006	ランカフォリンクス
BS03-007	フレイム・エルク
BS03-008	剣竜ステゴラーサウルス
BS03-009	火吹きメルト
BS03-010	黒竜ヴリトラ
BS03-011	竜騎将ディライダロス
BS03-012	水龍王リヴァイア
BS03-013	ヘルスコルピオ
BS03-014	スカル・フィッシュ
BS03-015	魔草マインドラゴラ
BS03-016	透明人間エクリア
BS03-017	幽霊船長シルバーシャーク
BS03-018	ダークレイス
BS03-019	魔界軍師ヘルミア
BS03-020	メガ・ハンプダンプ
BS03-021	魔界伯爵ヴィール
BS03-022	暗礁の歌姫セレン
BS03-023	人造生命体No.44
BS03-024	吸血騎士ノスフェラト
BS03-025	スタッグシザー
BS03-026	木精ドリアドナ
BS03-027	フルミンゴ
BS03-028	モグランナー
BS03-029	マッハフライ
BS03-030	調教師ライナ兄弟
BS03-031	黒風のパンター
BS03-032	蜘蛛女アラクネット
BS03-033	ビートプリースト
BS03-034	闘鶏ビシャモン
BS03-035	太陽花ゾンネ・ブルム
BS03-036	神鳥ピーゴッド
BS03-037	ラタトスカ
BS03-038	アンジェラフィッシュ
BS03-039	笛吹きのヘイムダル
BS03-040	ベル・ダンディア
BS03-041	機人アスク
BS03-042	海獣ジューゴン
BS03-043	ホタルリ
BS03-044	鋼人スルト
BS03-045	銀狐ハティ
BS03-046	一角獣アインホルン
BS03-047	硝子の女神フレイア
BS03-048	鎧蛇竜ミッドガルズ
BS03-049	ミケネ
BS03-050	キノコノコ
BS03-051	ドングリン
BS03-052	フロッガー
BS03-053	百面相のフラットフェイス
BS03-054	アルカナドール・トリア
BS03-055	ゴマザラシ
BS03-056	オチョゴ
BS03-057	ジェルフィ
BS03-058	妖精ティングリー
BS03-059	アルカナビースト・ペイラ
BS03-060	ランプキン
BS03-061	苺っ娘ストロベリ
BS03-062	チワール
BS03-063	ポニサス
BS03-064	薔薇人バロッサ
BS03-065	天使キュリオ
BS03-066	天使アルケー
BS03-067	アルカナプリンセス・アン
BS03-068	フォルトロス
BS03-069	イワトビペンタン
BS03-070	天使長エクスシア
BS03-071	戦闘獣ブルトップ
BS03-072	槍兵のジェフリー
BS03-073	ストン・スタチュー
BS03-074	戦闘獣ドーベン
BS03-075	犬人マードック
BS03-076	爪剣のラザラス
BS03-077	強襲兵のノーマン
BS03-078	暴れトロル
BS03-079	作戦参謀フォクシン
BS03-080	ロック・ゴレム
BS03-081	人馬巨兵ダンストン
BS03-082	シャークハンマー
BS03-083	熊男ベアード
BS03-084	巨猫ブリンクス
BS03-085	ウッド・ゴレム
BS03-086	修理屋バラン・バラン
BS03-087	戦闘獣ライノ・セーラス
BS03-088	城壊しのデニス
BS03-089	ディープ・アーノルド
BS03-090	斬竜刀のガイ
BS03-091	戦闘獣バン・ファロー
BS03-092	島持ちのフランシス
BS03-093	牛人ブルタニア
BS03-094	偉大なる鍛冶師バギン
BS03-095	奇術師オリバー
BS03-096	巨人王ランドルフ
BS03-097	鷹人ホークアイ
BS03-098	戦闘竜ワイヴァーン
BS03-099	虎拳士タイガ
BS03-100	武器コレクターのゴドフリー
BS03-101	ボルカノ・ゴレム
BS03-102	無法者の荒野
BS03-103	熾烈極める最前線
BS03-104	運命分かつ岐路
BS03-105	暗礁海域
BS03-106	深緑の樹海
BS03-107	果て無き地平線
BS03-108	鋼に覆われた高空
BS03-109	極光の大地
BS03-110	星降る巡礼地
BS03-111	子供部屋 午前0時
BS03-112	トランプの王国
BS03-113	力奪う凱旋門
BS03-114	サファイアの城壁
BS03-115	崩壊する戦線
BS03-116	英雄の喪失
BS03-117	士気高き大本営
BS03-118	フォースドロー
BS03-119	バスターランス
BS03-120	フレイムサイクロン
BS03-121	ダブルハート
BS03-122	フォールダウン
BS03-123	ネクロマンシー
BS03-124	ポイズンミスト
BS03-125	ウィークネス
BS03-126	ポーションベリー
BS03-127	アイビィーケイジ
BS03-128	マルチプルコア
BS03-129	フロックリカバリー
BS03-130	メビウスリング
BS03-131	ユナイテッドパワー
BS03-132	パーフェクトガード
BS03-133	ハイエリクサー
BS03-134	パペットストリング
BS03-135	エスケープルート
BS03-136	フォーカスライト
BS03-137	フォーカード
BS03-138	テレポートチェンジ
BS03-139	セイムタイアード
BS03-140	シャイニングマジック
BS03-141	ビルドアップ
BS03-142	サルベージ
BS03-143	ブリッツ
BS03-144	マジックハンマー
BS03-145	スクランブル
BS03-146	ネクサスレジスター
BS03-147	ゴーレムクラフト
BS03-148	コンストラクション
BS03-149	デルタクラッシュ
BS03-X09	蛮騎士ハーキュリー
BS03-X10	凍獣マン・モール
BS03-X11	大天使ヴァリエル
BS03-X12	英雄巨人タイタス
BS04-001	クナノミ
BS04-002	カメレウィップ
BS04-003	ダークゴラドン
BS04-004	ダークディノハウンド
BS04-005	チェイン・ドラゴン
BS04-006	骸竜ゾン・サウル
BS04-007	ドラグノ近衛兵
BS04-008	古竜魔人バ・ゴゥ
BS04-009	炎皇クジャラク
BS04-010	雷帝エール・クレル
BS04-011	風龍王フージャオス
BS04-012	バンシィ
BS04-013	スカルデーモン
BS04-014	シャドウジャグラー
BS04-015	サイクロ・ワインダー
BS04-016	堕天使アゼル
BS04-017	ヘルウィッチ
BS04-018	水蛇シーサーペンタ
BS04-019	首無し馬車
BS04-020	闇帝オプス・キュリテ
BS04-021	吸血鬼ダンピール
BS04-022	王蛇ケツァルカトル
BS04-023	ジラーファン
BS04-024	ダックル
BS04-025	ファル・コンドル
BS04-026	ブラックマッハジー
BS04-027	アリゲイド
BS04-028	セブンスポット
BS04-029	ブラックモノケイロス
BS04-030	食蟲花バグ・レシア
BS04-031	陸帝フォン・ダシオン
BS04-032	槍蟲ルカニドス
BS04-033	甲殻戦士ロングホーン
BS04-034	ヴィゾフニル
BS04-035	バーサーカー・マグナム
BS04-036	オッドセイ
BS04-037	鎧装獣ヘイズ・ルーン
BS04-038	偵察機マグニ
BS04-039	宝石虫スカラベール
BS04-040	鎧装獣グリン・ブルスティ
BS04-041	フェンリルキャノンMk-II
BS04-042	獣使いドヴェルグ
BS04-043	ワルキューレ・ヒルド
BS04-044	空帝ル・シエル
BS04-045	氷の女神フリッグ
BS04-046	妖精ドロシー
BS04-047	ワイズレス・スケアクロウ
BS04-048	ダークピヨン
BS04-049	黒の妖精ティ・ターニャ
BS04-050	ハートレス・ティン
BS04-051	アルカナビースト・ハルト
BS04-052	郵便ペンタン
BS04-053	天使スローン
BS04-054	アルカナソルジャー・サンク
BS04-055	光帝リュミエール
BS04-056	ブレイブレス・レオ
BS04-057	天使長セラフィー
BS04-058	鼠人チューリヒ
BS04-059	薬師ギルママール
BS04-060	戦士グスタフ
BS04-061	戦闘獣ジャッカー
BS04-062	猿人モンゴクウ
BS04-063	二刀流のアムブローズ
BS04-064	ウガルルム
BS04-065	機織のハーフェレシテ
BS04-066	猫人アビシニア
BS04-067	ドラ・ゴレム
BS04-068	アイアン・ゴレム
BS04-069	幻影士のミラージ
BS04-070	戦闘獣ディアトリマー
BS04-071	スチーム・ゴレム
BS04-072	ラビラビ
BS04-073	海帝クラン・マラン
BS04-074	異合竜ハイドラス
BS04-075	伝説巨人ジュード
BS04-076	翼持つ者の空域
BS04-077	七龍帝の玉座
BS04-078	魔影街
BS04-079	王蛇の住処
BS04-080	旋風渦巻く渓谷
BS04-081	強者統べる大地
BS04-082	侵されざる聖域
BS04-083	鋼葉の樹林
BS04-084	奇跡の丘
BS04-085	魔力満ちる泉
BS04-086	古代闘技場
BS04-087	心臓破りの巨大坂
BS04-088	栄光の表彰台
BS04-089	グレートリンク
BS04-090	ニーベルングリング
BS04-091	ライトニングバリスタ
BS04-092	ドラゴンズラッシュ
BS04-093	ユーサネイジア
BS04-094	ダンスマカブル
BS04-095	ヴェノムショット
BS04-096	インフェルノアイズ
BS04-097	フォレストオーラ
BS04-098	フルアッド
BS04-099	グラウンドハウリング
BS04-100	ジャングルロウ
BS04-101	ミストカーテン
BS04-102	ドリームハンド
BS04-103	ハイエーテル
BS04-104	グラシアルブレス
BS04-105	トリックプランク
BS04-106	グリームホープ
BS04-107	ジャッジメントライツ
BS04-108	ストレートフラッシュ
BS04-109	スイッチヒッター
BS04-110	レッドウォール
BS04-111	マジックドリル
BS04-112	マッシブアップ
BS04-113	ネクサスリペアー
BS04-114	タイダルタイド
BS04-X13	魔龍帝ジークフリード
BS04-X14	魔界七将パンデミウム
BS04-X15	カイザーアトラス皇帝
BS04-X16	機動要塞キャッスル・ゴレム
BS05-001	ドラグノ爆弾兵
BS05-002	扇竜ソルデス
BS05-003	ディメトロドロン
BS05-004	妖狐キュービック
BS05-005	ワイアーム
BS05-006	城塞龍メガロン
BS05-007	真紅の竜使いロッソ
BS05-008	一角竜ヴォルスング
BS05-009	火龍王ボルケノス
BS05-010	サンドマン
BS05-011	レッドキャップ
BS05-012	メナシヘビ
BS05-013	ガストラス
BS05-014	悪戯妖精インプ
BS05-015	フォールンパラディン
BS05-016	吸血女王カーミラ
BS05-017	紫煙の竜使いヴァイオレット
BS05-018	魔界元帥ネガプルート
BS05-019	パイナッポポタマス
BS05-020	ポルック＆カスター
BS05-021	ゲンゴロン
BS05-022	水馬ケルピー
BS05-023	モスリーフ
BS05-024	用心棒アントマン
BS05-025	神樹ディオネアス
BS05-026	碧緑の竜使いグリューン
BS05-027	双剣虎ジェン・フー
BS05-028	アーメットクラブ
BS05-029	機人エムブラ
BS05-030	パントマイスター
BS05-031	銃騎士ヘビーバレル
BS05-032	珊瑚蟹シオマネキッド
BS05-033	巨人機ユミール
BS05-034	白亜の竜使いアルブス
BS05-035	魔神機ビッグ・ロキ
BS05-036	氷の魔女ヘル
BS05-037	天使クレイオ
BS05-038	シーサーズ
BS05-039	アサガオの妖精ナパルコ
BS05-040	プリンセス・スノーホワイト
BS05-041	アルカナファイター・カトル
BS05-042	天使長ソフィア
BS05-043	黄昏の竜使いフラウム
BS05-044	リトルナイト・ランスロット
BS05-045	ドワッフー・セブン
BS05-046	戦闘獣バビーバー
BS05-047	ブロンズ・ゴレム
BS05-048	合成恐竜ディノゾール
BS05-049	狼人ウルフィ
BS05-050	MCパンサー
BS05-051	巨人騎士アルダス
BS05-052	ミスリル・ゴレム
BS05-053	蒼海の竜使いアズール
BS05-054	鉄槌のオズワルド
BS05-055	紅蓮の虚空
BS05-056	最古龍の顎
BS05-057	藍紫の虚空
BS05-058	打ち棄てられた処刑場
BS05-059	緑眼の虚空
BS05-060	茨の決戦地
BS05-061	白夜の虚空
BS05-062	永久氷殿
BS05-063	黄道の虚空
BS05-064	ペンタン帝国
BS05-065	青嵐の虚空
BS05-066	天焦がす大聖火
BS05-067	ワーニングアタック
BS05-068	シンクロニシティ
BS05-069	トランスマイグレーション
BS05-070	ソウルクラッシュ
BS05-071	リアニメイト
BS05-072	アブソーブシンボル
BS05-073	ゴッドスピード
BS05-074	ブランチロック
BS05-075	ブレイブチャージ
BS05-076	エターナルシールド
BS05-077	クリスタルオーラ
BS05-078	アイシクルアサルト
BS05-079	スリーカード
BS05-080	コーラスバード
BS05-081	ネクサスブロケイド
BS05-082	サーキュラーソー・アーム
BS05-083	マジックスパナ
BS05-084	ポテンシャルパワー
BS05-X17	幻獣王リーン
BS05-X18	超獣王ベヒードス
BS05-X19	聖皇ジークフリーデン
BS05-X20	大甲帝デスタウロス
BS06-001	オヴィラプト
BS06-002	イグアナイフ
BS06-003	猛角獣ホーングリズリー
BS06-004	ドラグロン十人隊長
BS06-005	恐竜姫ジュラ
BS06-006	サーベカウラス
BS06-007	曲刀竜パラサウル
BS06-008	刀剣魚エスパーダ
BS06-009	雲刃竜ソードラグーン
BS06-010	戦斧のアポロディノス
BS06-011	鉄蠍竜スコルド・ゴラン
BS06-012	巨竜ギガノトン
BS06-013	ピジョンヘディレス
BS06-014	スモッグゴート
BS06-015	ストレイソウル
BS06-016	ブロンズメイデン
BS06-017	冥空士ブーネイ
BS06-018	人狼ルー・ガウル
BS06-019	冥楽士ムール
BS06-020	スカルゴイル
BS06-021	蛇后妃メドゥーサ
BS06-022	斬首刀のシャドウスライサー
BS06-023	闇司教バクルス
BS06-024	冥騎士アンドラー
BS06-025	メェ～ポン
BS06-026	カラカロッサム
BS06-027	ガゼルケイド
BS06-028	ガブノハシ
BS06-029	メイパロット
BS06-030	働きアントマン
BS06-031	ミツジャラシ
BS06-032	ウッディコング
BS06-033	ジャコビーノ男爵
BS06-034	鉄拳のカクタスガルー
BS06-035	ツクシンモア
BS06-036	牙王樹ラフレシオー
BS06-037	双子妖精フギン＆ムニン
BS06-038	センザンゴウ
BS06-039	浮遊魚モラモラー
BS06-040	薄氷の侍女長フッラ
BS06-041	鎧装獣アウドムラ
BS06-042	機海兵ゼーロイヴァー
BS06-043	盾機兵バルドル
BS06-044	レインディア
BS06-045	トンビュール
BS06-046	鍵鎚のヴァルグリンド
BS06-047	輝竜殿ブレイザブリク
BS06-048	銀狼皇ガグンラーズ
BS06-049	ピョリット
BS06-050	雪ん子イエティ
BS06-051	グレムリー
BS06-052	ヒナペンタン
BS06-053	レーザーパンダ
BS06-054	占いペンタン
BS06-055	コットン・キャンデル
BS06-056	細剣の猫騎士ケット・シー
BS06-057	アルカナキング・カール
BS06-058	アルカナナイト・ヘクス
BS06-059	賢獣アイベリックス
BS06-060	天使長ファニム
BS06-061	ドルフィーノ
BS06-062	戦闘獣ゾウウチ
BS06-063	造兵技師ガタン
BS06-064	マンティゴア
BS06-065	ブロック・ゴレム
BS06-066	力自慢のハンフリー
BS06-067	武器商人ゴロン・ガラン
BS06-068	軍師ショウジョウジ
BS06-069	ツァトゥグァ
BS06-070	爆砕巨人ダグラス
BS06-071	重槍のモーガン
BS06-072	大巨人エウリュトス
BS06-073	灼熱の谷
BS06-074	紅玉の火山弾
BS06-075	神鳴る霊峰
BS06-076	暴かれた墓石
BS06-077	冥府の深淵
BS06-078	魔帝の寝所
BS06-079	神葉樹の森
BS06-080	颶風高原
BS06-081	賢者の樹の実
BS06-082	無限なる軌道母艦
BS06-083	希望の大灯台
BS06-084	侵食されゆく尖塔
BS06-085	混迷する魔法実験場
BS06-086	開かれし魔導書
BS06-087	夢中漂う桃幻郷
BS06-088	計画された場外乱闘
BS06-089	鎖縛の武舞台
BS06-090	名誉ある御前試合
BS06-091	バスタージャベリン
BS06-092	エクスキャベーション
BS06-093	ライトニングオーラ
BS06-094	トライデントフレア
BS06-095	ベリアルドロー
BS06-096	レベルドレイン
BS06-097	ブラッディコフィン
BS06-098	カウンターカース
BS06-099	サベージパワー
BS06-100	ソーンプリズン
BS06-101	ミストラルコア
BS06-102	スピードスター
BS06-103	キャバルリー
BS06-104	アバランチオーラ
BS06-105	ホーリーエリクサー
BS06-106	ホワイトホール
BS06-107	セカンドサイト
BS06-108	ディスコンティニュー
BS06-109	アルカイックスマイル
BS06-110	イマジンフィールド
BS06-111	リクラメーション
BS06-112	マッスルチャージ
BS06-113	マキシマムブレイク
BS06-114	デモリッシュ
BS06-X21	激神皇カタストロフドラゴン
BS06-X22	魔界七将ベルゼビート
BS06-X23	天帝ホウオウガ
BS06-X24	鎧神機ヴァルハランス
BS07-001	レイニードル
BS07-002	翼竜人プテラディア
BS07-003	バジリザード
BS07-004	怒石竜ドラゴロック
BS07-005	天槍の勇者アーク
BS07-006	ラ・ディアブロード
BS07-007	ドラグロン占術師
BS07-008	重刀竜ブレイガザウラー
BS07-009	剣龍皇エクス・キャリバス
BS07-010	アシュタル
BS07-011	ネクロウ
BS07-012	プラズバット
BS07-013	魔札の占い師ディーシャ
BS07-014	天鎌の勇者ザンバ
BS07-015	ブリュナグオン
BS07-016	冥勇士デスカラビア
BS07-017	冥獣士ザブルガン
BS07-018	女教皇リル・サキュバス
BS07-019	スペアミンク
BS07-020	ガリーバー
BS07-021	天刃の勇者ヴォルザ
BS07-022	ブラックカラカロッサム
BS07-023	ラクダチョウ
BS07-024	デルファングス
BS07-025	草林の長老ブチ・エナジ
BS07-026	烈針獣マツノアラシ
BS07-027	突風侯爵コカトリーフ
BS07-028	機人ヴェルンド
BS07-029	キグナ・スワン
BS07-030	神機レーヴァテイン
BS07-031	天弓の勇者ウル
BS07-032	ヘイル・ガルフ
BS07-033	六花の司書長サーガ
BS07-034	デュラクダール
BS07-035	鋼翼魚オルカノン
BS07-036	大械獣ギガ・テリウム
BS07-037	ヒッポカンプー
BS07-038	桜の妖精オウカ
BS07-039	マカロニペンタン
BS07-040	百合の妖精ユリィ
BS07-041	天剣の勇者リュート
BS07-042	パオ・ペイール
BS07-043	女帝ペンプレス
BS07-044	天使長トロン
BS07-045	神帝獣スフィン・クロス
BS07-046	豹人ベルセルカス
BS07-047	海人アプカリール
BS07-048	シルバー・ゴレム
BS07-049	カノン・ゴレム
BS07-050	ガラドルグ
BS07-051	天斧の勇者カイオー
BS07-052	隼の剣士ファルコニア
BS07-053	アイランド・ゴレム
BS07-054	神凰兵フェニックス・ゴレム
BS07-055	流星群の夜空
BS07-056	隕石落下地点
BS07-057	腐りゆく湖沼
BS07-058	常闇の聖堂
BS07-059	大風車の丘
BS07-060	爪牙の奇岩遺跡
BS07-061	ゼンマイ平原
BS07-062	ブリシンガメンの首飾り
BS07-063	秘密の花園
BS07-064	聖なる命の泉
BS07-065	造兵工房
BS07-066	蹴撃の戦場跡
BS07-067	メテオフォール
BS07-068	フェラールスラッシュ
BS07-069	リボーンフレイム
BS07-070	ブラックリチュアル
BS07-071	ダーティフィスト
BS07-072	トゥーロンスラッシュ
BS07-073	ワールウィンド
BS07-074	ニードルショット
BS07-075	フォーディアスラッシュ
BS07-076	ダイヤモンドストライク
BS07-077	ライフセービング
BS07-078	マクラーンスラッシュ
BS07-079	ブルームフルート
BS07-080	ノーエントリー
BS07-081	ルナースラッシュ
BS07-082	ネクサスアタック
BS07-083	ウィリアンスラッシュ
BS07-084	アームズインパクト
BS07-X25	龍星皇メテオヴルム
BS07-X26	剣王獣ビャク・ガロウ
BS07-X27	大天使イスフィール
BS07-X28	巨人大帝アレクサンダー
BS08-001	ディノニクソー
BS08-002	プテラディア捕獲部隊
BS08-003	ダークアンキラーザウルス
BS08-004	恐竜人ティラノイド
BS08-005	闘将カタパルドス
BS08-006	雷帝竜騎レイブリッツ
BS08-007	火砕竜プロメテオーズ
BS08-008	黒皇龍ダークヴルム
BS08-009	関将龍皇ドラグロン
BS08-010	デモ・ボーン
BS08-011	冥狼士アーモン
BS08-012	ダークスカルデーモン
BS08-013	アンドレアルファス
BS08-014	冥将アマイモン
BS08-015	闇帝竜騎サブナ・ルーク
BS08-016	冥蛇士ボティス
BS08-017	骸蛇スカルピオーネ
BS08-018	暗黒騎士シュヴァルト
BS08-019	エメアントマン
BS08-020	ディオ・マンティス
BS08-021	ブラックアメンボーグ
BS08-022	マンゴース
BS08-023	ゲラン准将
BS08-024	陸帝竜騎ベスピニアー
BS08-025	女王アントレーヌ
BS08-026	超重甲蟲ゴライアース
BS08-027	輝虹翼戦士ジュエルグΣ
BS08-028	ランプスキッド
BS08-029	一角魚モノケロック
BS08-030	機人フィアラル
BS08-031	冥機グングニル
BS08-032	知将ゲンドリル
BS08-033	守護機獣スノパルド
BS08-034	空帝竜騎プラチナム
BS08-035	獣機合神セイ・ドリガン
BS08-036	機神獣インフェニット・ヴォルス
BS08-037	キキーモラ
BS08-038	猫娘アニー
BS08-039	ダークチュンポポ
BS08-040	天使オリフィア
BS08-041	犬将クー・シー
BS08-042	天使サラティ
BS08-043	光帝竜騎アルカナジョーカー
BS08-044	アルカナクィーン・パラス
BS08-045	勇者フェニックスペンタン
BS08-046	戦闘獣バビルーザ
BS08-047	豚人チョウハッカイ
BS08-048	ブラックウガルルム
BS08-049	獣司祭ガーネス
BS08-050	ボクルガー
BS08-051	古将ドグウ・ゴレム
BS08-052	海帝竜騎ヴァン・ソロミュー
BS08-053	夢想法師サンゾール
BS08-054	異神獣クトゥルム
BS08-055	竜騎集う円卓
BS08-056	太陽石の神殿
BS08-057	赤き砂の座
BS08-058	倒逆ピラミッド群
BS08-059	聖なる柱状彫刻
BS08-060	無限蟻の地底都市
BS08-061	共鳴する音叉の塔
BS08-062	超時空重力炉
BS08-063	勝者のグリーンフィールド
BS08-064	鳳翼の聖剣
BS08-065	五行寺院
BS08-066	海底に眠りし古代都市
BS08-067	ドラゴンスクランブル
BS08-068	メテオストーム
BS08-069	ジャッジメントフレア
BS08-070	ターンインフェルノ
BS08-071	ビクティム
BS08-072	マインドブレイク
BS08-073	ライトニングスピード
BS08-074	スナイピングブラスト
BS08-075	ダークパワー
BS08-076	アンブッシュブロッカー
BS08-077	インフィニティシールド
BS08-078	デストラクションバリア
BS08-079	キャッツアイ
BS08-080	マジックミラー
BS08-081	ロイヤルストレートフラッシュ
BS08-082	グロウアップ
BS08-083	ブレイクバースト
BS08-084	キマイラアサルト
BS08-X29	魔帝龍騎ダーク・クリムゾン
BS08-X30	魔界七将アスモディオス
BS08-X31	ブラックタウロス大王
BS08-X32	翼神機グラン・ウォーデン
BS08-X33	堕天使ミカファール
BS08-X34	神造巨兵オリハルコン・ゴレム
BS09-001	ヨロイリザドン
BS09-002	フタバニア
BS09-003	角竜人ドラケン
BS09-004	吸血竜ワイバット
BS09-005	銀河竜アンドロメテオス
BS09-006	蛇竜キング・ゴルゴー
BS09-007	激獣クルーガー
BS09-008	炎皇帝アグニフォン
BS09-009	烈火の勇者皇アーク
BS09-010	キツネービ
BS09-011	盾騎士ガードナー
BS09-012	ボーギー
BS09-013	ミミズクロ
BS09-014	闇騎士ボールス
BS09-015	獄獣ガシャベルス
BS09-016	闇騎士モルドレッド
BS09-017	蛇凰神バァラル
BS09-018	暗空の勇者皇ザンバ
BS09-019	オオクチバ
BS09-020	ヤミヤンマ
BS09-021	武士インパラー
BS09-022	ミノバ子爵
BS09-023	要塞蟲ラルバ
BS09-024	巨角城エラスモス
BS09-025	忍者サルトベ
BS09-026	軍艦長ドレッドノート
BS09-027	密林の勇者皇ヴォルザ
BS09-028	機人ガラール
BS09-029	鎧装獣オオヅチ
BS09-030	白銀の守護者リン
BS09-031	守護巨獣ガラパーゾ
BS09-032	飛鋼獣ゲイル・フォッカー
BS09-033	槍戦騎ガウト
BS09-034	風花の戦乙女グナ
BS09-035	巨獣皇スミドロード
BS09-036	氷雪の勇者皇ウル
BS09-037	プーカ
BS09-038	スズランの妖精ティンカ
BS09-039	探偵ペンタン
BS09-040	イワザール
BS09-041	アスピドケルン
BS09-042	妖精騎士ピーター
BS09-043	クロックダイル
BS09-044	妖精の姫巫女ハマ・ドリュアス
BS09-045	光輝の勇者皇リュート
BS09-046	門番アルパーカー
BS09-047	鮫人サンゴジョー
BS09-048	爆獣ボナコーン
BS09-049	炎蜥蜴クトゥグマ
BS09-050	歌姫カナリー
BS09-051	竜鎧の巨人オージアス
BS09-052	フォレスト・ゴレム
BS09-053	鍛冶王サイク・ブロス
BS09-054	蒼嵐の勇者皇カイオー
BS09-055	転生の谷
BS09-056	星創られし場所
BS09-057	影潜む時計台
BS09-058	魔本収められし書架
BS09-059	翡翠の社
BS09-060	緑翼の大樹
BS09-061	巨獣守りし神域
BS09-062	ノルンの泉
BS09-063	花の宮殿
BS09-064	天駆ける方舟
BS09-065	名工集いし大工房
BS09-066	目覚める要塞城
BS09-067	ビッグバンエナジー
BS09-068	ランドマイン
BS09-069	フレイムガスト
BS09-070	エリミネイション
BS09-071	イモータルドロー
BS09-072	シャドウブレイド
BS09-073	オンザエッジ
BS09-074	フォレストチャージ
BS09-075	ウィンドシアー
BS09-076	エマージェンシー
BS09-077	アイスバーグ
BS09-078	ヒーリングサークル
BS09-079	キャラクターロスト
BS09-080	エグゾーストネクサス
BS09-081	サマーソルトターン
BS09-082	トランスフォーメーション
BS09-083	ブレシングコア
BS09-084	ドラゴニックハウル
BS09-X35	超神星龍ジークヴルム・ノヴァ
BS09-X36	魔界七将ベルドゴール
BS09-X37	終焉の騎神ラグナ・ロック
BS09-X38	要塞騎神オーディーンType-X
BS09-X39	魔導女皇アンブロシウス
BS09-X40	凶悪巨人タイタス・ザ・ブラック
BS10-001	シャムシーザー
BS10-002	首長竜人ブラッキオ
BS10-003	シュリケラプトル
BS10-004	ユースエディア
BS10-005	ディロフォーザ
BS10-006	ヤシウム
BS10-007	デュアルド
BS10-008	火星神龍アレス・ドラグーン
BS10-009	トルネードラ
BS10-010	覇竜ヴァンダライザー
BS10-011	オニグモン
BS10-012	アントイーター
BS10-013	魔法剣士ドラゴナーガ
BS10-014	闇騎士マリス
BS10-015	ローガン
BS10-016	ジョー・サイス
BS10-017	冥銃士ガイム
BS10-018	エル・クラーケン
BS10-019	土星神龍クロノ・ボロス
BS10-020	大水蛇ハイドロゲン
BS10-021	モスピード
BS10-022	ムシャゼミ
BS10-023	ラッキーウィ
BS10-024	カモメーヴェ
BS10-025	ヘラジグサ
BS10-026	老兵ノーガン
BS10-027	若武者ウンピョル
BS10-028	マタンゴル
BS10-029	木星神龍ノブナガード・ゼウシス
BS10-030	将軍アントマン
BS10-031	ジャンガリー
BS10-032	ガドファント
BS10-033	ノーザンベアード
BS10-034	鎧装獣キマイロン
BS10-035	樹氷の女神エイル
BS10-036	水晶魚クリスティール
BS10-037	エンペラドール
BS10-038	黒槍機ボルヴェルグ
BS10-039	ビアンコ・ティーガー
BS10-040	空母鯨ホーゲール
BS10-041	ティン・ソルジャー
BS10-042	カラドリアス
BS10-043	キカザール
BS10-044	森の妖精ペンタン
BS10-045	闇魔女サブリナ
BS10-046	龍仙公主
BS10-047	赤ずきん妖精ルージュ
BS10-048	天使パワー
BS10-049	妖精神官アンドロメダ
BS10-050	雷神獣ヌエ
BS10-051	戦闘獣ライギャロップ
BS10-052	木こりのゴブリ・ゴブリ
BS10-053	守護神バートラム
BS10-054	ロコモ・ゴレム
BS10-055	グラーキー
BS10-056	蒼天大聖モンゴクウ
BS10-057	鹿人ディアルド
BS10-058	水星神龍メルクリウス・サーペント
BS10-059	フォート・ゴレム
BS10-060	巨人猟兵オライオン
BS10-061	剣鎧竜バスター・ドラゴン
BS10-062	砲凰竜フェニック・キャノン
BS10-063	飛槍獣バリ・スター
BS10-064	骸戦車ゲパルバート
BS10-065	ヘッジボルグ
BS10-066	騎士王蛇ペンドラゴン
BS10-067	からくり犬シバ
BS10-068	ビーム・ビートル
BS10-069	千刀鳥カクレイン
BS10-070	鎧馬アルファズル
BS10-071	フェンリルキャノンType-B
BS10-072	セイバーシャーク
BS10-073	エンジェドール
BS10-074	きぐるみクマッター
BS10-075	オニユリン
BS10-076	バズーカ・アームズ
BS10-077	ギョクリューン
BS10-078	聖鎧獣アメミード
BS10-079	そびえる机山群
BS10-080	炎の結晶石
BS10-081	戦星燃ゆる渓谷
BS10-082	六分儀天文台
BS10-083	魔星輝く古戦場
BS10-084	虚実の口
BS10-085	浮遊する岩塊
BS10-086	巨星望む大樹
BS10-087	戦場に息づく命
BS10-088	天貫く塔の城
BS10-089	月照す氷結湖
BS10-090	空中珊瑚礁
BS10-091	シャボンの湖畔
BS10-092	明星きらめく花園
BS10-093	時刻む花時計
BS10-094	未完成の古代戦艦：竜骨
BS10-095	俊星流れるコロッセオ
BS10-096	最後の優勝旗
BS10-097	ブレイヴオーラ
BS10-098	リバイヴドロー
BS10-099	サザンクロスフレイム
BS10-100	ブレイヴセメタリー
BS10-101	ハングドマン
BS10-102	コアスティール
BS10-103	グロウイングソード
BS10-104	トライアングルトラップ
BS10-105	ライフチャージ
BS10-106	プロテクトオーラ
BS10-107	サイレントロック
BS10-108	ルナティックシール
BS10-109	シャイニングアロー
BS10-110	ノックアウト
BS10-111	ハンドタイフーン
BS10-112	ネクサスエクステンション
BS10-113	オリオンパワー
BS10-114	エリダヌスフラッド
BS10-X01	幻羅星龍ガイ・アスラ
BS10-X02	双魚賊神ピスケガレオン
BS10-X03	巨蟹武神キャンサード
BS10-X04	月光龍ストライク・ジークヴルム
BS10-X05	堕天神龍ヴィーナ・ルシファー
BS10-X06	天蠍神騎スコル・スピア
BS11-001	ボルガメス
BS11-002	コメットワイアーム
BS11-003	アクゥイラム
BS11-004	プロミネンスワイバーン
BS11-005	頭竜人パキケファロン
BS11-006	獅龍皇子レオグルス
BS11-007	輝龍皇ヘリオスドラゴン
BS11-008	爆竜ドラゴニックベアード
BS11-009	スモークロコ
BS11-010	闇騎士ガヘリス
BS11-011	フライスカル
BS11-012	冥鎧士ゼパル
BS11-013	グラシャハウンド
BS11-014	切り裂き姫アゼイリア
BS11-015	冥王神獣インフェルド・ハデス
BS11-016	邪眼皇ゼナス
BS11-017	ムシャツバメ
BS11-018	ヤクヤナギ
BS11-019	ダンデラビット
BS11-020	陰陽ヤマセミ
BS11-021	ゴクラクチョー
BS11-022	ウルビー
BS11-023	トーテムオウル
BS11-024	武神鳥バーディ・ケンシン
BS11-025	カルガモード
BS11-026	サウザンニードル
BS11-027	海戦機ニヨルド
BS11-028	鳥人機フレスヴェルガー
BS11-029	ストリームオッター
BS11-030	ドルフィング
BS11-031	ワルキューレ・ミスト
BS11-032	天王神獣スレイ・ウラノス
BS11-033	ニジノコ
BS11-034	星馬コルット
BS11-035	物作りの妖精レプラ
BS11-036	冥土の魔女ヘレン
BS11-037	ヒポグリフィー
BS11-038	天星馬ペガシーダ
BS11-039	天使ティアエル
BS11-040	神獣ヒキュー
BS11-041	クレイ・ゴレム
BS11-042	海賊ラッコルセア
BS11-043	タワー・ゴレム
BS11-044	シェル・ゴレム
BS11-045	MCギンガー
BS11-046	轟腕のトドン
BS11-047	海王神獣トライ・ポセイドス
BS11-048	ケンタウロス・ゴレム
BS11-049	ジャンビ・オレピス
BS11-050	激爪竜パワード・タスカー
BS11-051	イビル・フィッシャー
BS11-052	魔銃ヴェスパー
BS11-053	カーミュラ1
BS11-054	武槍鳥スピニード・ハヤト
BS11-055	ジャノメ・シールダー
BS11-056	極星剣機ポーラ・キャリバー
BS11-057	バタホルン
BS11-058	神弓鳥ペリュトーン
BS11-059	レチクル・アームズ
BS11-060	雷神砲カノン・アームズ
BS11-061	星の祭壇
BS11-062	オールトの竜巣
BS11-063	終末描かれしキャンバス
BS11-064	闇の聖剣
BS11-065	満天の牧草地
BS11-066	発見されし世界樹
BS11-067	白き楯の長城
BS11-068	清浄なる天の川
BS11-069	黄金の鐘楼
BS11-070	彷徨う無重力島
BS11-071	柱岩の海上都市
BS11-072	未完成の古代戦艦：船尾
BS11-073	バスターハンマー
BS11-074	ソーラーブレイカー
BS11-075	トーテンタンツ
BS11-076	シェアリングペイン
BS11-077	スタークレイドル
BS11-078	ブレイヴフラッシュ
BS11-079	リブートコード
BS11-080	デルタバリア
BS11-081	ライトニングデリバリー
BS11-082	ウィッグバインド
BS11-083	レッドボイス
BS11-084	ソリッドボディー
BS11-X01	太陽神龍ライジング・アポロドラゴン
BS11-X02	滅神星龍ダークヴルム・ノヴァ
BS11-X03	星騎士ハーキュリーΩ
BS11-X04	宝瓶神機アクア・エリシオン
BS11-X05	魔導双神ジェミナイズ
BS11-X06	天秤造神リブラ・ゴレム
BS12-001	ヴェロキ・ハルパー
BS12-002	ズンガリープ
BS12-003	鎧竜人ガストン
BS12-004	ドラゴン・フェゼント
BS12-005	星角獣ユニゴーント
BS12-006	竜拳士アルディ・バロン
BS12-007	炎星神龍マルス・ドラグーン
BS12-008	グランド・ドラグキャッスル
BS12-009	ソードール
BS12-010	ガガモス
BS12-011	ミイラバード
BS12-012	戦車皇ディルガン
BS12-013	闇騎士ケイ
BS12-014	骸騎士ヴェリアム
BS12-015	冥王神龍クロノ・ハデス
BS12-016	骸巨人ギ・ガッシャ
BS12-017	カンシャクコロガシ
BS12-018	ジャコネズ
BS12-019	くノ一ジョロウ
BS12-020	一番槍のシベルザ
BS12-021	コジュウ・カマキロウ
BS12-022	太陽武者ゲンジ・ボルタ
BS12-023	忍仙人ウドウ
BS12-024	木星魔龍ノブナガード・ゼクスト
BS12-025	ザニーガン
BS12-026	ウリボーグ
BS12-027	近衛機クリザンテMk-VIII
BS12-028	セイルフィッシュ
BS12-029	氷の淑女スノトラ
BS12-030	機人フォルセティ
BS12-031	メカニフォン
BS12-032	蹴激皇ヴィーザル
BS12-033	コグマル
BS12-034	天文学者ペンタン
BS12-035	オリンピアの天使フル
BS12-036	星犬ポメラン
BS12-037	オリンピアの天使ベトール
BS12-038	オリンピアの天使ファレグ
BS12-039	導化姫トリックスター
BS12-040	天王神龍スレイ・カエルス
BS12-041	スタッガー
BS12-042	ヒノキ・ゴレム
BS12-043	大地の狩人コンドラッド
BS12-044	シュモンゴ
BS12-045	黒獣王ケフェウス
BS12-046	ナタ・ゴレム
BS12-047	海王神龍トライ・メルクリウス
BS12-048	キャプテン・オルカード
BS12-049	アンフィスバエナー
BS12-050	突機竜アーケランサー
BS12-051	鎧骨殻ボーン・ローダー
BS12-052	デス・ヘイズ
BS12-053	オオヅツナナフシ
BS12-054	マネキキャット
BS12-055	ゲッコ・グライダー
BS12-056	ジェット・レイ
BS12-057	ハイドランディア
BS12-058	神聖鳥サンダ・バード
BS12-059	ショゴルス
BS12-060	バルカン・アームズ
BS12-061	剣の誕生地
BS12-062	白煙の大山脈
BS12-063	旅団の摩天楼
BS12-064	偶像の館
BS12-065	大樹茂る天守閣
BS12-066	巨木の門
BS12-067	月光集める塔
BS12-068	光の聖剣
BS12-069	定規山脈
BS12-070	天の階
BS12-071	未完成の古代戦艦：帆
BS12-072	海賊王の秘宝島
BS12-073	ネクサスコラプス
BS12-074	スターリードロー
BS12-075	ボオーテスコール
BS12-076	ブレイヴブレイク
BS12-077	インセクトオーラ
BS12-078	カシオペアシール
BS12-079	アブソリュートストライク
BS12-080	バキュームシンボル
BS12-081	メロディアスハープ
BS12-082	セブンスヘヴン
BS12-083	マジックランプ
BS12-084	マーキュリーゴブレット
BS12-X01	金牛龍神ドラゴニック・タウラス
BS12-X02	魔羯邪神シュタイン・ボルグ
BS12-X03	独眼武神マンティクス・マサムネ
BS12-X04	月光神龍ルナテック・ストライクヴルム
BS12-X05	戦神乙女ヴィエルジェ
BS12-X06	海賊王レヴィアダン
BS13-001	ヒクイック
BS13-002	鎧竜人アンキロング
BS13-003	カメレオプス
BS13-004	フォボス・ドラグーン
BS13-005	強暴竜ディラノ・レックス
BS13-006	炎獣ファイオリック
BS13-007	豹竜パンドランサー
BS13-008	恐竜王メガロ・ザウル
BS13-009	ケムリス
BS13-010	スカルザード
BS13-011	暗殺者ドラゴナーガ
BS13-012	ジャイナガン
BS13-013	スカリオン
BS13-014	闇騎士アグラヴェイン
BS13-015	冥総裁ハーゲン
BS13-016	呪王ドラゴナーガ
BS13-017	アナグマ・コスケ
BS13-018	モッズ
BS13-019	コロコーン
BS13-020	ブッシュベイベ
BS13-021	サイゾロング
BS13-022	ヤン・オーガ
BS13-023	マウンテン・セイカイ
BS13-024	武神獣ディアル・ユキムラ
BS13-025	アンモナイツ
BS13-026	キグナ・スワンMk-II
BS13-027	ムーンショウウオ
BS13-028	誓約の女神ヴァール
BS13-029	剣馬グラニム
BS13-030	リーサルウェポンドラゴン
BS13-031	虹竜アウローリア
BS13-032	光速の騎士ヘルモード
BS13-033	ノックンモール
BS13-034	ミノガメン
BS13-035	オリンピアの天使オク
BS13-036	星鳥クージャ
BS13-037	皇子ペンタン
BS13-038	魔女タランダ
BS13-039	神獣バーロン
BS13-040	金星神龍ヴィーナ・フェーザー
BS13-041	チョーター
BS13-042	ナイト・ゴーン
BS13-043	鳥人イカロッシュ
BS13-044	吟遊詩人のオルフェ
BS13-045	巨人船長イアソン
BS13-046	シャンターグ
BS13-047	深海大帝ノーグ・デンス
BS13-048	古代戦艦アルゴ・ゴレム
BS13-049	イリテバン
BS13-050	輝竜シャイン・ブレイザー
BS13-051	ズガネーク
BS13-052	イビルグライダー
BS13-053	モクバオー
BS13-054	ヒョウ・カッチュー
BS13-055	重装合体シールド・ドラゴンMk-II
BS13-056	ホーク・ブレイカー
BS13-057	ポッポール
BS13-058	シユウ
BS13-059	フォビッド・バルチャー
BS13-060	トレス・ベルーガ
BS13-061	戴冠する活火山
BS13-062	光り輝く大銀河
BS13-063	血塗られた魔具
BS13-064	蛇教徒の宮殿
BS13-065	八分儀の祠
BS13-066	生命司る大樹
BS13-067	光導く巨塔
BS13-068	遥かなる衛星砲
BS13-069	星空のコンサートホール
BS13-070	星宿の障壁
BS13-071	巨人港
BS13-072	未完成の古代戦艦：羅針盤
BS13-073	バーニングサン
BS13-074	ゾディアックコンダクト
BS13-075	スネイクスレイヴ
BS13-076	アサシネイト
BS13-077	ブリーズライド
BS13-078	ネバーギブアップ
BS13-079	ヴァニシングデイ
BS13-080	クレッセントハウリング
BS13-081	ドリームシール
BS13-082	ペガサスフラップ
BS13-083	ギャラクシーエターナルレクイエム
BS13-084	アルゴアタック
BS13-X01	光龍騎神サジット・アポロドラゴン
BS13-X02	蛇皇神帝アスクレピオーズ
BS13-X03	白羊樹神セフィロ・アリエス
BS13-X04	獅機龍神ストライクヴルム・レオ
BS13-X05	麒麟星獣リーン
BS13-X06	巨人勇者ペルセウス
BS14-001	リュザード
BS14-002	カキューソ
BS14-003	スカートゥース
BS14-004	レッサー・ドラグサウルス
BS14-005	ヒノシシ
BS14-006	キング・ゴラドン
BS14-007	カグツチドラグーン
BS14-008	ペンタケラトップ
BS14-009	ウォーリアー・ドラゴン
BS14-010	皇牙獣キンタローグ・ベアー
BS14-011	焔竜魔皇マ・グー
BS14-012	ストロゥ・パペット
BS14-013	はぐれシャ・ズー
BS14-014	ラヴォラス
BS14-015	トウダー
BS14-016	シキツル
BS14-017	煙狼ノロシ
BS14-018	ボース・ハンズ
BS14-019	シュテン・ドーガ
BS14-020	ナスノ・アーチャー
BS14-021	不紫鳥フォグニクス
BS14-022	幻双龍シェイロン
BS14-023	カッチュウムシ
BS14-024	ツチピッグ
BS14-025	ムシャメガ
BS14-026	タマムッシュ
BS14-027	モンシロラン
BS14-028	ルリルリ
BS14-029	ムシャ・ジオ
BS14-030	グラント・ベンケイ
BS14-031	ムシャ・エイプウィップ
BS14-032	ヤツノカンゾウ
BS14-033	霊樹の守り神ブランボアー
BS14-034	スリー・レッガー
BS14-035	ラクーンガード
BS14-036	アイスメイデンMk-II
BS14-037	エゾノ・アウル
BS14-038	弓機兵ヴァーリ
BS14-039	ミブロック・ソルジャー
BS14-040	勇機リュードロイド
BS14-041	バスター・フェンリルキャノン
BS14-042	鉄の機人モージ
BS14-043	月光姫マーニ
BS14-044	氷河竜グレイセウス
BS14-045	ゴリスタル
BS14-046	パム
BS14-047	マルティウサギ
BS14-048	アゲハ妖精ナミ
BS14-049	執事ペンタン
BS14-050	エアレイ
BS14-051	アルカナビーストクィーン
BS14-052	タマモノイン
BS14-053	オリンピアの天使ハギト
BS14-054	天使長エンジュ
BS14-055	ミスティック・ヒミコ
BS14-056	チャコペッカ
BS14-057	ディープフィッシャー
BS14-058	闘犬獣サイドロープ
BS14-059	リペアリング・セーラス
BS14-060	ティンダロ・ハウンド
BS14-061	ヤギュード・ジューベイ
BS14-062	ロック・ゴレム・カスタム
BS14-063	クエレブレイ
BS14-064	レボルシング・ゼヨン
BS14-065	クロフネ・ゴレム
BS14-066	虎拳聖タイガ
BS14-067	ラギアン
BS14-068	ストラスト
BS14-069	タランチュー
BS14-070	ダイヤドカリ
BS14-071	トランプン
BS14-072	グランガッチ
BS14-073	赤き前方後円墳
BS14-074	千識の渓谷
BS14-075	焔竜の城塞都市
BS14-076	五芒星の城
BS14-077	骸の斜塔
BS14-078	幽鬼集う廃都
BS14-079	緑の五条橋
BS14-080	神代の森
BS14-081	神樹の切り株都市
BS14-082	五角形の砦
BS14-083	氷結した瀑布
BS14-084	永久凍土の王都
BS14-085	賛美するパイプオルガン
BS14-086	運命のルーレット
BS14-087	ペンタン帝国：帝都アンプルール
BS14-088	青玉の巨大迷宮
BS14-089	爆発する海底火山
BS14-090	勇壮なる船上都市
BS14-091	双光気弾
BS14-092	烈光閃刃
BS14-093	リベレイションオーラ
BS14-094	天翔龍神覇
BS14-095	紫魂葬
BS14-096	冥皇封滅呪
BS14-097	刹那残影弓
BS14-098	ダークリボーン
BS14-099	武迅衝
BS14-100	ストームアタック
BS14-101	仁王壁
BS14-102	烈風神空覇
BS14-103	幻影氷結晶
BS14-104	ドリームスパイラル
BS14-105	氷河零刀斬
BS14-106	リカバードコア
BS14-107	夢幻祈祷
BS14-108	マジカルライト
BS14-109	アルターミラージュ
BS14-110	天災之禍風
BS14-111	エクスキューションデストロイ
BS14-112	封渦斬
BS14-113	退魔絶刀角
BS14-114	雷神轟招来
BS14-X01	龍の覇王ジーク・ヤマト・フリード
BS14-X02	呪の覇王カオティック・セイメイ
BS14-X03	風の覇王ドルクス・ウシワカ
BS14-X04	氷の覇王ミブロック・バラガン
BS14-X05	神獣鳥アン・ズール
BS14-X06	千貌の魔神ニャルラ・トラップ
BS15-001	タッチベット・モンキ
BS15-002	ピグミゲーター
BS15-003	ファイアファンサウル
BS15-004	ハンゾウ・シノビ・ドラゴン
BS15-005	虚獣チャンプボンゴル
BS15-006	ゴルホーン・イーグル
BS15-007	ゼニス・ドラグーン
BS15-008	パラディン・ドラゴン
BS15-009	虚龍帝カタストロフドラゴン
BS15-010	ガスガエル
BS15-011	ミーアバット
BS15-012	ワーウルフ・コマンド
BS15-013	エレフォッグ
BS15-014	冥虚獣イボス
BS15-015	吸血令嬢エサルフリーダ
BS15-016	闇騎士ガウェイン
BS15-017	エンプレス・ヨウクィーン
BS15-018	霊獣皇テン・クー
BS15-019	ダル・イーグル
BS15-020	パンダル
BS15-021	虚兵アオイ・スビン
BS15-022	アナグマッド・デビル
BS15-023	タケノ・サイガー
BS15-024	グアン・チョーウン
BS15-025	カヒョウトン
BS15-026	軍師鳥ショカツリョー
BS15-027	虚天帝ホウオウガ
BS15-028	フェネボラック
BS15-029	ズガニ
BS15-030	愛の女神ロヴン
BS15-031	虚獣グラスベア
BS15-032	スノーフレイクン
BS15-033	キマイラ・デブリ
BS15-034	ミブロック・ジーナス
BS15-035	軍神機メガ・テュール
BS15-036	虚械帝インフェニット・ヴォルス
BS15-037	クダギツネン
BS15-038	アルカナビースト・ジャック
BS15-039	僧侶ペンタン
BS15-040	ネコマーダ
BS15-041	天使リユイエル
BS15-042	オリンピアの天使アラトロン
BS15-043	ショーグンペンタン
BS15-044	天使サクエル
BS15-045	虚獣帝スフィン・クロス
BS15-046	ランマー・ゴレム
BS15-047	パンクマウス
BS15-048	釣り仙人ジゴロウ
BS15-049	ツンドッグ・ゴレム
BS15-050	グレネード・ゴレム
BS15-051	虚海獣エメヒドラル
BS15-052	天蒼元帥チョウハッカイ
BS15-053	コジロンド・ゴレム
BS15-054	虚造帝フェニックス・ゴレム
BS15-055	マタドーラ
BS15-056	ナイト・アノール
BS15-057	カメン・フクロウ
BS15-058	ダブル・キャメル
BS15-059	スターハム
BS15-060	バンディット・アームズ
BS15-061	幼竜の揺り籠
BS15-062	決戦の巌龍島
BS15-063	吊られた古城
BS15-064	冥府へ続く魔門
BS15-065	大河と絶壁
BS15-066	廃寺の無限階段
BS15-067	雪の結晶樹
BS15-068	要塞都市ナウマンシティー
BS15-069	太陰の宮廷
BS15-070	風吹くロリポップ高地
BS15-071	巨人の足跡湖
BS15-072	渦巻く大海峡
BS15-073	五輪転生炎
BS15-074	三札之術
BS15-075	ブラッディロンド
BS15-076	妖華吸血爪
BS15-077	ヒートライド
BS15-078	飛雷震之計
BS15-079	プロボケイション
BS15-080	光速三段突
BS15-081	ローヤルバイブル
BS15-082	神閃月下
BS15-083	秘剣燕返
BS15-084	爆砕轟神掌
BS15-X01	刀の覇王ムサシード・アシュライガー
BS15-X02	虚皇帝ネザード・バァラル
BS15-X03	鳥武帝スザクロス・ソウソー
BS15-X04	機獣要塞ナウマンガルド
BS15-X05	光の覇王ルナアーク・カグヤ
BS15-X06	鉄の覇王サイゴード・ゴレム
BS16-001	ノデッポ
BS16-002	パイルドラコ
BS16-003	カマパゴス
BS16-004	アシガリュー
BS16-005	ゴエモン・シーフ・ドラゴン
BS16-006	アーチャー・ドラゴン
BS16-007	オーガ・ドラゴン
BS16-008	ダークナイト・ドラゴン
BS16-009	爬獣使い百地ダイル
BS16-010	骨鹿
BS16-011	銀狼角
BS16-012	金狐角
BS16-013	闇騎士フローレンス
BS16-014	オカピエン
BS16-015	骨孩児
BS16-016	ボアトリクター
BS16-017	黄煙虎
BS16-018	太骨望
BS16-019	ヤナドクガー
BS16-020	ゾウガオムシ
BS16-021	ノウゼンサーバル
BS16-022	マー・バチョウ
BS16-023	コノハズクロー
BS16-024	バーバリ・チョウヒ
BS16-025	タランドーズ
BS16-026	クマタカンウ
BS16-027	コーカサス・リョフ・ビートル
BS16-028	フロウ・ザッコ
BS16-029	ミブロック・パトロール
BS16-030	セリザワンド・ダック
BS16-031	ジル・ド・レ
BS16-032	ラ・イール
BS16-033	ミブロック・ザ・ワン
BS16-034	ブロンタール
BS16-035	樹氷竜シルバー・ライム
BS16-036	氷聖女ジャンヌダルク
BS16-037	ブレーペンタンの音楽隊
BS16-038	クラブソーサラー・スケアクロウ
BS16-039	グリムの天使ラプンツェル
BS16-040	ハートナイト・ティン
BS16-041	グリムの天使赤ずきん
BS16-042	グリムの天使シンデレラ
BS16-043	スペードビースト・レオ
BS16-044	ダイヤプリンセス・ドロシー
BS16-045	オリンピアの天使長オフィエル
BS16-046	サケビバード
BS16-047	警備兵パグ
BS16-048	グガランナー
BS16-049	フンババー
BS16-050	ガイメイル・ヒドラ
BS16-051	シュドーメル
BS16-052	エンキドゥ・ゴレム
BS16-053	イルルヤンカッシュ
BS16-054	古の獣王ギルガメシュ
BS16-055	アームストロンガー
BS16-056	シフゲイター
BS16-057	コテツ・ティーガー
BS16-058	サテライド・バード
BS16-059	カイメイジュー
BS16-060	テクノヒュード
BS16-061	暗雲射す鬼ヶ島
BS16-062	天下眺める絶景門
BS16-063	釣魂台
BS16-064	宙吊りの五行山
BS16-065	誓いの桃園
BS16-066	浮遊関
BS16-067	氷聖女の塔
BS16-068	イ・ケダヤンの階段山脈
BS16-069	セブンブリッジ
BS16-070	創造の原典
BS16-071	海の主を祭る島
BS16-072	二つの川に挟まれた王国
BS16-073	アグレッシブレイジ
BS16-074	爆覇炎神剣
BS16-075	スケープゴート
BS16-076	打神鞭
BS16-077	タフネスリカバリー
BS16-078	翔烈降臨
BS16-079	ムーンボウクローク
BS16-080	次元断
BS16-081	マジック・オブ・オズ
BS16-082	マギアゲフリュスター
BS16-083	クラッシュ・ザ・バビロン
BS16-084	エグゾーステッドガード
BS16-X01	爆炎の覇王ロード・ドラゴン・バゼル
BS16-X02	牛骨魔王
BS16-X03	烈の覇王セイリュービ
BS16-X04	魁の覇王ミブロック・ブレイヴァー
BS16-X05	アルカナマスター・オズ
BS16-X06	霊峰魔龍ヤマタノヒドラ
BS17-001	バリ・バーン
BS17-002	フェンサー・ドラゴン
BS17-003	アルジュナス
BS17-004	リュー・ラーダー
BS17-005	ドラグ・クリシュナー
BS17-006	ツクヨミドラグーン
BS17-007	ヴァジュランガ
BS17-008	紅玉の巨龍ボルガンド
BS17-009	ソードマスター・ドラゴン
BS17-010	マッドーロ
BS17-011	キャメロット・ナイト
BS17-012	闇騎士アグロヴァル
BS17-013	スモックジラ
BS17-014	チェーンバイパー
BS17-015	闇騎士パロミデス
BS17-016	闇騎士ランスロット
BS17-017	冥天獣フル・フール
BS17-018	紫晶の大蛇ザウム
BS17-019	テリムック
BS17-020	ジラッフィー
BS17-021	ピクシーファルコ
BS17-022	ターザニア・グレート
BS17-023	ジェーンバード
BS17-024	エレステラ
BS17-025	ライ・シュウユ
BS17-026	ジャドバルジャー
BS17-027	翠玉の怪鳥アルディード
BS17-028	ストリーム・カリブー
BS17-029	リトル・ビッケン
BS17-030	トドール
BS17-031	豊穣の女神ゲフィオン
BS17-032	ヴァイキング・レイヴ
BS17-033	レールガンフィッシュ
BS17-034	レッド・エイリーク
BS17-035	金剛戦艦ドレッドノーグ
BS17-036	キング・ハーラル
BS17-037	カピッパ
BS17-038	カルミオン・キャット
BS17-039	イラス・バード
BS17-040	呪術士リオ
BS17-041	天使グレイエル
BS17-042	アマゾネス・ガール
BS17-043	神獣セグー
BS17-044	アマゾネス・クィーン
BS17-045	黄玉の女王フェルネイト
BS17-046	オリクス盗賊団
BS17-047	戦獣キャメルーン
BS17-048	熊人ラーテシード
BS17-049	ロック・アラディン
BS17-050	ランテゴス
BS17-051	豹人アリババ
BS17-052	アラビアン騎士シンド・バード
BS17-053	青玉の海竜シュトロドーム
BS17-054	マジン・ゴレム
BS17-055	ヤサカニ・ウィング
BS17-056	アロンダイザー
BS17-057	ギョクジーグ
BS17-058	オーセベリング
BS17-059	ホルス・ジェッター
BS17-060	ジン・アームズ
BS17-061	神焔の高天ヶ原
BS17-062	彷徨う天空寺院
BS17-063	黒き聖杯
BS17-064	死者の湖
BS17-065	獣の楽園
BS17-066	聖者の樹の実
BS17-067	凍えるフィヨルド
BS17-068	最果ての大地
BS17-069	輝く三連王墓
BS17-070	密林の秘境都市
BS17-071	開かれた岩扉
BS17-072	願い叶えるランプ
BS17-073	アーダーフレイム
BS17-074	殲剣火炎陣
BS17-075	ストラングルフォッグ
BS17-076	ラウンドテーブルナイツ
BS17-077	ワイルドウィング
BS17-078	ウォークライ
BS17-079	フリージングパリィ
BS17-080	クヴェルドウールヴ
BS17-081	ネフェルウアーブ
BS17-082	リバーシブルスパーク
BS17-083	アブラカダブラ
BS17-084	トライアングルバン
BS17-X01	天剣の覇王ジーク・スサノ・フリード
BS17-X02	騎士の覇王ソーディアス・アーサー
BS17-X03	大牙帝ビャクガロード・ソンケン
BS17-X04	神狼機獣ラグナ・フェンリル
BS17-X05	魅惑の覇王クレオパトラス
BS17-X06	千夜一夜物語の女帝シェハラザード
BS18-001	テリジーノ
BS18-002	守獣シシンガ
BS18-003	アサシン・ドラゴン
BS18-004	バサ・ラザン
BS18-005	護獣シシンギニ
BS18-006	ガンナー・ドラゴン
BS18-007	ヤクシャモリ
BS18-008	モンク・ドラゴン
BS18-009	炎の覇獣ハヌ・マーグ
BS18-010	キャメロット・ポーン
BS18-011	ゾンビ・スネーク
BS18-012	闇騎士ラモラック
BS18-013	ドン・ディエゴッド
BS18-014	冥司書ダンタリアン
BS18-015	タワーミンゴ
BS18-016	闇王妃グネヴィア
BS18-017	闇騎士パーシヴァル
BS18-018	冥怪傑ゾロ
BS18-019	トガリネズミン
BS18-020	ブフモット
BS18-021	駿将ムカリ
BS18-022	駿将チラウン
BS18-023	駿将ボオルチュ
BS18-024	駿将ボロクル
BS18-025	大怪虫リオック
BS18-026	大首長ジャムカ
BS18-027	翼の覇獣スパ・ルーダ
BS18-028	メイエリア
BS18-029	バット・ホリディ
BS18-030	ワイルド・ホーン
BS18-031	ジェロニモンド
BS18-032	アルマジドラゴン
BS18-033	アウトロー・キッド
BS18-034	シェリフ・イーグル
BS18-035	バッファロング・ビル
BS18-036	聖地の巨獣ベルロック
BS18-037	ホムンクー
BS18-038	グリムの天使グレーテル
BS18-039	グリムの天使ヘンゼル
BS18-040	詩人ペンタン
BS18-041	クロック・リカオー
BS18-042	双天使メロディエル
BS18-043	創造主グリム・ウィル
BS18-044	創造主グリム・ジェイ
BS18-045	ドクトル・ファウスト
BS18-046	シャッガイ・バグ
BS18-047	アザーフェロム
BS18-048	猛将レオニダース
BS18-049	グラッディ・スクアーロ
BS18-050	アウグスドス
BS18-051	メテオライト・ゴレム
BS18-052	雷光将軍ハンニ・ヴァル
BS18-053	タイラントール・ネロ
BS18-054	ディクタトール・シーザー
BS18-055	ドレイク・バヤー
BS18-056	聖剣竜エクス・ワイバーン
BS18-057	ギアゼル
BS18-058	ガン・ホース
BS18-059	ザッカ・パンツァー
BS18-060	チャリオット・アームズ
BS18-061	戦史の石碑
BS18-062	最も高き山頂
BS18-063	魂の海塔
BS18-064	黄昏のキャメロット城
BS18-065	蒼き大草原
BS18-066	エメラルドの海に散らばる島々
BS18-067	巨獣の森
BS18-068	O.K.コラル
BS18-069	お菓子の豪邸
BS18-070	ワルプルギスの夜
BS18-071	サファイアの街道
BS18-072	破壊と創造の釜
BS18-073	ヒロイックエントリー
BS18-074	救世神撃覇
BS18-075	マーク・オブ・ゾロ
BS18-076	クリスタルクラック
BS18-077	ブルトサリフ
BS18-078	サンダーストーム
BS18-079	ウィンドスポウト
BS18-080	キズナブレード
BS18-081	フェアヴァイレ
BS18-082	パニックヴォイス
BS18-083	アイアンファランクス
BS18-084	ディクタトールレギオン
BS18-X01	超覇王ロード・ドラゴン・セイバー
BS18-X02	騎神皇アヴァロ・パラディオン
BS18-X03	蒼穹の覇王カーン・ウルフ
BS18-X04	爆氷の覇王ロード・ドラゴン・グレイザー
BS18-X05	聖魔皇メフィスト・フェレス
BS18-X06	混沌魔皇アザートゥース
BS19-001	ドク・リザード
BS19-002	モゲイラ
BS19-003	スプライト・ドラグーン
BS19-004	ディモルフォー
BS19-005	クレリック・ドラゴン
BS19-006	ケファレダガー
BS19-007	スタバ・ドラゴン
BS19-008	デス・マトック
BS19-009	流星の剣使いダマスクス
BS19-010	九刀竜スピノザンバー
BS19-011	天星龍クェーサー・ドラゴン
BS19-012	ツバサ・ツパイ
BS19-013	ダーク・デモボーン
BS19-014	ダーク・ソードール
BS19-015	ミトランスネーク
BS19-016	クリオネード
BS19-017	大蛇サイドロン
BS19-018	ヴィクトローラー
BS19-019	冥撃手グシオーン
BS19-020	影の剣使いブラックパルド
BS19-021	吸血侯爵ベザレル
BS19-022	ダーク・スカルピオーネ
BS19-023	グラス・アウル
BS19-024	ダーク・マッハジー
BS19-025	ダーク・ディオマンティス
BS19-026	フォッサー
BS19-027	オウゴンオニクワガー
BS19-028	ハゴロモチョウ
BS19-029	キガシライト
BS19-030	オウギ・エンショー
BS19-031	トキイロシダレ
BS19-032	葉滅蜻蛉ハビロング
BS19-033	十剣聖ムラサメ
BS19-034	リヴァードフィン
BS19-035	ジュレヌーク
BS19-036	近衛機バイキング1号
BS19-037	アーマー・フィッシュ
BS19-038	近衛機キュリオシティ
BS19-039	ペガシオーネ
BS19-040	十剣聖ヴォル・クーガ
BS19-041	アザラ・バーグ
BS19-042	機甲要塞ソーベック・タートル
BS19-043	銀の女神アリアンロッド
BS19-044	高速機獣オセローダー
BS19-045	チョコロネ
BS19-046	ハックビシン
BS19-047	眠りの花の妖精フィリー
BS19-048	アイラヴァター
BS19-049	天使ミランサ
BS19-050	レイ・フォーン
BS19-051	凶獣コントン
BS19-052	天使スナイプル
BS19-053	十剣聖ルシエル
BS19-054	賢者ペンタン
BS19-055	ペルーディア
BS19-056	戦獣ワオー
BS19-057	光の衛士アドリアン
BS19-058	クラーメン
BS19-059	光の戦士ガイウス
BS19-060	ミノタ・コルス
BS19-061	光の闘士ランダル
BS19-062	光の騎士ホープ
BS19-063	マーブル・ゴレム
BS19-064	十剣聖エグバード
BS19-065	異海女帝レスキュラ
BS19-066	メイズ・ハイドラ
BS19-067	ガイミムス
BS19-068	電竜機トランスファー・ドラゴン
BS19-069	ヒヒ・ボーン
BS19-070	鎧戦艦ブレード・ハインド
BS19-071	バンブール
BS19-072	アッケシグモ
BS19-073	銃機トラドール
BS19-074	砲獣アークィドリー
BS19-075	コンゴウショウキ
BS19-076	ジャッククリ
BS19-077	フェスキーナ・アームズ
BS19-078	海獣グーロ
BS19-079	星見の三連塔
BS19-080	両断された活火山
BS19-081	剥がれ落ちるウロコ山
BS19-082	魂彷徨う骨の森
BS19-083	大蛇の城門
BS19-084	命の蝋燭塔
BS19-085	零れ堕ちる清流
BS19-086	忍の隠れ里
BS19-087	魔王蟲の根城
BS19-088	獣の氷窟
BS19-089	フォートレスキューブ
BS19-090	凍てつくつららの逆塔
BS19-091	天翼の大観覧車
BS19-092	菓子の森の宴
BS19-093	ネコロン山
BS19-094	永遠なる水道橋
BS19-095	光灯る三叉灯台
BS19-096	海魔巣食う海域
BS19-097	チャージオーラ
BS19-098	レッドレイ
BS19-099	フレイムフィールド
BS19-100	デッドエンドフィールド
BS19-101	ヘルズバースディ
BS19-102	パープルヘイズ
BS19-103	エメラルドフィールド
BS19-104	タービュランス
BS19-105	バインディングアイヴィー
BS19-106	アイスエイジシールド
BS19-107	リゲイン
BS19-108	リカバリーラッシュ
BS19-109	エンジェリックプレッシャー
BS19-110	ディバインフィールド
BS19-111	リバーサルポイント
BS19-112	オーシャンフィールド
BS19-113	ダブルバイセップス
BS19-114	ポセイドンクラッシュ
BS19-X01	十剣聖スターブレード・ドラゴン
BS19-X02	冥府三巨頭バロック・ボルドー
BS19-X03	黒蟲魔王ディアボリカ・マンティス
BS19-X04	黄金騎神フィン・マックラン
BS19-X05	大天使ガブリエレン
BS19-X06	戦輝神ゼルドナーグ
BS19-X07	黒蟲の妖刀ウスバカゲロウ
BS19-X08	蒼海の大剣メイルシュトロム
BS20-001	シチノムス
BS20-002	炎楯の守護者コロナ・ドラゴン
BS20-003	ハルパードニクス
BS20-004	シンタル・ザウル
BS20-005	クイックサンド・ドラゴン
BS20-006	魔炎の剣使いシュマルド
BS20-007	スレイヴ・ガイアスラ
BS20-008	ネビュラ・ドラゴン
BS20-009	破壊恐竜ダイノ・ブレイカー
BS20-010	キーリザード
BS20-011	スモッグペッカー
BS20-012	ボーン・トプス
BS20-013	闇楯の守護者ナーガン
BS20-014	冥導師フラウロー
BS20-015	ナイト・ヘディレス
BS20-016	ワイボーン
BS20-017	十剣聖コブラージャ
BS20-018	翼蛇アナコンガー
BS20-019	ソマリン
BS20-020	ケンゴーキジ
BS20-021	ヤゴイソバナ
BS20-022	風楯の守護者トビマル
BS20-023	シンジュリウス
BS20-024	ビャッコウ・ハヤト
BS20-025	翠刃の剣使いワオノシン
BS20-026	シノビ・チュウヒ
BS20-027	アマランサス・パイパー
BS20-028	近衛機オース・ミー
BS20-029	サテラット
BS20-030	氷楯の守護者オーシン
BS20-031	ミサイリス
BS20-032	氷刃の剣使いブリギット
BS20-033	ネガ・ケルベロス
BS20-034	ネガ・サーベルタイガー
BS20-035	ネガ・スプリンガー
BS20-036	重装騎士ゴル・マック
BS20-037	天使スピエル
BS20-038	弓ピッド
BS20-039	光楯の守護者イーディス
BS20-040	バニラップ
BS20-041	天使プリマ
BS20-042	天使姫エトワール
BS20-043	凶獣キュウキ
BS20-044	剣士ペンタン
BS20-045	幻竜皇ジラント
BS20-046	ドラットフィッシュ
BS20-047	海楯の守護者ジャイルズ
BS20-048	タツノ・ドラコ
BS20-049	カモオネ
BS20-050	トライデントのデータス
BS20-051	波濤の剣使いアカシ
BS20-052	破戒僧サンゴジョー
BS20-053	異海獣シーポリープ
BS20-054	戦騎将パトロクロス
BS20-055	ティロック・ケファレ
BS20-056	ホットジュピター・ドラゴン
BS20-057	スネイカース
BS20-058	スカルプレイン
BS20-059	ススキンケイ
BS20-060	カラクリバッタ
BS20-061	近衛機メッセンジャー
BS20-062	カタパシール
BS20-063	アーヴァンクル
BS20-064	エンジェルエッグ
BS20-065	サイクロ・アームズ
BS20-066	コノハガニン
BS20-067	ボルカニックキャニオン
BS20-068	腐食する大瀑布
BS20-069	入道雲連峰
BS20-070	鏡面世界への入口
BS20-071	光射す丘
BS20-072	海の主の大口
BS20-073	パワーブースト
BS20-074	シャイニングフレイム
BS20-075	スパイラルヴェイン
BS20-076	デスアカンパニー
BS20-077	ウィンドプレッシャー
BS20-078	アブソーブパワー
BS20-079	ダークネスオーラ
BS20-080	パーフェクトリペアー
BS20-081	スティールハート
BS20-082	ライトニングアタック
BS20-083	コールオブディープ
BS20-084	フィニッシュブロー
BS20-X01	滅龍帝ジエンド・ドラゴニス
BS20-X02	黒き骸王バルトアンデルス
BS20-X03	鳥武神シシグイ
BS20-X04	黒天狐ネガ・ナインテイル
BS20-X05	大天使ララファエル
BS20-X06	森羅龍樹リーフ・シードラ
BS20-X07	咎人の骨剣エグゼキューショナーズ
BS20-X08	光翼の神剣エンジェリックフェザー
BS21-001	ヤマバッカ
BS21-002	ウォルフドラゴン
BS21-003	コンボペルタ
BS21-004	ハービッグ・ワイバーン
BS21-005	ブレード・プテラス
BS21-006	長腕の剣使いアスキーナ
BS21-007	極彩竜ピーコック・ワイバーン
BS21-008	ガルノタウルス
BS21-009	戦棍竜メイシュノサウルス
BS21-010	マーシュビル
BS21-011	ジャンゴヘビ
BS21-012	ボーン・ボアー
BS21-013	怪盗バット・バニーガール
BS21-014	告死蛇ブームスネーク
BS21-015	死の剣使いデュラボーン
BS21-016	デス・ヒュードラ
BS21-017	冥巡士ヴァルファレード
BS21-018	骸獣侯ボーン・クスロー
BS21-019	クイック・モスキー
BS21-020	ハリモグリ
BS21-021	鶴星アルナイル
BS21-022	水蟲ゲングラス
BS21-023	マンドラホラ
BS21-024	クロタネホーク
BS21-025	大草鳥ソテツニア・コンドル
BS21-026	紅蟲ベニカミキラン
BS21-027	十剣聖ゴホンカク
BS21-028	プロード・ファルコン
BS21-029	リシアキリン
BS21-030	真紅の女神マッハ
BS21-031	神機ゲイボルグ
BS21-032	猟犬機アステリオ・ベネラ9号
BS21-033	近衛機ジェネシルド
BS21-034	天眼機神ディアリーン
BS21-035	ネガ・カンガル
BS21-036	十剣聖ザンバー・コング
BS21-037	カメロンパン
BS21-038	ボジャノーイ
BS21-039	天使リセル
BS21-040	ガトーブレパス
BS21-041	アドペンタン＆チャール
BS21-042	十剣聖ナラシンハ
BS21-043	ダーク・アイベリックス
BS21-044	凶獣トウコツ
BS21-045	美の天使カフオペイア
BS21-046	ヤナクラゲー
BS21-047	怪力巨人アドルファス
BS21-048	リュウグウウシ
BS21-049	海の彫刻家ナポレオ
BS21-050	ゲル・ゴロス
BS21-051	ダーク・スクアーロ
BS21-052	十剣聖ブールド・サイノス
BS21-053	星喰いのヤシガニド
BS21-054	英傑巨人ヘラクラス
BS21-055	ゴルニック・イーグル
BS21-056	プテラノストーン
BS21-057	冥獣騎シトリー
BS21-058	ガーゴイラス
BS21-059	カラクリペリカン
BS21-060	食虫草ドロセラー
BS21-061	衛星機パイオニア・V
BS21-062	弩弓獣クロス・ボンゴ
BS21-063	ぐるみパンダ
BS21-064	ブリキタイガー
BS21-065	ダイブ・アームズ
BS21-066	深海竜ラブリス
BS21-067	アポロニア岩窟寺院
BS21-068	暗き棺桶洞
BS21-069	リュウケツの大樹
BS21-070	フィアナ空母都市
BS21-071	四雲庵
BS21-072	珊瑚の樹海
BS21-073	バーニングフォース
BS21-074	ボルカニックブレイク
BS21-075	デッドリィヘクス
BS21-076	ソウルスライド
BS21-077	べロティカルウィンド
BS21-078	バインディングウェブ
BS21-079	エターナルディフェンス
BS21-080	ホワイトアウト
BS21-081	サプライズスラップ
BS21-082	ライフドリーム
BS21-083	サファイアエロード
BS21-084	レイジングシー
BS21-X01	光輝龍皇シャイニング・ドラゴン・アーク
BS21-X02	双頭の龍王バイ・ジャオウ
BS21-X03	黒樹神クワガ・ラブナ
BS21-X04	槍光機神クーゲル・ホルン
BS21-X05	陸獣神ベヒモス
BS21-X06	異海神ディスト・ルクシオン
BS21-X07	天空の光剣クラウン・ソーラー
BS21-X08	深淵の巨剣アビス・アポカリプス
BS22-001	ピストジャサウルス
BS22-002	アルファータケラトプス
BS22-003	プロフェット・ドラゴン
BS22-004	コピシュプテルス
BS22-005	フォトン・ドラゴン
BS22-006	黒剣竜レックスビート・ザウラー
BS22-007	鎧竜エドモントソード
BS22-008	グレートアトラクター・ドラゴン
BS22-009	剣星メサイア・ドラゴン
BS22-010	ボーン・ダイル
BS22-011	冥術士シャクス
BS22-012	骸魔インプ
BS22-013	セグロースネーク
BS22-014	魔術師ハクジャ
BS22-015	ミイラ・ファント
BS22-016	魔剣使プリシラ
BS22-017	ボーン・ベア
BS22-018	魔王バロール
BS22-019	ゲニン・スズメ
BS22-020	アライゴヤ
BS22-021	チューニン・ツバメ
BS22-022	カブトゼミ
BS22-023	メガ・ネウラー
BS22-024	ジョーニン・トンビ
BS22-025	風剣使ムラマサ
BS22-026	ゴースト・マンティス
BS22-027	小覇鳥ソンサホーク
BS22-028	キャリバラー
BS22-029	ダーク・ドーベル
BS22-030	透輝亀マタマタ
BS22-031	水晶竜シリマナイト
BS22-032	近衛機マリナー2号
BS22-033	ジャコウ・キャット
BS22-034	戦術機神コナン・バウル
BS22-035	ダーク・バイソン
BS22-036	氷剣使モリガン
BS22-037	カマウィゼル
BS22-038	ロールマイマイ
BS22-039	凶獣トウテツ
BS22-040	宝の番人ズラトロック
BS22-041	アルミラージ
BS22-042	ハーピーガール
BS22-043	聖天使エトワール
BS22-044	天剣使キリエル
BS22-045	時空の魔女グランディース
BS22-046	薬売りのカーサ
BS22-047	アトラック・ナチャ
BS22-048	熱血巨人ディーン
BS22-049	海皇子イオン
BS22-050	海皇帝アイヴァン
BS22-051	ピューマウロス
BS22-052	古剣使ティグリス
BS22-053	災将ナグリアス
BS22-054	インペリアル・ハイドラ
BS22-055	剣星竜スターダスト・キャリバーン
BS22-056	斬鎧竜ルゴプス
BS22-057	スカル・ガルダ
BS22-058	ソー・スネーク
BS22-059	オオトキ凧
BS22-060	ハサミサボテン
BS22-061	近衛機ホルノート1号
BS22-062	獣爆マナティ・マローダ
BS22-063	ペンタンブレイヴ
BS22-064	スイーツファイター
BS22-065	ブル・アームズ
BS22-066	コーラル・ジャガー
BS22-067	聖剣連山
BS22-068	万魔の霊廟
BS22-069	光牙の忍び里
BS22-070	水銀海に浮かぶ工場島
BS22-071	朱に染まる薔薇園
BS22-072	アトライア海帝国
BS22-073	ジェネレートファイア
BS22-074	フレイムディザスター
BS22-075	ソウルリッパー
BS22-076	トリプルデッドリィ
BS22-077	シャイニングシャドウ
BS22-078	バインディングブランチ
BS22-079	クリスタルフィールド
BS22-080	フェーズチェンジ
BS22-081	ドリーミングバタフライ
BS22-082	ライフレボリューション
BS22-083	アビスブレイク
BS22-084	レゾリューション
BS22-X01	原始の王者ギガノ・レックス
BS22-X02	冥府三巨頭ザンデ・ミリオン
BS22-X03	光牙鳳凰レックウマル
BS22-X04	黒皇機獣ダークネス・グリフォン
BS22-X05	凶神獣カオス・ペガサロス
BS22-X06	海皇巨神デュランザム
BS22-X07	疾風の双刃カムイ・ハヤテ
BS22-X08	夢幻の天剣トワイライト・ファンタジア
BS23-001	扇剣竜ディメトロン
BS23-002	恐竜剣聖ドラコレックス
BS23-003	シャイニング・ブレイドラ
BS23-004	ソウエン・ドラグーン
BS23-005	流星の剣聖シューティングスター
BS23-006	ガーディアン・ドラゴン
BS23-007	シルバー・ヴルム
BS23-008	星雲竜アンドロメダ・ドラゴン
BS23-009	コーカサストリケラ
BS23-010	ウィングワインダー
BS23-011	アメジスネーク
BS23-012	狼騎士ルーガー
BS23-013	白蛇剣聖アルビナーガ
BS23-014	ボーン・セーラス
BS23-015	白騎竜ホワイト・ペンドラゴン
BS23-016	死神剣聖ダークネス・メア
BS23-017	シャドー・アルデウス
BS23-018	邪骨竜皇ボーン・ティタノクス
BS23-019	水忍ガモン
BS23-020	ヨロイバッタ
BS23-021	ムシャタヌキ
BS23-022	火忍ハシビロウ
BS23-023	グレイスキャタピラー
BS23-024	夜蝶剣聖モルフォナイト
BS23-025	忍鳥ジューイチ
BS23-026	剣聖仙忍ジライヤ
BS23-027	要塞蟲フォートコーカサス
BS23-028	アナグパンツァー
BS23-029	近衛機レインジャー6号
BS23-030	砲撃機士マックリヤ
BS23-031	大空の剣聖フィンヴェール
BS23-032	黒き女神ネヴァン
BS23-033	機甲剣聖ミノタウロス
BS23-034	ネガ・テュポーン
BS23-035	クラブマン-AT
BS23-036	大近衛機ISS
BS23-037	舞踏の魔女マイヤ
BS23-038	冒険天使チャール
BS23-039	冒険家アドペンタン
BS23-040	人形遣いの天使マリエル
BS23-041	光の天使ダリエル
BS23-042	キャプリンメル
BS23-043	月影の剣聖アマルティア
BS23-044	氷火の剣聖スフィエル
BS23-045	水竜神ガルグイオス
BS23-046	アトライアソルジャー
BS23-047	ミゴー
BS23-048	ファルコパンサー
BS23-049	猪人ボアボア
BS23-050	異海剣聖シュブ・ニグラ
BS23-051	鍛冶屋のベータ
BS23-052	剣聖将軍フィランダー
BS23-053	ティンバートール
BS23-054	海皇巨兵アトライア・ゴレム
BS23-055	太陽剣カーディナル・サン
BS23-056	炎月剣スカーレット・ムーン
BS23-057	ザグナ・オリックス
BS23-058	魔剣デスサイズ
BS23-059	ハンミョール
BS23-060	翡翠の小太刀 日輪丸
BS23-061	ファントムジェッター
BS23-062	極光剣ソルブレイカー
BS23-063	光輪剣エンジェルハイロゥ
BS23-064	殲滅天使ネフィリム
BS23-065	海皇剣トライウェーブ
BS23-066	ハイドラ・アームズ
BS23-067	永遠なる神都
BS23-068	偽りの地下帝国
BS23-069	蟲招く妖花の塔
BS23-070	ロケットシティ
BS23-071	聖ミカファール大聖堂
BS23-072	戒めの天空の祠
BS23-073	ダイノリボーン
BS23-074	ソードレイド
BS23-075	デッドソード
BS23-076	ヴァニシングコア
BS23-077	クイックリーソード
BS23-078	グラスバインド
BS23-079	カウンターソード
BS23-080	バックアタック
BS23-081	サンダーウォール
BS23-082	ダンシングソード
BS23-083	スピニングソード
BS23-084	ディープシーイリュージョン
BS23-X01	龍輝神シャイニング・ドラゴン・オーバーレイ
BS23-X02	白蛇帝アルデウス・ヴァイパー
BS23-X03	蝶の女皇帝グレイス・パピヨン
BS23-X04	双銃機神ディルム・ダイナ
BS23-X05	大天使アヴリエル
BS23-X06	異海双龍ハスターク
BS23-X07	真・裁きの神剣トゥルース・エデン
BS23-X08	紫電の霊剣ライトニング・シオン
BS24-001	リューマン・クロウ
BS24-002	バジリアックス
BS24-003	拳獣キングルー
BS24-004	リューマン・フェニック
BS24-005	アロカノンサウルス
BS24-006	リューマン・バルカ
BS24-007	スチーム・トリケラ
BS24-008	エクリプス・ドラゴン
BS24-009	フレイム・ガンドラグナー
BS24-010	リューマン・ブレイド
BS24-011	ワンアイドデーモン
BS24-012	ガスウサギ
BS24-013	サードアイズ・スネーク
BS24-014	ツチグデーモン
BS24-015	バットナイト
BS24-016	メズデーモン
BS24-017	カースガーゴイル
BS24-018	冥獣王オセロ
BS24-019	仏蛇龍カノン
BS24-020	アックスモス
BS24-021	ヨロイカラス
BS24-022	ヨロイフクロウ
BS24-023	セイバーホーネット
BS24-024	ソードピューマ
BS24-025	カナブーン
BS24-026	ソードコヨーテ
BS24-027	ナイトイーグル
BS24-028	スコーピオンナイト
BS24-029	千年獣ベヒモス・シダー
BS24-030	オートマチックガンナー
BS24-031	アクアクマノミ
BS24-032	サイバー・シェパード
BS24-033	グロッシュリザード
BS24-034	90式タンクモービル
BS24-035	ガーネットドラゴン
BS24-036	バーストタートル
BS24-037	スクラップマンモス
BS24-038	空の要塞皇キングフォートレス
BS24-039	ワイバーンベリル
BS24-040	ウォッチーノ
BS24-041	コダマウス
BS24-042	歌姫アーシア
BS24-043	歌姫マリカ
BS24-044	コケトリス
BS24-045	歌姫ココ
BS24-046	騎士ペンタン
BS24-047	翼獣ウィングベヒモス
BS24-048	歌姫ミレファ
BS24-049	ドライアン
BS24-050	クォーツ・ゴレム
BS24-051	巨人航海士トービー
BS24-052	ライオット・ゴレム
BS24-053	キャラベル・ゴレム
BS24-054	海賊巨人キッド
BS24-055	ベアーケンタウロス
BS24-056	ガレオン・ゴレム
BS24-057	鮫首竜シャークハイドラ
BS24-058	アルティメット・ドラグサウルス
BS24-059	アルティメット・プテラトマホーク
BS24-060	究極龍王リヴァイア
BS24-061	アルティメット・シャ・ズー
BS24-062	アルティメット・ダークウィッチ
BS24-063	アルティメット・ズ・ガイン
BS24-064	アルティメット・ケツァルカトル
BS24-065	アルティメット・ジガワスプ
BS24-066	アルティメット・ジオ
BS24-067	アルティメット・トレントン
BS24-068	アルティメット・エムブラ
BS24-069	アルティメット・フェンリル
BS24-070	アルティメット・フレイア
BS24-071	アルティメット・コリスタル
BS24-072	アルティメット・エンジュ
BS24-073	アルティメット・ソフィア
BS24-074	アルティメット・アンプルール
BS24-075	アルティメット・ロックゴレム
BS24-076	アルティメット・モンゴクウ
BS24-077	アルティメット・アイアンゴレム
BS24-078	アルティメット・ランドルフ
BS24-079	プテルファイター
BS24-080	アーマードハーレー
BS24-081	クワガータンク
BS24-082	バスターファルコン21
BS24-083	ウィングアロー
BS24-084	ロブス・アームズ
BS24-085	破滅への序曲
BS24-086	燃え尽きた戦場
BS24-087	地獄都市カイーナ
BS24-088	万本槍の古戦場
BS24-089	巻き上がるダンガロ山脈
BS24-090	命の果実群生地
BS24-091	千年雪の要塞都市
BS24-092	氷宙遺跡スカイ・リオ
BS24-093	天使の舞い降りた場所
BS24-094	封印されし魔導書図書館
BS24-095	サファイアの彫像
BS24-096	忘れられし凱旋門
BS24-097	ブレイヴデストラクション
BS24-098	ジャッジメントコール
BS24-099	フレイムブリーズ
BS24-100	デモンズパペット
BS24-101	ソウルバースト
BS24-102	デスマサカー
BS24-103	サイクルパワー
BS24-104	バインディングクリーパー
BS24-105	シャドーリーフ
BS24-106	アルティメットウォール
BS24-107	ドリームネビュラ
BS24-108	サプレッション
BS24-109	バトルキャンセル
BS24-110	セイントブリーズ
BS24-111	アルティメットプラズマ
BS24-112	クリアエッジ
BS24-113	オーバードライブ
BS24-114	ブレイクグラインド
BS24-X01	断罪の滅龍ジャッジメント・ドラゴニス
BS24-X02	冥府三巨頭クイン・メドゥーク
BS24-X03	アルティメット・ジークフリーデン
BS24-X04	アルティメット・デスペラード
BS24-X05	アルティメット・カイザーアトラス
BS24-X06	究極巨神アルティメット・トール
BS24-X07	アルティメット・ミカファール
BS24-X08	アルティメット・キャッスルゴレム
BS25-001	デブリ・ザード
BS25-002	ムーンボウ・ドラグーン
BS25-003	生還者ネオ・アーク
BS25-004	リューマン・ティーガー
BS25-005	ダークマタードラゴン
BS25-006	リューマン・ライトニング
BS25-007	爆炎象マキシマス
BS25-008	恐竜空母アパト
BS25-009	冥騎獅アロケイン
BS25-010	ボーン・サーベルタイガー
BS25-011	生還者ヴァサーゴ
BS25-012	ルーンマスターナーガ
BS25-013	冥侯爵フォカロール
BS25-014	冥騎兵エリゲイル
BS25-015	冥闘牛モラックス
BS25-016	ダークヴルム・ノヴァ・レムナント
BS25-017	冥猫蛇アイニ
BS25-018	ハクビソード
BS25-019	サーベルセセリ
BS25-020	生還者フーガ
BS25-021	リカオスパーダ
BS25-022	ラッキーキャット
BS25-023	ナイトアイビス
BS25-024	ダンドリオン
BS25-025	剣皇蟲グランディクワガー
BS25-026	機兵フルングニル
BS25-027	タンク・モービル・ヘッツァー
BS25-028	生還者ウル・ディフェンダー
BS25-029	スタードライアン
BS25-030	グレイガルム
BS25-031	サンストーン・ドラグーン
BS25-032	モビル・ゴレム
BS25-033	運命姫神ヴェルザンディ
BS25-034	ヒスイ・キャノン・ドラゴン
BS25-035	天使ウィズエル
BS25-036	ケリュネイアー
BS25-037	生還者天使メイル
BS25-038	調査員アーシア
BS25-039	カリュドーン
BS25-040	歌姫ラクェル
BS25-041	天使令嬢アサエル
BS25-042	聖騎士ペンタン
BS25-043	メカニック・コーギー
BS25-044	ゲッコ・ゴレム
BS25-045	見習い海賊テリー
BS25-046	生還者バディ
BS25-047	巨人剣士アーチボルド
BS25-048	戦鳥パラキート
BS25-049	巨人銃士クリフォード
BS25-050	アダマント・ゴレム
BS25-051	巨神ジュニアス
BS25-052	アルティメット・ジークヴルム
BS25-053	アルティメット・エクス・キャリバス
BS25-054	アルティメット・バクルス
BS25-055	アルティメット・ベリト
BS25-056	アルティメット・カラカロッサム
BS25-057	アルティメット・アメンボーグ
BS25-058	アルティメット・モノケロック
BS25-059	アルティメット・イグドラシル
BS25-060	アルティメット・サラティ
BS25-061	アルティメット・クー・シー
BS25-062	アルティメット・ガラドルグ
BS25-063	アルティメット・レーヴェン
BS25-064	惑星十字直列
BS25-065	冥都アンテノーラ
BS25-066	翠牙草の実
BS25-067	装甲都市シールドニア
BS25-068	甲竜の狩り場
BS25-069	黄金翼のパイプオルガン
BS25-070	三つ首竜の海賊旗
BS25-071	レアメタル採掘場
BS25-072	ネオ・アグレッシブレイジ
BS25-073	ネオ・コールオブロスト
BS25-074	ブレイヴクリメイション
BS25-075	ネオ・ポイズンシュート
BS25-076	ウィンドサークル
BS25-077	バインディングスケイル
BS25-078	ホワイトクラック
BS25-079	ネオ・ドリームリボン
BS25-080	パワーダウン
BS25-081	ゴールデンカウンター
BS25-082	サポートフラッグ
BS25-083	ランダムボム
BS25-X01	甲竜戦艦エンタープライズ
BS25-X02	海皇巨神デュラン・キッド
BS25-X03	アルティメット・ガイ・アスラ
BS25-X04	アルティメット・ベルゼビート
BS25-X05	アルティメット・ビャク・ガロウ
BS25-X06	アルティメット・グラン・ウォーデン
BS25-X07	アルティメット・イスフィール
BS25-X08	アルティメット・オリハルコン・ゴレム
BS26-001	スターリー・リューマン
BS26-002	ドラゴ・スピーダー
BS26-003	プテラ戦闘機
BS26-004	アロブレーダー
BS26-005	プレアデス・ロックドラゴン
BS26-006	炎竜将イフリート
BS26-007	リューマン・ファンタジスタ
BS26-008	皇帝龍カイゼルドラゴン
BS26-009	スモッグシープ
BS26-010	ホーンバイパー
BS26-011	ジーバック・アーマー
BS26-012	リンクスモーカー
BS26-013	ボーン・リッター
BS26-014	冥騎士キルメデス
BS26-015	骸塵将ムクロ
BS26-016	クィーン・ナイトメア
BS26-017	ツルギムカデ
BS26-018	殻武人テンドウ
BS26-019	プロキワン
BS26-020	シルバ・ヤンマ
BS26-021	北風の狼ボレアースウルフ
BS26-022	殻刃将レギオス
BS26-023	猟剣獣カーラ・ハウンド
BS26-024	タンク・モービル・レオパルト
BS26-025	アンバー・レオン
BS26-026	運命姫神スクルド
BS26-027	砲神機ヘイムキャノン
BS26-028	一角獣機ユニコーン
BS26-029	白騎将シグフェズル
BS26-030	オニキスドラゴン・ライダー
BS26-031	プリムッポ
BS26-032	ラドン
BS26-033	妖精姫パフューム
BS26-034	天使ナスエル
BS26-035	［歌姫令嬢］グリーフィア・ダルク
BS26-036	妖精将グロリア
BS26-037	海獣ケートス
BS26-038	歌姫撫子マリカ
BS26-039	操舵手アイザック
BS26-040	防人ヌビア
BS26-041	副船長チェスター
BS26-042	刃狼ジゲン
BS26-043	星海の海賊ペルセース
BS26-044	猫人剣士バーマン
BS26-045	海賊将エドワード
BS26-046	紅炎竜ヒノコ
BS26-047	悪魔皇デビッド
BS26-048	翠鳳凰ニックス
BS26-049	電神皇トレイン
BS26-050	聖天馬スカイ
BS26-051	青獣皇パンザー
BS26-052	砲星鎧バルド・リザード
BS26-053	鳥星鎧シソバード
BS26-054	魔星鎧フライビート
BS26-055	蛇星鎧スネイケルズ
BS26-056	地星鎧フォックスター
BS26-057	空星鎧イーグレット
BS26-058	盾星鎧シールドタンク
BS26-059	剣星鎧ソードフィッシュ
BS26-060	兎星鎧ラビッタ
BS26-061	乙女星鎧ヴァルゴブレイヴ
BS26-062	船星鎧ブレイヴアルゴー
BS26-063	天蠍星鎧ブレイヴスコーピオン
BS26-064	ガイナロック大渓谷
BS26-065	超新星の輝き
BS26-066	嘆きの街トロメア
BS26-067	アルバ大草原
BS26-068	時空結合点A-01
BS26-069	ノーランディ絶対防衛線
BS26-070	ソルージュの丘
BS26-071	雷海域
BS26-072	キャノンボール
BS26-073	クリムゾンフレア
BS26-074	コアドレイン
BS26-075	フォビドゥングレイヴ
BS26-076	ハイプレッシャー
BS26-077	アルティメットウィンド
BS26-078	アルティメットイレイザー
BS26-079	アンチブレイヴバリア
BS26-080	イリュージョンミラー
BS26-081	チェンジリング
BS26-082	サンダータクティクス
BS26-083	インパクトロア
BS26-X01	殻法師シロカブト
BS26-X02	幻獣神姫エキドゥナ
BS26-X03	アルティメット・ジークヴルム・ノヴァ
BS26-X04	アルティメット・ラグナ・ロック
BS26-X05	次代獣王ライオドラス
BS26-X06	双魚星鎧ブレイヴピスケス
BS26-X07	巨蟹星鎧ブレイヴキャンサー
BS26-X08	宝瓶星鎧ブレイヴアクエリアス
BS27-001	リューマン・スカイソード
BS27-002	ホムライタチ
BS27-003	リューマン・ランドアックス
BS27-004	暴皇ティーズ・ドラゴン
BS27-005	賢龍ケイローン
BS27-006	リューマン・レイランサー
BS27-007	獅神将シールドラゴン
BS27-008	ヒアデス・ドラゴン
BS27-009	サンド・デーモン
BS27-010	堕天騎士アリエル
BS27-011	堕天騎士ラミエル
BS27-012	蛇神官プリースネーク
BS27-013	堕天騎士アリオク
BS27-014	冥神将ヴィーネ
BS27-015	堕天騎士アザゼル
BS27-016	デス・キングスネーク
BS27-017	マングースソード
BS27-018	西風の鳥ゼーファルコン
BS27-019	神鳥ハンサ
BS27-020	甲拳士ムグリ
BS27-021	六分儀剣のルリ・オーサ
BS27-022	蒼神将ラピスジャガー
BS27-023	四甲天アオガミ
BS27-024	金殻皇ローゼンベルグ
BS27-025	ビームアラシ
BS27-026	タンク・モービル・シャーマン
BS27-027	ターコイズ・ドラゴン
BS27-028	タンク・モービル・M6
BS27-029	戦機皇ライドフェンサー
BS27-030	鋼神将フォートエルク
BS27-031	運命姫神ウルズ
BS27-032	タンク・モービル・ティーガー
BS27-033	シンリュー
BS27-034	ショコドラ
BS27-035	ケープペンタン
BS27-036	レイキ
BS27-037	小聖女ロメーダ
BS27-038	妖精傭兵ドルリー
BS27-039	勇神将オウ・リュート
BS27-040	歌姫伯爵ココ
BS27-041	巨人船医ゴードン
BS27-042	アンモドラ
BS27-043	軽業兵フォック
BS27-044	獣人騎士ウォーターバック
BS27-045	赤髭巨人バルバロス
BS27-046	海神将エレファンダー
BS27-047	風将エリギュイオス
BS27-048	巨神ケフェウス
BS27-049	フレイム・クーガー
BS27-050	アルティメット・カタストロフドラゴン
BS27-051	悪魔姫バイザク
BS27-052	アルティメット・バァラル
BS27-053	シュバリアン・ハスキー
BS27-054	アルティメット・ホウオウガ
BS27-055	戦乙女ヴァルキュリー
BS27-056	アルティメット・ヴォルス
BS27-057	超天使パフエル
BS27-058	アルティメット・スフィンクロス
BS27-059	獣将チーダス
BS27-060	アルティメット・フェニックス・ゴレム
BS27-061	猛星鎧ボル・ベア
BS27-062	護星鎧エク・レウス
BS27-063	磨羯星鎧ブレイヴカプリコーン
BS27-064	白星鎧キグナス・ウィング
BS27-065	牡羊星鎧アリエスブレイヴ
BS27-066	勇星鎧レオ・ミノル
BS27-067	天星鎧ブラン・ペガス
BS27-068	双児星鎧ブレイヴジェミニ
BS27-069	犬星鎧トサ・シリウス
BS27-070	天空を貫くバリスタ
BS27-071	魂の古都ジュデッカ
BS27-072	止まない風の森
BS27-073	常冬の街フィンブール
BS27-074	星見の観測所
BS27-075	軍港都市オステア
BS27-076	ビーストマウンテン
BS27-077	バレットファイア
BS27-078	ライトニングポイズン
BS27-079	バードウインド
BS27-080	セブンスフォース
BS27-081	ドリームボム
BS27-082	ディフェンスネビュラ
BS27-083	マッドオペレーション
BS27-X01	闇騎神ネメシス
BS27-X02	大提督クラウディウス
BS27-X03	聖龍皇アルティメット・セイバー
BS27-X04	神狼テンペスター
BS27-X05	アルティメット・リーン
BS27-X06	射手星鎧ブレイヴサジタリアス
BS27-X07	獅子星鎧レオブレイヴ
BS27-X08	天秤星鎧ブレイヴリブラ
BS28-001	リューマン・ドシャット
BS28-002	ホワイトホール・ドラゴン
BS28-003	リューマン・インフィニティ
BS28-004	レッドフォックス
BS28-005	マガツ・ドラグーン
BS28-006	プテラヴァクセン
BS28-007	ケープロッカー
BS28-008	リューマン・オーシャンロッド
BS28-009	ジェネラル・ドラゴン
BS28-010	リビング・ガーゴイル
BS28-011	冥腐獣セーレ
BS28-012	堕天騎士タムズ
BS28-013	ファントムハウンド
BS28-014	ボーン・ディアー
BS28-015	堕天姫エルシャ
BS28-016	ジャングルクロウデーモン
BS28-017	堕天騎士オルクス
BS28-018	黒骸竜シャドルガー
BS28-019	ブレイド・ジー
BS28-020	四甲天カメジュウジ
BS28-021	タヌグリン
BS28-022	ナイフシケイダー
BS28-023	四甲天ホタルヒメ
BS28-024	キャンサード・リバース
BS28-025	四甲天ダイコク
BS28-026	チワワンコ
BS28-027	ライディーン・ウルフ
BS28-028	メカオコ・ジョー
BS28-029	リーディング・オリックス
BS28-030	メカトリス
BS28-031	運命合神ノルン
BS28-032	ストライクヴルム・レオ・リバース
BS28-033	ノイジーレイヴン
BS28-034	重巡機ピーコックルーザー
BS28-035	タンク・モービル・マウス
BS28-036	カチカチウサギ
BS28-037	カチカチダヌキ
BS28-038	歌姫マール
BS28-039	訓練生ケープペンタン
BS28-040	プリンセス・ハチカズキ
BS28-041	聖獣カイチ
BS28-042	妖精学者サキア
BS28-043	歌姫提督ミレファ
BS28-044	砲天使カノン
BS28-045	獣士オセロット
BS28-046	ツインネックハイドラ
BS28-047	獣士コヨーテ
BS28-048	海賊隊長エドガー
BS28-049	海賊参謀セーファス
BS28-050	獣士アムール
BS28-051	大海獣ステラー
BS28-052	クリスタルハイドラ
BS28-053	アルティメット・アサシン・ドラゴン
BS28-054	炎極天リューマン・バースト
BS28-055	暗極天イブリース
BS28-056	アルティメット・ランスロット
BS28-057	アルティメット・ショカツリョー
BS28-058	雷極天サンダー・ウルフ
BS28-059	アルティメット・ジェロニモンド
BS28-060	鋼極天ゴールデン・バッファロー
BS28-061	水極天プリンセス・オト
BS28-062	アルティメット・ショコドラ
BS28-063	アルティメット・エルギニアス
BS28-064	獣極天ユキヒョードル
BS28-065	アルティメット・シーザー
BS28-066	煌炎の神剣
BS28-067	失われし楽園
BS28-068	そびえる甲天城
BS28-069	ジグザール鋼鉄草原
BS28-070	遥かなる月世界
BS28-071	海帝国の秘宝
BS28-072	グラウンドブレイク
BS28-073	アルティメットフレイム
BS28-074	バーストヴェノム
BS28-075	アルティメットデッドリィ
BS28-076	ビートルストーム
BS28-077	バインディングルート
BS28-078	ミストバラッジ
BS28-079	シャットアウト
BS28-080	バブリーコンフューズ
BS28-081	イマジナリーゲート
BS28-082	スワロウテイル
BS28-083	ゴルディアスウェーブ
BS28-X01	始甲帝
BS28-X02	魔星機神ロキ
BS28-X03	アルティメット・ムゲンドラゴン
BS28-X04	アルティメット・アーサー
BS28-X05	アルティメット・セイリュービ
BS28-X06	次代機獣ブリザ・ライガ
BS28-X07	アルティメット・カグヤ
BS28-X08	アルティメット・ドライアン
BS29-001	ドラゴンヘッド
BS29-002	リューマン・ルクス
BS29-003	モノニクス
BS29-004	熱血剣聖リューマン・バーンカラー
BS29-005	ベアードイーグル
BS29-006	メギド・ドラゴン
BS29-007	六巨皇スカーレット・ドラグライン
BS29-008	アスクレスネーク
BS29-009	堕天騎士マモン
BS29-010	堕天騎士シン
BS29-011	調査員フリック
BS29-012	剣聖魔王ガープ
BS29-013	ゴシック・グラーヴ
BS29-014	六巨皇ボーン・ケンタウロス
BS29-015	ホソアカクワガー
BS29-016	ネコジャラン
BS29-017	タテガミウルフ
BS29-018	調査員ラーテン
BS29-019	剣聖甲蟲テナガコガネ
BS29-020	神猿エテ
BS29-021	六巨皇ギガス・アントマン
BS29-022	シーホース・タンカー
BS29-023	調査員エウロー
BS29-024	フォックセイバー
BS29-025	英雄剣聖シグルド
BS29-026	シールドライノス
BS29-027	マラカイト・ドラゴン
BS29-028	六巨皇ディプロドックス
BS29-029	ブーブラック
BS29-030	魔法訓練生ケープペンタン
BS29-031	天使ミスエル
BS29-032	剣聖楽師オリヴィエル
BS29-033	天使マーチェル
BS29-034	六巨皇ジズ
BS29-035	獣士スカイラーク
BS29-036	竜人職人ガガ
BS29-037	調査員ノルド
BS29-038	海賊砲手ハーヴィー
BS29-039	剣聖海獣ソードハイドラ
BS29-040	六巨皇アルビオン
BS29-041	龍剣聖リューマン・マスターエッジ
BS29-042	アルティメット・ダーク・ティラノザウラー
BS29-043	堕天剣聖モロク
BS29-044	アルティメット・ボーン・トプス
BS29-045	甲殻剣聖ブルマイスター
BS29-046	アルティメット・ハシビロウ
BS29-047	剣聖戦機フレイ
BS29-048	アルティメット・シリマナイト
BS29-049	剣聖天使モモエル
BS29-050	アルティメット・イーズナ
BS29-051	アルティメット・ベヒモス
BS29-052	鳥獣剣聖ペレグリン
BS29-053	アルティメット・インペリアルハイドラ
BS29-054	次代巨神ブライバー
BS29-055	星騎槍ガクルックス
BS29-056	毒蛇鎌アルファルド
BS29-057	龍弩ラスタバン
BS29-058	撃爪アダーラ
BS29-059	星獣槍シリウス
BS29-060	獅甲の盾レグルス
BS29-061	星銃フォーマルハウト
BS29-062	星霊杖スピカ
BS29-063	金星神剣ヴィーナスサーベル
BS29-064	双刃リゲルエッジ
BS29-065	水星神剣マーキュリーブレイド
BS29-066	大地穿つ石剣
BS29-067	串刺しの森
BS29-068	翡翠の老木
BS29-069	デッキマウンテン
BS29-070	リズミック音楽堂
BS29-071	剣帝眠る霊廟
BS29-072	フレイムソウ
BS29-073	アルティメットリザレクション
BS29-074	ソードブレイカー
BS29-075	コアロスト
BS29-076	バインディングツリー
BS29-077	アルティメットトルネード
BS29-078	ディメンションシールド
BS29-079	ドリームブリザード
BS29-080	アブソリュートゼロ
BS29-081	ヘブンズパニッシュ
BS29-082	ハンマーインパクト
BS29-083	インペリアルバースト
BS29-X01	大天使サン・ダルク
BS29-X02	大剣聖イーグレン
BS29-X03	究極輝神アルティメット・オーバーレイ
BS29-X04	堕天騎神サターン
BS29-X05	アルティメット・マンティス
BS29-X06	アルティメット・グリフォン
BS29-X07	火星神剣マーズブリンガー
BS29-X08	蛇帝星鎧ブレイヴピオーズ
BS30-001	生還者リューマン・ファルコ
BS30-002	調査員オッザニア
BS30-003	刃毛竜ユーティラヌス
BS30-004	キングバルチャー
BS30-005	神剣龍ファルシオン
BS30-006	リューマン・ケーニッヒ
BS30-007	ボーン・スカウト
BS30-008	生還者シールデンリッター
BS30-009	ボーン・バード
BS30-010	冥槍士シュートリ
BS30-011	ボーン・グリフォン
BS30-012	ダークネス・カウント
BS30-013	堕天騎士ベリアルド
BS30-014	シマリース
BS30-015	ウバタマン
BS30-016	ゴマダラ
BS30-017	槍使いのホーネッツ
BS30-018	生還者コウロコー
BS30-019	神猫シロン
BS30-020	獣殻人マキシムス
BS30-021	生還者スノーラビー
BS30-022	バジランス
BS30-023	甲魔竜ファフナー
BS30-024	エアレイド・イーグル
BS30-025	甲剣士ブリザード
BS30-026	タンク・モービルKV-2
BS30-027	生還者天使クロエル
BS30-028	歌う調査員アーシア
BS30-029	魔法剣士ケープペンタン
BS30-030	天使ボムエル
BS30-031	指揮天使マエステル
BS30-032	紅蝶の魔女ヨナグニ
BS30-033	海神獣レヴィアード
BS30-034	生還者ビーバード
BS30-035	アトライア・ハイドラ
BS30-036	ビヤーキー
BS30-037	異海獣アビスシャーク
BS30-038	雷鳴の海賊キッド
BS30-039	バルカンバイソン
BS30-040	調査員見習いロロ
BS30-041	炎の剣聖リューマン・ソードウィング
BS30-042	リューマン・ソードブレイカー
BS30-043	骸骨剣聖エグゾスカル
BS30-044	ブレイドパンサー
BS30-045	神虎ベンガウル
BS30-046	甲要塞タイマイト
BS30-047	夜明けの機神デリング
BS30-048	ホワイトフォックス
BS30-049	剣舞の巫女マイエル
BS30-050	砲天使長ファイエル
BS30-051	バーステッド
BS30-052	ルルイエ・ゴレム
BS30-053	重剣聖ムーンベア
BS30-054	究極なる女王アンターク
BS30-055	星盾剣アークトゥルス
BS30-056	大星斧アルデバラン
BS30-057	蛇星鞭サビク
BS30-058	土星神剣サターンスレイヴ
BS30-059	星山戟ベネトナシュ
BS30-060	星戦棍アルギエバ
BS30-061	月光神剣ウィングオブルナ
BS30-062	天星刃シェダル
BS30-063	星琴扇ベガ
BS30-064	竜骨棍カノープス
BS30-065	星銃剣アンタレス
BS30-066	赤龍の剣刃探知機
BS30-067	双蛇の剣刃探知機
BS30-068	結晶の剣刃探知機
BS30-069	天翼の剣刃探知機
BS30-070	巨海の剣刃探知機
BS30-071	逆転大陸
BS30-072	バーニングソード
BS30-073	フレイムミーティア
BS30-074	ダークマター
BS30-075	ネクロブライト
BS30-076	ニードルライド
BS30-077	リーフバインド
BS30-078	フュージブラスト
BS30-079	ドリームグレイシア
BS30-080	エレメンタルバーン
BS30-081	フェザーロック
BS30-082	アビサルカウンター
BS30-083	グリードサンダー
BS30-X01	剣神無双リューマン・ゴッドソード
BS30-X02	剣殻皇アクティオン
BS30-X03	機界蛇竜ヨルムンガンド
BS30-X04	リューマン・ザ・フォーミュラー
BS30-X05	アルティメット・ザンデ・ミリオン
BS30-X06	アルティメット・アヴリエル
BS30-X07	アルティメット・リーフ・シードラ
BS30-X08	木星神剣ジュピターセイバー
BS31-001	ムシャトカゲ
BS31-002	ヤイバード
BS31-003	ヒエンドラゴン
BS31-004	ハガネヴルム
BS31-005	鬼武者ライザン
BS31-006	ホムラチーター
BS31-007	武将 劉萬
BS31-008	サムライ・ドラゴン
BS31-009	ヨロイステゴ
BS31-010	センゴク・タイガー
BS31-011	火将龍ゴウエン
BS31-012	赤刃龍ザ・ヒート
BS31-013	ガスミミズク
BS31-014	式鬼神ホウリキ
BS31-015	赤鬼バクゾウ
BS31-016	落ち武者ボーン
BS31-017	鎧闘鬼ラショウ
BS31-018	ヘッドレスリッター
BS31-019	吸血陰陽師ヒレン
BS31-020	堕落僧コクゴウ
BS31-021	ケムリザル
BS31-022	紫煙龍
BS31-023	式鬼神ザンキ
BS31-024	王鬼ナラク
BS31-025	甲蛾忍ホッパ
BS31-026	ウズラッキー
BS31-027	風魔シノビリカ
BS31-028	甲蛾忍トックリワスプ
BS31-029	風魔ニンコウチョウ
BS31-030	異牙忍ラッパンサー
BS31-031	甲蛾忍シュリカブト
BS31-032	甲蛾忍クサリカマ
BS31-033	異牙忍コクロウ
BS31-034	異僧兵ゾウム
BS31-035	エルダームース
BS31-036	甲蛾上忍ベッコウ
BS31-037	アシガルウォーリアー
BS31-038	カッタースワロー
BS31-039	機巧犬セタドッグ
BS31-040	機巧武者サイウン
BS31-041	源氏八騎 日数ディフェンダー
BS31-042	吹雪御前
BS31-043	機巧将シグレ
BS31-044	源氏八騎 薄金ストライカー
BS31-045	機巧将ギョウテン
BS31-046	モロクリザード
BS31-047	砲獣機ライオメイル
BS31-048	巨腕の機巧武者ラカン
BS31-049	一つ目ボーズ
BS31-050	からかさマン
BS31-051	かっぱっぱ
BS31-052	ワンコマ
BS31-053	戦国姫 瑠璃
BS31-054	座敷ガール
BS31-055	戦国天使ムシャエル
BS31-056	カシャネコ
BS31-057	ヌリカベ
BS31-058	戦国姫 雷華
BS31-059	戦国姫トリックスター
BS31-060	泥ターボ
BS31-061	緑鳥童子
BS31-062	仏師パググ
BS31-063	カニコング
BS31-064	青海童子
BS31-065	白空童子
BS31-066	ヤリスキッド
BS31-067	赤剣明王
BS31-068	智水明王
BS31-069	ノーチラス・ゴレム
BS31-070	蒼海明王
BS31-071	剣豪獣人ガオウ
BS31-072	救世明王
BS31-073	竜甲冑ドラグマル
BS31-074	鎧飛竜オーソデルガー
BS31-075	折神バード
BS31-076	折神ホース
BS31-077	ハグルガマ
BS31-078	カラクリオオカミ
BS31-079	鎧戦車ヒッターカブト
BS31-080	鎧袖ファイター
BS31-081	朧ギッシャー
BS31-082	桜姫鶴
BS31-083	双竜船ハイドラシップ
BS31-084	ジェットカルラ
BS31-085	尖岩渓谷の大地
BS31-086	No.17 ストーンリバー
BS31-087	千本槍の合戦場
BS31-088	No.3 ロックハンド
BS31-089	No.22 サイレントヒル
BS31-090	吹き荒ぶ旋風
BS31-091	No.1 ノースシーロード
BS31-092	機巧城
BS31-093	マヨイ家
BS31-094	No.38 ラブプリンセス
BS31-095	No.34 ラージアイランド
BS31-096	千間観音堂
BS31-097	ソウルオーラ
BS31-098	火炎烈破斬
BS31-099	ソウルドロー
BS31-100	式鬼神オブザデッド
BS31-101	呪葬流転掌
BS31-102	ソウルシュート
BS31-103	瞬身之術
BS31-104	風遁之術
BS31-105	身代之術
BS31-106	タイムリワインド
BS31-107	鉄壁ウォール
BS31-108	ドリームバブル
BS31-109	イエローリカバー
BS31-110	とうせんぼウォール
BS31-111	火球アタック
BS31-112	マントラドロー
BS31-113	蒼激ブレイズ
BS31-114	ハイドロ曝龍
BS31-X01	戦国龍ソウルドラゴン
BS31-X02	邪法師オグマ
BS31-X03	甲蛾頭首クワガスレイヤー
BS31-X04	大機巧武者コンゴウ
BS31-X05	戦国姫 那由多
BS31-X06	覇界明王ニルヴァーナ
BS31-XX01	六絶神 欲望のデス・ガル・ヴァドス
BS31-XX02	六絶神 鉄壁のクロム・リゼルファー
BS31-CP01	筆頭家臣アカツキドラゴン
BS31-CP02	家臣鬼シキ
BS31-CP03	筆頭家臣キマダラ
BS31-CP04	家臣武者トキカゼ
BS31-CP05	家臣天狗コッパ
BS31-CP06	家臣明王ルドラー
BS32-001	角タヌ
BS32-002	南蛮武者ハクライ
BS32-003	ツノバズク
BS32-004	虎の子タイガ
BS32-005	剣武龍ムラマサ・ドラゴン
BS32-006	サンゾック・ベア
BS32-007	武者竜リンドウ
BS32-008	闘武龍チョウゲン
BS32-009	業炎獣将グレンベルス
BS32-010	魂鬼
BS32-011	陰陽童
BS32-012	紫煙猪
BS32-013	式鬼神シュウカイ
BS32-014	幻術士シモン
BS32-015	式鬼神ガラン
BS32-016	紫煙虎
BS32-017	妖術師ヤクモ
BS32-018	裏巫女リンネ
BS32-019	トゲアント
BS32-020	異牙忍モモンジャ
BS32-021	風魔ササクナイ
BS32-022	風魔グレイナイト
BS32-023	異牙忍ジャガン
BS32-024	甲蛾忍ルニヘル
BS32-025	異牙忍カンガル
BS32-026	甲蛾忍オオシオ
BS32-027	風魔上忍トキザネ
BS32-028	鉄砲機兵タネガシマ
BS32-029	機巧犬キシュードッグ
BS32-030	アシガルスピアー
BS32-031	機巧武者S23
BS32-032	源氏八騎 月数ランサー
BS32-033	機巧軍師シモカゼ
BS32-034	ハクドウトカゲ
BS32-035	源氏八騎 膝丸バスター
BS32-036	機巧要塞ハクゲイン
BS32-037	けうけげん
BS32-038	戦国姫 瑞樹
BS32-039	戦国姫 茶亞琉
BS32-040	雪ガール
BS32-041	キンしゃち
BS32-042	琵琶剣士ぼくぼく
BS32-043	戦国姫 葛葉
BS32-044	妖戒獣ヌエ
BS32-045	戦国姫 久遠
BS32-046	黄蛇童子
BS32-047	鍛冶師カメミツ
BS32-048	五聖童子
BS32-049	海竜明王
BS32-050	ブル庵和尚
BS32-051	ガンダーラ・ハイドラ
BS32-052	紫蓮明王
BS32-053	ホオジロタイガー
BS32-054	鉄拳明王
BS32-055	鎧龍刃ゴウテン
BS32-056	炎龍刀オニマル
BS32-057	折神モンキー
BS32-058	鎧鳥キレンジャック
BS32-059	亀甲獣カブトガメ
BS32-060	ヒメネコ
BS32-061	護法ゴレム
BS32-062	No.6 マウンテンシェイプ
BS32-063	No.32 アイランドルート
BS32-064	紫煙谷
BS32-065	No.25 グロウセレブレーション
BS32-066	天守ドッグ
BS32-067	No.42 ロングケープ
BS32-068	華黄の城門
BS32-069	No.11 ティップボール
BS32-070	芙蓉の五重塔
BS32-071	No.26 キャピタルキャピタル
BS32-072	天火烈刀斬
BS32-073	火炎之咆哮
BS32-074	ダークイニシエーション
BS32-075	抜魂幻糸
BS32-076	畳返之術
BS32-077	螺旋ニードル
BS32-078	リミテッドバリア
BS32-079	フォースクローク
BS32-080	妖雷スパーク
BS32-081	聖天霊光破
BS32-082	観音千撃掌
BS32-083	クラッシュアンドビルド
BS32-X01	戦国覇王ギュウモンジ
BS32-X02	神霊王アメホシノミコト
BS32-X03	風魔頭首シノビオウ
BS32-X04	機巧大将軍タイクーン
BS32-X05	妖戒大将カシャネコ・イクサ
BS32-X06	蓮華王センジュ
BS32-XX01	六絶神 豊穣のジアス
BS32-XX02	六絶神 慈愛のエル・ラフィル
BS32-CP01	魂武者リューガ
BS32-CP02	武将転生
BS33-001	ドラマル
BS33-002	ホムラグドール
BS33-003	軍師クローダードラゴン
BS33-004	麗武将ヒョウジンドラゴン
BS33-005	ムシャケラトプス
BS33-006	センゴクコンドル
BS33-007	大刀武将ザンゲキドラゴン
BS33-008	陽天竜レンギョウ
BS33-009	騎竜武将ガイシュウ
BS33-010	覚醒龍スメラギ・ドラゴン
BS33-011	ほねずみ
BS33-012	紫煙蝶
BS33-013	ケムリテン
BS33-014	狼鬼
BS33-015	鬼馬武者クガイ
BS33-016	大鎌鬼シガン
BS33-017	闇修験クラマ
BS33-018	式鬼神コブシ
BS33-019	紫煙獅子
BS33-020	龍面鬼ビランバ
BS33-021	伝令ジェネット
BS33-022	ガガン坊
BS33-023	甲蛾忍ヒャクデ
BS33-024	忠臣ラテル
BS33-025	甲殻武者シカク
BS33-026	忠臣ユキノジョウ
BS33-027	忠臣ヒグマル
BS33-028	鎧風魔ヨロイズモ
BS33-029	戦国六武将テンセイ
BS33-030	風魔上忍ケツアール
BS33-031	ザクロカブトカゲ
BS33-032	アシガルガンナー
BS33-033	機巧獣ショウエン
BS33-034	ムシャリザード
BS33-035	機巧竜シロガネドラゴン
BS33-036	メノウドラゴン
BS33-037	機巧犬アキタドッグ
BS33-038	源氏八騎 沢瀉・ザ・ブシドー
BS33-039	E-バルチャー
BS33-040	源氏八騎 楯無フォートレス
BS33-041	戦国姫 蒲公英
BS33-042	キヌタヌキ
BS33-043	戦国姫 撫子
BS33-044	豆腐ボーイ
BS33-045	枕返しキッド
BS33-046	戦国姫 御影
BS33-047	ジェネラル瀬戸大将
BS33-048	戦国姫 京
BS33-049	戦国六武将バケルカッツェ
BS33-050	九尾フォックス
BS33-051	水師オット
BS33-052	薬売りのテリノスケ
BS33-053	磯武者キリサメ
BS33-054	潮武者セイジュウロウ
BS33-055	シュモクパンサー
BS33-056	サソリザン
BS33-057	波濤の海将シャモン
BS33-058	孔雀明王
BS33-059	マッコウセラス
BS33-060	No.43 ベアーブック
BS33-061	大龍城・本丸
BS33-062	No.21 ダイバージェンスヒル
BS33-063	鬼岩要塞
BS33-064	No.12 サウザンドリーフ
BS33-065	手裏剣大地
BS33-066	No.15 ニューラグーン
BS33-067	機巧戦艦フツノミタマ
BS33-068	No.37 フレグランスリバー
BS33-069	姫たちの空中庭園
BS33-070	No.2 ブルーフォレスト
BS33-071	阿弥陀如来像
BS33-072	一発必中ドロー
BS33-073	激龍フレイム
BS33-074	反魂呪
BS33-075	封臨禍斬
BS33-076	口寄之術
BS33-077	獣牙旋風刃
BS33-078	光翼之太刀
BS33-079	白晶防壁
BS33-080	狐火インパクト
BS33-081	魂円舞
BS33-082	湧力招海
BS33-083	天輪蒼破
BS33-X01	剣豪龍サムライ・ドラゴン・天
BS33-X02	戦国六武将ムドウ
BS33-X03	大名獣ヤイバノカミ
BS33-X04	戦国六武将センリュウカク
BS33-X05	戦国姫 御琴
BS33-X06	戦国六武将タイダル・ブルー
BS33-XX01	六絶神 剛力のドラグ・マグナ
BS33-XX02	六絶神 封印のシュトローム・ハイド
BS33-CP01	氷の覇王ミブロック・バラガン
BS33-CP02	砲天使カノン
BS33-CP03	双光気弾
BS34-001	角ペンギン
BS34-002	側近衆ホムラマンドリル
BS34-003	弩弓竜スイハ
BS34-004	鉄砲犬ザッシュ
BS34-005	暴武将ゴウジン
BS34-006	武者法師スオウ
BS34-007	ムシャレックス
BS34-008	聖炎龍
BS34-009	大家老リュウゼン
BS34-010	前鬼
BS34-011	ケムリネコ
BS34-012	側近衆ヘル・スカル
BS34-013	骸骨僧正
BS34-014	鬼道法師アラヤ
BS34-015	ムシャデビル
BS34-016	天魔王ゴッド・ゼクス -零ノ型-
BS34-017	陰陽導師シド
BS34-018	紫煙鷲
BS34-019	後鬼
BS34-020	風魔ヤブサメ
BS34-021	側近衆ウッソン
BS34-022	異牙忍ワラビ
BS34-023	見張りキンカ
BS34-024	甲殻武者ヒシガタ
BS34-025	忠臣エゾウルフ
BS34-026	オトノサマ
BS34-027	風魔ホトトギス
BS34-028	異牙中忍レオ・カムイ
BS34-029	大地の忍ダイビート
BS34-030	アシガルアーチャー
BS34-031	源氏八騎 源太
BS34-032	側近衆シバドッグ
BS34-033	犀ボーグ
BS34-034	機巧武者ズイウン
BS34-035	機巧忍者シオマネキ
BS34-036	機巧法師ヤテンコウ
BS34-037	機巧将イチヤ・ジョー
BS34-038	機巧武者ユキグレ
BS34-039	源氏八騎 八龍
BS34-040	戦国姫 珠希
BS34-041	側近衆ワンコマ吽
BS34-042	ギュウキ
BS34-043	戦国姫 胡蝶
BS34-044	ドンぬらりひょん
BS34-045	のっぺらガール
BS34-046	戦国姫 綺羅＆沙羅
BS34-047	一反モメン
BS34-048	大ダラボッチ
BS34-049	小波童子
BS34-050	ネコザメキャット
BS34-051	氷河武者ゴマフ
BS34-052	側近衆ジンベア
BS34-053	ワニアラシ
BS34-054	海龍武将イッカク
BS34-055	降魔明王
BS34-056	ノコギリウルフ
BS34-057	法剣明王
BS34-058	炎龍刀オニマル・真打
BS34-059	カイギュウ・アームズ
BS34-060	No.20 ロングフィールド
BS34-061	炎武の紋
BS34-062	No.23 ラブウィズダム
BS34-063	忍の森の一本杉
BS34-064	No.10 クラウドホース
BS34-065	燃える梵能寺テンプル
BS34-066	No.40 グッドラックヒル
BS34-067	王位継承籤
BS34-068	No.30 トータルソングマウンテン
BS34-069	暁の寺院城アルン
BS34-070	No.35 マウンテンマウス
BS34-071	オワリノセカイ
BS34-072	龍魂乱舞
BS34-073	焔大傾奇
BS34-074	命操呪
BS34-075	天魔王降臨
BS34-076	神威ウィンド
BS34-077	忍風ストーム
BS34-078	氷雪サークル
BS34-079	源氏八極無双陣
BS34-080	舞華ドロー
BS34-081	百鬼夜行
BS34-082	海断一刀斬
BS34-083	オーシャンコール
BS34-X01	戦国龍皇バーニング・ソウルドラゴン
BS34-X02	陰陽皇リクドウ
BS34-X03	異牙忍頭首トウドウ
BS34-X04	天下武者デイブレイク・サード
BS34-X05	戦国姫 綾芽
BS34-X06	七海大名シロナガス
BS34-XX01	戦国龍神テンカフブ
BS34-XX02	天魔王ゴッド・ゼクス -破ノ型-
BS34-CP01	爆炎の起導士イザナ
BS34-CP02	宵闇の起導士ナカガミ
BS34-CP03	緑影の起導士アオギリ
BS34-CP04	機巧の起導士ギンレイ
BS34-CP05	月下の起導士ミオ
BS34-CP06	深海の起導士ウナト
BS34-CP07	戦国六武将レオンランサー
BS35-001	ツノマウス
BS35-002	魂剣竜リンドウ
BS35-003	魂槍竜ヒサメ
BS35-004	炎狼ヴォルファイア
BS35-005	甲の使徒レーディア
BS35-006	魂騎竜セイガ
BS35-007	庚獣竜ドラリオン
BS35-008	魂侍龍サムライ・ドラゴン・ヘヴン
BS35-009	爆走ラピード
BS35-010	暴剣竜ダイナソード
BS35-011	戊の戦馬サラブレード
BS35-012	エグゾスネーク
BS35-013	紫煙蜘蛛
BS35-014	義賊のメルクリオ
BS35-015	混沌の魔術師アマルディ
BS35-016	メタルボーンドラゴン
BS35-017	サーベルスネーク
BS35-018	騎死龍グレイザス
BS35-019	聖蛇アズーリア
BS35-020	紫煙麒麟
BS35-021	冥龍ゾン・サーグ
BS35-022	陰陽鬼ツチミカド
BS35-023	チキンナイト
BS35-024	風魔タシギ
BS35-025	丁騎士シュバリエ
BS35-026	癸の使徒ユリカモ
BS35-027	シルフィードハスキー
BS35-028	はぐれ忍者マンティスロウ
BS35-029	乙騎士エウロス・ファルコン
BS35-030	甲殻剣士ラミニフェンサー
BS35-031	辛騎士ヴァン・イーグル
BS35-032	フォロフォロー
BS35-033	大鳥樹エンシェント・モア
BS35-034	ブリッツ・ラクーン 
BS35-035	シールド・スクーロル
BS35-036	乙機兵メェーシア
BS35-037	ビッグホーンガード
BS35-038	己械人アイベリクセン
BS35-039	己械人アイベリクセン -機獣モード-
BS35-040	丁機兵メインド・ウルフ
BS35-041	天魔王ゴッド・ゼクス -伍ノ型-
BS35-042	蒼戦機レギンレイブ
BS35-043	機巧将軍ダイゴンゲン
BS35-044	辛機走兵キングチーター
BS35-045	果物人ストロ・ベリィ
BS35-046	クーリン
BS35-047	果物人リンゴスター
BS35-048	ゴーゴーゴースト
BS35-049	妖戒王子キッドラキュラ
BS35-050	果物人オレンジオ
BS35-051	賢獣スピンクス
BS35-052	果物人スイカドン
BS35-053	サーキットプリンセス トリックスター
BS35-054	美食の妖精パティシエール
BS35-055	美食の妖精スィーツ
BS35-056	海傭師団スナ・メリー
BS35-057	イノツチブタ
BS35-058	海傭師団コジラク
BS35-059	シマクマ
BS35-060	フォクシカ
BS35-061	イノヒョウゾウ
BS35-062	海傭師団シャーガ
BS35-063	キメライオン
BS35-064	海将軍カニメデス
BS35-065	風神明王
BS35-066	雷神明王
BS35-067	武龍魔神
BS35-068	式鬼魔神
BS35-069	忍魔神
BS35-070	機巧魔神
BS35-071	魔神姫
BS35-072	鮫魔神
BS35-073	No.7 グッドラックアイランド
BS35-074	故郷の山に似た山
BS35-075	No.4 パレスキャッスル
BS35-076	竜骸山脈
BS35-077	No.33 ヒルマウンテン
BS35-078	白雲に茂る天翼樹
BS35-079	No.44 ビッグミニット
BS35-080	城壁都市ウォールシープス
BS35-081	キッチンヘンジの遺跡
BS35-082	No.19 マウンテンペアー
BS35-083	No.27 ビッグスロープ
BS35-084	巨顔石の森
BS35-085	ドラゴフレイム
BS35-086	エンペラードロー
BS35-087	烈火槍激破
BS35-088	リターンスモーク
BS35-089	クリスタルブレイク
BS35-090	アメジストライディーン
BS35-091	パワーオブウィンド
BS35-092	フラップウィング
BS35-093	ゲイルロードフィニッシュ
BS35-094	マジックロープ
BS35-095	シープウォール
BS35-096	ドリームスラッシュ
BS35-097	フルーツチェンジ
BS35-098	フライングカーペット
BS35-099	イエローサン
BS35-100	オーシャンエナジー
BS35-101	パージアタック
BS35-102	風雷破
BS35-X01	魂皆伝ブゲイシャー・ドラゴン
BS35-X02	六冥魔導ディエス・レイス
BS35-X03	酉の十二神皇ゲイル・フェニックス
BS35-X04	未の十二神皇グロリアス・シープ
BS35-X05	果物王ドリアルバ27世
BS35-X06	千獣の王者ドス・ダイモス
BS35-XX01	緑の起源龍ヴィリジオラス
BS35-XX02	天魔王ゴッド・ゼクス -終ノ型-
BS35-CP01	玉帝龍ダイテイオウ
BS36-001	ツノウィゼル
BS36-002	グラディエータードラゴン
BS36-003	壬馬トラケナー
BS36-004	ハフリンガム
BS36-005	ゴルゴザウルス
BS36-006	溶岩獣ヴォルラス
BS36-007	五賢龍帝ハドリアヌス
BS36-008	五賢龍帝ピウス
BS36-009	五賢龍帝ネルウァ
BS36-010	五賢龍帝トラヤヌス
BS36-011	ウロドラ
BS36-012	スチームスネーク
BS36-013	戊の四騎龍レッドライダー
BS36-014	紫煙魚
BS36-015	死神壬龍ジェット・ザ・リッパー
BS36-016	戊の四騎龍ホワイトライダー
BS36-017	スカルドラゴン
BS36-018	丙の紫煙巨人
BS36-019	フローライト・ドラゴン
BS36-020	従士鳥ヒスイ
BS36-021	蜂人バンブル・B
BS36-022	乙騎士ペリガード
BS36-023	己の蜂人モン・ホーネット・B
BS36-024	蜂人カーペンタ・B
BS36-025	異牙忍チータ
BS36-026	丁騎士長イヌワッシャー
BS36-027	はぐれ忍者ニジロウ
BS36-028	蜂人ハーキリー・B
BS36-029	ビーム・アキャット
BS36-030	サーベル・フォネウス
BS36-031	乙機獣インドコテリウマー
BS36-032	アカシックガード
BS36-033	丁戦機ヘルヴォル
BS36-034	丁戦機スルード
BS36-035	ジャイアント・パンガード
BS36-036	乙機獣ドリラスモス
BS36-037	ガトリングポーラー
BS36-038	ハンギョロン
BS36-039	果物人モモピーチ
BS36-040	ウルフボーイ
BS36-041	ジャックオーランタン
BS36-042	美食の妖精サンデー
BS36-043	お忍び姫 須勢理
BS36-044	果物人ラ・フラン
BS36-045	美食の妖精シュゼット
BS36-046	ボンタン
BS36-047	果物人キョ・ホーン
BS36-048	ウリマジロ
BS36-049	カモノゲンナイ
BS36-050	乙の爆獣カバクーダ
BS36-051	タヌビート
BS36-052	癸の爆獣バビレーサー
BS36-053	辛異獣ツインヘッドライオン
BS36-054	スネーキリン
BS36-055	弁天姫サラスヴァティー
BS36-056	癸の爆獣グリズクラッシュ
BS36-057	火魔神
BS36-058	妖魔神
BS36-059	牙魔神
BS36-060	狼魔神
BS36-061	霊銀魔神
BS36-062	プリン魔神
BS36-063	天魔神
BS36-064	蝦魔神
BS36-065	青銅魔神
BS36-066	No.31 バードハンティング
BS36-067	No.16 リッチマウンテン
BS36-068	No.8 ソーンキャッスル
BS36-069	No.28 ソルジャーストアハウス
BS36-070	No.29 アップルグッド
BS36-071	No.47 オフィングロープ
BS36-072	フレイムバリケード
BS36-073	ポイズンブレス
BS36-074	ソニックバインド
BS36-075	ドリームバリア
BS36-076	ボンビーム
BS36-077	ワイルドクラッシュ
BS36-X01	五賢龍帝アウレリウス
BS36-X02	辰の十二神皇ウロヴォリアス
BS36-X03	辛速の勇者ソニックワスプ・A
BS36-X04	己械合神マンモ・イージス
BS36-X05	美食の妖精姫フロマージュ
BS36-X06	亥の十二神皇カラミティ・ボア
BS36-XX01	白の起源龍メトロポリスタ
BS36-XX02	青の起源龍パンゲア
BS36-CP01	庚天獣レディアント・ペガス
BS36-CP02	丁騎士ウェッジテイル
BS37-001	ハクビシンドローン
BS37-002	暴龍王ネロ・ドラグディウス
BS37-003	甲獣キャノン・ピューマ
BS37-004	スピノスレッガー
BS37-005	壬獣アクセルエッジ
BS37-006	蒼き雷霆ケラヴノス
BS37-007	光線獣レーザー・レオン
BS37-008	丙獣ブラストタイガー
BS37-009	黒壬獣ブラッディセイバー
BS37-010	庚獣ゴールデン・アクセル・タイガー
BS37-011	ヤブサメ・ドラゴン
BS37-012	庚の加速龍タービュランス
BS37-013	クルセイダードラゴン
BS37-014	ミストバット
BS37-015	美麗鬼アラ 
BS37-016	獅死龍王リチャード1世
BS37-017	戊の四騎龍ブラックライダー
BS37-018	戦鬼ナサローク
BS37-019	ミストワイバーン
BS37-020	クルセイダージェネラス
BS37-021	十字騎竜クルセイダス
BS37-022	飛甲竜スティールホーンドラゴン
BS37-023	戦鬼ムルシエラ
BS37-024	チャトランナー
BS37-025	蜂人ハラアカ・B
BS37-026	ロードバシリー
BS37-027	ヒルスビートル
BS37-028	蜂人ルリモン・B
BS37-029	ハイカラ忍者バーバリホッパー
BS37-030	ウィリー・コヨーテ
BS37-031	辛騎士アカオナイト
BS37-032	丁騎士ヘビークイック
BS37-033	蒼き蜂皇オオセイボゥ・A
BS37-034	癸鳥ワタリアルバ
BS37-035	乙騎士ハルパー・ゴルニス
BS37-036	キノグナトゥース
BS37-037	エピガーウルス
BS37-038	癸械獣グロッソ・テリウマン
BS37-039	己械獣士ソリッド・ファルコ
BS37-040	機巧武者E-ナオマサ
BS37-041	己械人シェパードール
BS37-042	己械獣士ブロッケイド・タイガー
BS37-043	恐竜機ブラキオックス
BS37-044	丁の恐竜機ディノニク・ウォーカー
BS37-045	恐竜機トリケラ・ビークル
BS37-046	巨神機スライド・ゲルム
BS37-047	グロリアス・シープ -機人モード-
BS37-048	白猿のシャラバ
BS37-049	レーシングペンタン
BS37-050	壬の火猿ニーラ
BS37-051	戊の水猿スシェーナ
BS37-052	果物人ブルブルベリィ
BS37-053	美食の妖精ロゼット
BS37-054	庚の猿王子アンガダ
BS37-055	猿道士オンコット
BS37-056	美食の妖精アマンディーヌ
BS37-057	フランケンマン
BS37-058	果物人パパイヤン
BS37-059	甲の猿王スグリーヴァ
BS37-060	巨人王子ラクシュマナ
BS37-061	巨人王子シャトルグナ
BS37-062	巨人姫シーター
BS37-063	己の爆獣ヨロイサイダー
BS37-064	ナマケル
BS37-065	巨人王子バラタ
BS37-066	イボイノコング
BS37-067	エレファント・ギア
BS37-068	辛の異獣クロヒョウザン
BS37-069	巨人王子ラーマ
BS37-070	鳥巨人ジャターユ
BS37-071	帝釈天将インドラ
BS37-072	熊魔神
BS37-073	悪龍魔神
BS37-074	兜魔神
BS37-075	頭突魔神
BS37-076	猿魔神
BS37-077	象魔神
BS37-X01	寅の十二神皇リボル・ティーガ
BS37-X02	六冥魔導シャミーラム
BS37-X03	加速癸鳥エアイレイザー
BS37-X04	恐竜辛機ターボレックス
BS37-X05	申の十二神皇ハヌマーリン
BS37-X06	維持神ヴィシューテン
BS37-XX01	赤の起源龍アマテラス
BS37-XX02	紫の起源龍イシュ・バラム
BS37-CP01	加速戦士リボル・レッド
BS37-CP02	加速戦士ゲイル・グリーン
BS37-CP03	加速戦士イエロー・マーリン
BS38-001	ヒキャクドラゴン
BS38-002	丙獣リングテール
BS38-003	子連れドラゴン
BS38-004	ナノティラー
BS38-005	起導銃士ヒガン
BS38-006	庚寅獣ブロス・ティーガ
BS38-007	剣皇武龍ゼットウ・ドラゴン
BS38-008	ビッグ・ザ・タイガー
BS38-009	ガスナコ
BS38-010	ボルトスネーク
BS38-011	獄土の騎士レフティス
BS38-012	戊の四騎龍ブルーライダー
BS38-013	獄土騎士団
BS38-014	式鬼神ウラ
BS38-015	獄土の大騎士オルダ・グラナトス
BS38-016	丁の遺跡蛇ルインイール
BS38-017	タンホト
BS38-018	獄風の小隊アントマン
BS38-019	辛騎士ブルーヘッド
BS38-020	辛の跳獣ブースト・チェッカー
BS38-021	獄風の衛兵ツノハサ・シールダー
BS38-022	獄風の魔術師セントール
BS38-023	乙の跳獣女王アルレ・クィーン
BS38-024	スタートル
BS38-025	アルジェント・ヴィクセン
BS38-026	辛の獣戦艦ガード・ウル
BS38-027	己械人ガンズ・フォックス
BS38-028	丁戦機ゲンドゥル
BS38-029	乙の獣戦艦ヤク・ド・ウォール
BS38-030	癸械神機シャイングリフ
BS38-031	紅炎の戦姫ブリュンヒルデ
BS38-032	メロフーリン
BS38-033	ピットペンタン
BS38-034	ツナワタリーマウス
BS38-035	果物人ナナバ
BS38-036	丙の道化トラペイズマウス
BS38-037	庚の金猿カンダマダン
BS38-038	美食の妖精カノコ
BS38-039	壬の道化ジャグリンガリアン
BS38-040	ツチブタギア
BS38-041	アシカモシカ
BS38-042	チョウチンリザード
BS38-043	辛の爆獣カルネージ・レッドボア
BS38-044	獄海勇士スキッドメン
BS38-045	広目天将ビルバクシャ
BS38-046	丁の爆獣ドリルサイクラッシャー
BS38-047	獄海将軍スキッドメン・ジェネラル
BS38-048	炎極天フレイムタイガー
BS38-049	アルティメット・ムラマサ・ドラゴン
BS38-050	暗極天スピネルドラゴン
BS38-051	獄土の魔導師ディナイアル
BS38-052	獄風極天クルビデンス
BS38-053	黄金の大翼ライチョークス
BS38-054	鋼極天バッファキャノン
BS38-055	己械勇者プロング・ホーン
BS38-056	極天姫ヒフミ
BS38-057	黄金道化ゴールデンハム
BS38-058	黄金爆獣ダッシュ・ヤマンシー
BS38-059	獄海提督スキッドメン・アドミラル
BS38-060	No.5 オータムライスフィールド
BS38-061	No.45 パレスケープ
BS38-062	No.9 ホースチェスナットツリー
BS38-063	No.18 グッドラックウェル
BS38-064	No.39 ハイウィズダム
BS38-065	No.36 バーチャスアイランド
BS38-066	リボルドロー
BS38-067	イビルフレイム
BS38-068	インフェクションシュート
BS38-069	マーターズハート
BS38-070	アルティメットサンダーボルト
BS38-071	インファナルウィンド
BS38-072	ドリームリベンジ
BS38-073	リアクティブバリア
BS38-074	マジシャンズポーション
BS38-075	ドラフティングコール
BS38-076	ハイドロリックウェーブ
BS38-077	スクロールドロー
BS38-RV001	カメレオプス
BS38-RV002	十字星竜サザンクロス・ドラゴン
BS38-RV003	ヤシウム
BS38-RV004	フライスカル
BS38-RV005	魔具使いのカエルム
BS38-RV006	戦車皇ディルガン
BS38-RV007	大水蛇ハイドロゲン
BS38-RV008	ダンデラビット
BS38-RV009	コロコーン
BS38-RV010	星騎士ハーキュリーΩ
BS38-RV011	イグア・バギー
BS38-RV012	キグナ・スワンMk-II
BS38-RV013	ノーザンベアード
BS38-RV014	水晶魚クリスティール
BS38-RV015	空母鯨ホーゲール
BS38-RV016	星犬ポメラン
BS38-RV017	コグマル
BS38-RV018	天星馬ペガシーダ
BS38-RV019	黒獣王ケフェウス
BS38-RV020	星海獣シー・サーペンダー
BS38-RV021	巨人勇者ペルセウス
BS38-RV022	砲凰竜フェニック・キャノン
BS38-RV023	黒翼竜バーン・クロウ
BS38-RV024	千刀鳥カクレイン
BS38-RV025	ポッポール
BS38-RV026	星の祭壇
BS38-RV027	戴冠する活火山
BS38-RV028	血塗られた魔具
BS38-RV029	六分儀天文台
BS38-RV030	八分儀の祠
BS38-RV031	白き楯の長城
BS38-RV032	時刻む花時計
BS38-RV033	星空の冠
BS38-RV034	未完成の古代戦艦：竜骨
BS38-RV035	未完成の古代戦艦：船尾
BS38-RV036	サザンクロスフレイム
BS38-RV037	カシオペアシール
BS38-RV038	デルタバリア
BS38-RV039	メロディアスハープ
BS38-RV040	マーキュリーゴブレット
BS38-RV041	エリダヌスフラッド
BS38-X01	白庚皇エクスパルド
BS38-X02	獄土の四魔卿マグナマイザー
BS38-X03	乙の白騎士アルパイン・ビット
BS38-X04	丑の十二神皇アバランシュ・バイソン
BS38-X05	子の十二神皇マウチュー
BS38-X06	獄海の四魔卿イル・イマージョ
BS38-XX01	獄風の四魔卿ヴァンディール
BS38-XX02	黄の起源龍デルフィニュート
BS38-RVX01	光龍騎神サジット・アポロドラゴン
BS38-RVX02	魔羯邪神シュタイン・ボルグ
BS38-RVX03	巨蟹武神キャンサード
BS38-RVX04	獅機龍神ストライクヴルム・レオ
BS38-RVX05	魔導双神ジェミナイズ
BS38-RVX06	天蠍神騎スコル・スピア
BS38-CP01	超・炎魔神
BS38-CP02	超・風魔神
BS38-CP03	爆魔神
BS38-CP04	デパーテッドソウル
BS38-CP05	獄風の探索者カゲロウ・シーカー
BS38-CP06	アバランシュ・バイソン-フォートレスモード-
BS38-CP07	丙の木猿ナラ
BS38-CP08	海魔神
BS39-001	レーシングオコジョー
BS39-002	丙の整備士メンテナンスドンキー
BS39-003	庚午獣ハイレオン
BS39-004	シューティングゼブラー
BS39-005	甲寅獣マッハ・ティーガ
BS39-006	壬狐イマージュフォックス
BS39-007	獄炎伯デフェール
BS39-008	イマジンホース
BS39-009	戊の三馬神ゴドルフィン
BS39-010	ティアスネーク
BS39-011	乙の整備士インフィニスネーク
BS39-012	乙巳の司祭アプス
BS39-013	エグゼシード・リバース
BS39-014	黒壬龍オブシディアン・ドラゴン
BS39-015	庚の水晶龍アメジスト・ドラゴン・ソニック
BS39-016	ウロヴォリアス・リバース
BS39-017	ドクロスリーパー
BS39-018	ガンナー・ハスキー
BS39-019	弾丸跳獣アークティックヘア
BS39-020	乙騎士ルースターナイト
BS39-021	丁騎士トラフ・オウル
BS39-022	庚戌兵パーシュアー・ボルゾイ
BS39-023	辛騎士クラウン・クレイン
BS39-024	癸酉の大騎士イーグランス
BS39-025	パンゴン
BS39-026	探索機人ジラフ
BS39-027	アクロリス
BS39-028	己の整備士シールドポーラベア
BS39-029	丁の駆逐獣艦デストリックス
BS39-030	勝利の戦姫シグルドリーヴァ
BS39-031	新星己獣エアロ・シープ
BS39-032	癸の獣戦艦キングオックス5世
BS39-033	マインドラ＆ディヴィク
BS39-034	ロボロフ
BS39-035	ハムタン
BS39-036	果物女王マンゴスティナ
BS39-037	壬の道化チンチラー
BS39-038	美食の妖精ドルチェ
BS39-039	庚の猿王ヴァーリン
BS39-040	火龍果ピタージャ
BS39-041	ツインヘッドブルテリア
BS39-042	ハンマーヘッドマン
BS39-043	甲戌兵ツインヘッドコリー
BS39-044	癸亥獣ディザスター・ボア
BS39-045	持国天将シュトラ
BS39-046	壬戌兵ツインヘッドビーグル
BS39-047	庚戌将ドーベルドッグ
BS39-048	雷魔神
BS39-049	赤魔神
BS39-050	時魔神
BS39-051	紫魔神
BS39-052	緑魔神
BS39-053	翼魔神
BS39-054	幻魔神
BS39-055	白魔神
BS39-056	奇術魔神
BS39-057	黄魔神
BS39-058	轟魔神
BS39-059	青魔神
BS39-060	情熱サーキット
BS39-061	神皇祀る霊廟
BS39-062	力集める翼風車
BS39-063	No.24 トリプルヘビー
BS39-064	No.14 ゴッドアップルリバー
BS39-065	No.41 サポートセレブレーション
BS39-066	トゥエルブエナジー
BS39-067	エグゼフレイム
BS39-068	デッドリィアッシュ
BS39-069	ヘヴンズベンジェンス
BS39-070	チェイスライド
BS39-071	ゼファーヴォルテックス
BS39-072	スクランブルブースター
BS39-073	ブライバスター
BS39-074	スイートシンフォニー
BS39-075	チアリングサポート
BS39-076	ボアアップ
BS39-077	グリードリジェクト
BS39-RV001	アクゥイラム
BS39-RV002	星角獣ユニゴーント
BS39-RV003	獅龍皇子レオグルス
BS39-RV004	グラシャハウンド
BS39-RV005	ジャイナガン
BS39-RV006	蛇皇神帝アスクレピオーズ
BS39-RV007	コンパス・ミンゴ
BS39-RV008	一番槍のシベルザ
BS39-RV009	ゴクラクチョー
BS39-RV010	若武者ウンピョル
BS39-RV011	セイルフィッシュ
BS39-RV012	ドルフィング
BS39-RV013	衛星ロボ テレスコード
BS39-RV014	麒麟星獣リーン
BS39-RV015	星馬コルット
BS39-RV016	星鳥クージャ
BS39-RV017	妖精神官アンドロメダ
BS39-RV018	天使コーマ
BS39-RV019	大地の狩人コンドラッド
BS39-RV020	ケンタウロス・ゴレム
BS39-RV021	人馬巨人トロイデス
BS39-RV022	巨人猟兵オライオン
BS39-RV023	古代戦艦アルゴ・ゴレム
BS39-RV024	騎士王蛇ペンドラゴン
BS39-RV025	刃狼ベオ・ウルフ
BS39-RV026	セイバーシャーク
BS39-RV027	レチクル・アームズ
BS39-RV028	そびえる机山群
BS39-RV029	剣の誕生地
BS39-RV030	偶像の館
BS39-RV031	終末描かれしキャンバス
BS39-RV032	巨木の門
BS39-RV033	月光集める塔
BS39-RV034	遥かなる衛星砲
BS39-RV035	定規山脈
BS39-RV036	未完成の古代戦艦：帆
BS39-RV037	未完成の古代戦艦：羅針盤
BS39-RV038	サジッタフレイム
BS39-RV039	ボオーテスコール
BS39-RV040	トライアングルトラップ
BS39-RV041	バキュームシンボル
BS39-X01	超・十二神皇エグゼシードF
BS39-X02	巳の十二神皇ティアマドー
BS39-X03	超・十二神皇ゲイル・フェニックスZ
BS39-X04	己械王ブライオン
BS39-X05	美食の妖精神エクレア・シフォン
BS39-X06	戌の十二神皇グリードッグ
BS39-RVX01	金牛龍神ドラゴニック・タウラス
BS39-RVX02	双魚賊神ピスケガレオン
BS39-RVX03	白羊樹神セフィロ・アリエス
BS39-RVX04	宝瓶神機アクア・エリシオン
BS39-RVX05	戦神乙女ヴィエルジェ
BS39-RVX06	天秤造神リブラ・ゴレム
BS39-XX01	起源神皇龍ダイオリジン
BS39-XX02	光導神ゾディアック・ピオーズ
BS39-XX03	邪神皇デスピアズ
BS40-001	ディノラゴン
BS40-002	ユーパルランス
BS40-003	勇輝ヒートホーンドラゴン
BS40-004	赤の探索者エドウィック
BS40-005	アサシンベアキャット
BS40-006	勇輝竜エラス・モーディアス
BS40-007	古代王者シアッチ・ミーケロン
BS40-008	煌速龍マッハドラゴン
BS40-009	煌刃皇セブンソードタイガー
BS40-010	鉄騎魔龍ヴァ・ドー
BS40-011	大煌竜スピノザーク
BS40-012	デスツインズ
BS40-013	ルーン・パイソン
BS40-014	イビルチャーチマン
BS40-015	紫の探索者ディール
BS40-016	ヒャクメボア
BS40-017	デストーカー
BS40-018	銀鱗竜シルヴァハート
BS40-019	魔界騎士ジャズワース
BS40-020	妖蛇の神皇シェンマドー
BS40-021	煌魔竜フォール・ザ・レムス
BS40-022	黒剣鬼デアルカイン
BS40-023	コツノアントマン
BS40-024	マスクドフウキン
BS40-025	勇輝コブノハシ
BS40-026	緑の探索者プークスス
BS40-027	勇輝の賢者オールドウッドバッカー
BS40-028	風兎の神皇アニマ・ビット
BS40-029	蹴撃皇ヒクイ・ドゥ
BS40-030	マンティスレイダー
BS40-031	煌牙狼ウルフズベリア
BS40-032	煌羽鳥フキナガシー
BS40-033	鎧武神オオカブト
BS40-034	PO-KE8
BS40-035	勇輝クリアノドン
BS40-036	白の探索者RZ-7
BS40-037	勇輝メカスマニアデビル
BS40-038	煌角獣ギガンテックエルク
BS40-039	戦乙女機オルトリンデ
BS40-040	銃皇機ジークムント
BS40-041	煌めきの女神エルダ
BS40-042	巨神獣ファーゾルト
BS40-043	雷神機ドンナー
BS40-044	天使キューリン
BS40-045	カミチュー
BS40-046	天使ビビビエル
BS40-047	黄の探索者 天使メリエル
BS40-048	天使レムリエル
BS40-049	智天使ヨフィエル
BS40-050	果物人スター・ルーツ
BS40-051	ペンタン皇帝アンプルール77世
BS40-052	煌めきの道化姫トリックスター
BS40-053	煌天使レジエル
BS40-054	幻聖獣カーディンクル
BS40-055	ファランクス巨人部隊
BS40-056	剣闘士巨人ジェイソン
BS40-057	青の探索者ケヴィン
BS40-058	チェーンド・ボア
BS40-059	大地の巨人スタンレー
BS40-060	合成獣キマベロス
BS40-061	ツインヘッドエレファント
BS40-062	蒼翼犬ツインヘッドシェパード
BS40-063	巨人王者アイオン
BS40-064	鯱鎧のハイラム
BS40-065	自動強化鎧のエサルレッド
BS40-066	竜の尻尾奇岩
BS40-067	紅きオベリスク
BS40-068	最後の薔薇水晶
BS40-069	忘れられし英雄の肖像
BS40-070	巨鳥の巣
BS40-071	千年樹林
BS40-072	凍りついた海原
BS40-073	墜落戦艦遺跡
BS40-074	パフェの展望塔
BS40-075	天空都市ルミナ・エテルナ
BS40-076	水没都市遺跡
BS40-077	青の聖遺物
BS40-078	ダイナパワー
BS40-079	ジュライドロー
BS40-080	セイントフレイム
BS40-081	クロススラッシュ
BS40-082	ルーンサモン
BS40-083	ディザイアレイ
BS40-084	バインディングベリア
BS40-085	マンティスエッジ
BS40-086	ヒーリングダンス
BS40-087	ドリームアブダクション
BS40-088	エクスティンクションウォール
BS40-089	ビームゲート
BS40-090	リカバリースター
BS40-091	セイクリッドウィング
BS40-092	フルファイア
BS40-093	バーサククラッシュ
BS40-094	ブレイクチェーン
BS40-095	タイタスボディプレス
BS40-RV001	曲刀竜パラサウル
BS40-RV002	暴双龍ディラノス
BS40-RV003	サイクロ・ワインダー
BS40-RV004	魔界七将デストロード
BS40-RV005	兵隊アントマン
BS40-RV006	カイザーアトラス皇帝
BS40-RV007	神機ミョルニール
BS40-RV008	巨神機トール
BS40-RV009	天使エンジュ
BS40-RV010	大天使イスフィール
BS40-RV011	マンティゴア
BS40-RV012	英雄巨人タイタス
BS40-X01	煌龍皇シン・ジークフリード
BS40-X02	死神魔龍ディザイアスター
BS40-X03	煌天凰ジオ・シルフィード
BS40-X04	槍煌神機ヴォーダン
BS40-X05	火の熾天使アラフィエル
BS40-X06	伝説王者タイタス・エル・グランデ
BS40-XX01	道化神ギンガー
BS40-XX02	邪神皇デスピアズ・ゾーク
BS40-CP01	輝石十二晶 七月帝ジュライア
BS40-CP02	輝石十二晶 五月王ロビン
BS40-CP03	輝石十二晶 六月女神ユノー
BS40-CP04	煌龍皇エグゼシードラゴン
BS40-CP05	大賢蛇アガスティア
BS40-CP06	双剣皇ジャックビット
BS40-CP07	防衛皇ガンドバイソン
BS40-CP08	奇術天使マルチェル
BS40-CP09	牙闘王ボアルダラス
BS41-001	恐龍同盟 マノブロウサウルス
BS41-002	恐龍同盟 剣翼のプテロダーク
BS41-003	彗星竜サングレーザー
BS41-004	サーバルランナー
BS41-005	ソーラーウィンド・ドラゴン
BS41-006	機関獣バルカン・ティーガ
BS41-007	恐龍同盟 鉄面のダスプレトン
BS41-008	恐龍同盟 鎧角のドレッドロサウルス
BS41-009	煌星第七使徒ハイペリオン
BS41-010	爆星龍ガンマレイ・バースト・ドラゴン
BS41-011	煌星第二使徒スターゲイズ
BS41-012	暴双恐龍スーパーディラノス
BS41-013	グラッジドラゴン
BS41-014	勇輝ライノエッジスネーク
BS41-015	勇輝ヘルソーサラー
BS41-016	四剣鬼カトルス
BS41-017	トゥーバイトスネーク
BS41-018	魔界剣士ザルツェルク
BS41-019	煌蛇ツノクサリ
BS41-020	騎紫竜ヴァイオローゼス
BS41-021	虚神将ドグマ・グラード
BS41-022	虚龍ホロゥドラゴン
BS41-023	魔界元帥ヴァルヴロッソ
BS41-024	アルファードン
BS41-025	タケノコラクーン
BS41-026	ヒナレンカク
BS41-027	王獣一族タテガーミン
BS41-028	勇輝鳥カスミライチョウ
BS41-029	煌角皇ゲルツルード
BS41-030	勇輝トビカミキリー
BS41-031	封王獣レオポーン
BS41-032	オヤレンカク
BS41-033	ダドレアオウル伯爵
BS41-034	王獣一族ブレードユース
BS41-035	暁の煌爵アカエリオウ
BS41-036	AN-SO2
BS41-037	アードワークス
BS41-038	アグレッサー・セロウ
BS41-039	秩序軍パブリック・ローダー
BS41-040	ガンスミス・ミーメ
BS41-041	秩序軍ブリゲイド・ガンナー
BS41-042	宵闇の蛇王アルベリヒ
BS41-043	煌めきの女神フライア
BS41-044	戦乙女機ロスヴァイセ
BS41-045	氷河の神皇アバランシュ・バイソンType-0
BS41-046	邪龍皇ファブニール
BS41-047	秩序軍神グレイス・オーダー
BS41-048	天使フォレスティエル
BS41-049	トランプマジックのデグー
BS41-050	天使リリエル
BS41-051	果物人レモネード
BS41-052	バランスのハネジーマウス
BS41-053	パイロットペンタン
BS41-054	悪戯の神皇マウジョーカー
BS41-055	天使マキエル
BS41-056	座天使サフィエル
BS41-057	幻の果物人ポポ
BS41-058	煌天使スィーリエル
BS41-059	モビルペンタン アンプルウィング
BS41-060	龍皇海賊団 船員コバーン
BS41-061	龍皇海賊団 音楽家のオナガ
BS41-062	勇輝ヒーロー フリーズ
BS41-063	龍皇海賊団 見張りのネコジャジャ
BS41-064	龍皇海賊団 鉄拳のシュモクック
BS41-065	勇輝重装歩兵
BS41-066	海賊船喰いのハイドラ・クラーケン
BS41-067	大海賊ジンベイダー
BS41-068	龍皇海賊団 狙撃手ブルージョー
BS41-069	ジャイアントヒーロー マーベラス
BS41-070	龍皇海賊団 船長ホワイトジャック
BS41-071	鮫龍グレイノーズ
BS41-072	星の砂漠
BS41-073	恐龍同盟本拠地
BS41-074	巨大蛇の抜け殻
BS41-075	魔界七将眠る霊廟
BS41-076	広大なる丘陵
BS41-077	緑に飲まれた寺院
BS41-078	白の聖遺物
BS41-079	氷石柱の大地
BS41-080	華麗なるマウチュー城
BS41-081	天空の泉
BS41-082	宝の地図
BS41-083	進め！ 海賊船ジークフリード号
BS41-084	ジュラシックスピア
BS41-085	スターレインリボーン
BS41-086	ブレイヴサクリファイス
BS41-087	デスブレス
BS41-088	エンシェントハウリング
BS41-089	ペアレントアンドチルドレン
BS41-090	フォートレスガード
BS41-091	フェイタルダメージコントロール
BS41-092	アフターイメージ
BS41-093	ミラージュテンペスト
BS41-094	トレジャードロー
BS41-095	ジャイアントタイダルウェーブ
BS41-RV001	レイニードル
BS41-RV002	激神皇カタストロフドラゴン
BS41-RV003	魔界七将パンデミウム
BS41-RV004	蛇凰神バァラル
BS41-RV005	用心棒アントマン
BS41-RV006	天帝ホウオウガ
BS41-RV007	鍵鎚のヴァルグリンド
BS41-RV008	機神獣インフェニット・ヴォルス
BS41-RV009	大天使ガブリエレン
BS41-RV010	神帝獣スフィン・クロス
BS41-RV011	海賊王レヴィアダン
BS41-RV012	神凰兵フェニックス・ゴレム
BS41-X01	恐龍覇者ダイノブライザー
BS41-X02	黒龍神ゼオ・デュラム
BS41-X03	旋風王獣ブラスト・サーベル
BS41-X04	秩序軍司令官ノブレス・オブリージュ
BS41-X05	風の熾天使エアリフェル
BS41-X06	海賊龍皇ジークフリード・アビス
BS41-XX01	道化神メルト
BS41-XX02	道化神ドヴェルグ
BS41-CP01	輝石十二晶 十月騎神ホロゥ・ウェイン
BS41-CP02	輝石十二晶 八月皇帝アウグスター
BS41-CP03	輝石十二晶 九月聖者ムーン・ジェナーロ
BS41-CP04	雷皇龍ジークヴルム
BS41-CP05	魔界七将ベルゼビート
BS41-CP06	剣王獣ビャク・ガロウ
BS41-CP07	鉄騎皇イグドラシル
BS41-CP08	天使長ソフィア
BS41-CP09	巨人大帝アレクサンダー
BS42-001	煌星竜スター・ブレイドラ
BS42-002	恐龍同盟ドロマエオー
BS42-003	煌星竜コンドライトドラゴン
BS42-004	煌星竜レッドスプライト
BS42-005	勇輝獣クライミング・マーゲイ
BS42-006	恐龍同盟 針山のアンペローザ
BS42-007	煌星竜スピキュールドラゴン
BS42-008	電岩竜ダイナモドラゴン
BS42-009	煌星第十使徒デズデモーナ
BS42-010	勇輝砲牛メルトバッファロー
BS42-011	恐龍同盟 刃雷のエレクトロサウルス
BS42-012	煌星第八使徒プロテウス
BS42-013	煌星第一使徒アスガルディア
BS42-014	傀儡兵
BS42-015	紫骸旅団ボーンヘッド・ドラコ
BS42-016	紫骸旅団ゾンビドラゴン
BS42-017	蛇戦士フェウラーガ
BS42-018	智の伝承者ワイズスネーク
BS42-019	紫骸旅団デスリブドラゴン
BS42-020	妖の伝承者アラネイア
BS42-021	エグゾナイトドラゴン
BS42-022	魔界参謀ドロスムーバ
BS42-023	紫骸旅団タンザナイト・ボーン・ドラゴン
BS42-024	不思議竜ジャバウォッキー
BS42-025	虚神将テロスドラゴン
BS42-026	紫骸旅団 白竜エニグマドラゴン
BS42-027	王獣一族タケノコドコド
BS42-028	百刀衆 風来のベニカミ
BS42-029	山賊親分ヒゲコガ
BS42-030	ムスゾリラ
BS42-031	不思議王国 三月ラビット
BS42-032	剣翼鳥ディスティカ・イーグル
BS42-033	百刀衆 甲蛾のクルマックス
BS42-034	黒王獣コク・ガロウ
BS42-035	百刀衆 用心棒のサビガサ
BS42-036	百刀衆 煌刃のミヤマ
BS42-037	槍機士フンディング
BS42-038	秩序軍E-N09
BS42-039	ハンマー・コップ
BS42-040	秩序の銃皇姫ジークリンデ
BS42-041	警邏機士コンバトゥール
BS42-042	秩序軍オール・リフレクシオン
BS42-043	秩序軍参謀エタ・マジョール
BS42-044	秩序軍大佐オフィシ・エーレン
BS42-045	ブリザスター・イーグル
BS42-046	秩序の戦乙女機グリムゲルデ
BS42-047	不思議王国ホワイ？ラビット
BS42-048	不思議王国ダム＆ディー
BS42-049	不思議王国トランプの兵隊
BS42-050	勇輝天使ジニエル
BS42-051	不思議王国アリス
BS42-052	不思議王国ヤマねえ
BS42-053	勇輝天使クレシェール
BS42-054	不思議王国ハートナイトジャック
BS42-055	不思議王国 白の女王
BS42-056	不思議王国チェシャーキャット
BS42-057	不思議王国トランプ・グリフォン
BS42-058	不思議王国バンダースナッチ
BS42-059	不思議王国 赤の女王
BS42-060	天使ルミエル
BS42-061	不思議の神皇ハヌソレム
BS42-062	三つ首海賊団ロッド・ワイラー
BS42-063	龍皇海賊団 航海士のラブ
BS42-064	勇輝ヒーロー ブルーブレイズ
BS42-065	龍皇海賊団 操舵のビッグマウス
BS42-066	三つ首海賊団イングレイ
BS42-067	勇輝ヒーロー ライトニング
BS42-068	三つ首海賊団ピットブル
BS42-069	龍皇海賊団 副船長アオザック
BS42-070	海賊連合 副総長ロングノーズ
BS42-071	海賊の神皇グリードッグ・パイレート
BS42-072	甲殻銃クワガシマ
BS42-073	風王銃ベヒーエグゾースト
BS42-074	秩序銃レベリオン
BS42-075	煌龍銃剣ガンズ・バルムンク-ガンモード-
BS42-076	三つ首銃グリード・ロック・ガン
BS42-077	海賊銛銃ゼーロイ・シューター
BS42-078	煌星ラニアケア
BS42-079	角竜の山
BS42-080	夜空漂う尖塔
BS42-081	再び開いた虚空の穴
BS42-082	翡翠に浮かぶ黒城
BS42-083	緑の聖遺物
BS42-084	荒涼たる岩山
BS42-085	秩序軍 総司令部
BS42-086	マッドティーパーティー
BS42-087	ワンダーランド
BS42-088	龍皇海賊団の隠し港
BS42-089	襲撃！ 海賊船グリードッグ号
BS42-090	風刃結界
BS42-091	ワイルドストーム
BS42-092	コープバリア
BS42-093	ドリームウェーブ
BS42-094	クイックドロウ
BS42-095	トランプオブパイレーツ
BS42-RV001	恐竜姫ジュラ
BS42-RV002	龍星皇メテオヴルム
BS42-RV003	魔界七将ベルドゴール
BS42-RV004	斬首刀のシャドウスライサー
BS42-RV005	女王アントレーヌ
BS42-RV006	ブラックタウロス大王
BS42-RV007	神機レーヴァテイン
BS42-RV008	鎧神機ヴァルハランス
BS42-RV009	天使オリフィア
BS42-RV010	大天使ララファエル
BS42-RV011	海賊ラッコルセア
BS42-RV012	炎蜥蜴クトゥグマ
BS42-X01	煌星龍王メビウスドラゴン
BS42-X02	闇輝石六将 紫骸龍神ダイムザーク
BS42-X03	闇輝石六将 百刀武神ゴクマザン
BS42-X04	秩序決戦兵器ラ=イリュジオン
BS42-X05	不思議王ジークフリード・マッドハッター
BS42-X06	海賊連合総長 フォージ・ロウ
BS42-XX01	道化神レディ・フランケリー
BS42-XX02	道化神ポルック＆カスター
BS42-CP01	輝石十二晶 一月原初神ディアヌス
BS42-CP02	輝石十二晶 十一月姫 万霊カグラ
BS42-CP03	輝石十二晶 十二月終神クロノデック
BS42-CP04	六煌士 恐龍のエドウィック
BS42-CP05	六煌士 魔界伝承者ディール
BS42-CP06	六煌士 耳の王獣プークスス
BS42-CP07	六煌士 秩序軍曹WG-7
BS42-CP08	六煌士 不思議天使メリエル
BS42-CP09	六煌士 海賊連合参謀長ケヴィン
BS43-001	龍皇の楯 水のクリオ・ヴァッサー
BS43-002	恐龍同盟ステゴラール
BS43-003	煌星第五使徒テティス
BS43-004	龍皇の楯 光のフェガロ・フォス
BS43-005	龍皇の楯 炎のメルト・ゼストス
BS43-006	龍皇の矛 天のアーベント・ロート
BS43-007	煌星竜コメットヴルム
BS43-008	恐龍同盟アクロカントレックス
BS43-009	煌星竜マントルドラゴン
BS43-010	天馬の神皇エグゼシード・W
BS43-011	魔界勇輝デスドール
BS43-012	大鎌のネックチョッパー
BS43-013	智の伝承者 三賢蛇メルキオル
BS43-014	勇輝竜グラーゴン
BS43-015	魔界遺産ジェノ・レガシー
BS43-016	虚神将マデュラン
BS43-017	邪槍騎士カヴァリエーレ
BS43-018	紫骸旅団アルマゲイズ
BS43-019	紫骸の神皇エグゾ・ウロヴォリアス
BS43-020	智の伝承者シュランゲ
BS43-021	王獣一族サボネコ
BS43-022	風魔カマハシ
BS43-023	甲蛾忍ゲンマコガネ
BS43-024	タケノコアラ
BS43-025	百刀衆ウマノオウ
BS43-026	異牙忍ジャガラ
BS43-027	百刀衆キリギリ
BS43-028	甲蛾忍ニジュウボシ
BS43-029	アマツバセイバー
BS43-030	翠王獣ノマ・ティグリナ
BS43-031	草の上忍オトギリ
BS43-032	百刀衆筆頭クワガンリュウ
BS43-033	雷速の神皇ゲイル・フェニックス・V
BS43-034	機械戦隊ボブリンクス
BS43-035	マダラスカ
BS43-036	秩序の戦乙女機ヴァルトラウテ
BS43-037	偽りの銃姫グートルーネ
BS43-038	機械戦隊シールドコング
BS43-039	機械戦隊ツキノワグリズリー
BS43-040	シールドマジロ
BS43-041	秩序戦艦バチマン・ド・ゲール
BS43-042	秩序軍撃墜王ソレイユ・ルヴァン
BS43-043	勇輝歩兵
BS43-044	偽りの指令官グンター
BS43-045	機械戦隊マンモガイザー
BS43-046	偽りの槍皇機バーサル・ハーゲン
BS43-047	勇輝猟兵
BS43-048	不思議王国キングライオン
BS43-049	不思議王国キングユニコーン
BS43-050	天使クリーエル
BS43-051	天使ミラエル
BS43-052	天使リースリエル
BS43-053	天使メガエル
BS43-054	煌天使プルミエル
BS43-055	不思議王国パンプティダンディ
BS43-056	不思議王国モックタートル
BS43-057	大煌天使ミカファール
BS43-058	爆蒼海賊団チャコッペ
BS43-059	龍皇海賊団キャプテン・コック
BS43-060	ジャイアントヒーロー ハイドラマン
BS43-061	爆蒼海賊団カバック
BS43-062	三つ首海賊団ルキ
BS43-063	龍皇海賊団 刀使いのヨシギリ
BS43-064	爆蒼海賊団 二番隊隊長ヌビアス
BS43-065	三つ首海賊団シュナウザー
BS43-066	三つ首海賊団ポインタス
BS43-067	ジャイアントヒーロー メタルナックル
BS43-068	龍皇海賊団 大砲のシロバンニ
BS43-069	爆蒼海賊団 一番隊隊長ボボノア
BS43-070	海賊船の神皇カラミティ・ボア・シップ
BS43-071	選ばれし探索者アレックス
BS43-072	恐龍銃ダイノロックガン
BS43-073	煌星銃ヴルムシューター
BS43-074	死骸銃ドラグヘッド
BS43-075	妖蛇銃スネイルスケルター
BS43-076	神罰銃ヘヴンズベンジェンス
BS43-077	不思議銃パラソライカ
BS43-078	六色の導き
BS43-079	墜ちる煌星
BS43-080	魔星と皇城
BS43-081	紫の聖遺物
BS43-082	たけのこの隠れ里
BS43-083	断崖砦
BS43-084	凍れる火山
BS43-085	秩序戦艦バチマン・ド・ゲール -戦艦形態-
BS43-086	黄の聖遺物
BS43-087	熾天使の玉座
BS43-088	海賊たちの楽園
BS43-089	出撃！ 爆蒼海賊艦隊
BS43-090	クェーサーレイン
BS43-091	リーディングジーク
BS43-092	アカシックブレイク
BS43-093	ホロゥインカネイション
BS43-094	フルハウス
BS43-095	エンジェリックインパクト
BS43-RV001	アンキラーザウルス
BS43-RV002	恐竜人ティラノイド
BS43-RV003	天槍の勇者アーク
BS43-RV004	黒皇龍ダークヴルム
BS43-RV005	竜騎将ディライダロス
BS43-RV006	天鎌の勇者ザンバ
BS43-RV007	透明人間エクリア
BS43-RV008	冥将アマイモン
BS43-RV009	骸蛇スカルピオーネ
BS43-RV010	ムシャツバメ
BS43-RV011	天刃の勇者ヴォルザ
BS43-RV012	くノ一ジョロウ
BS43-RV013	重装蟲キャタバルガ
BS43-RV014	要塞蟲ラルバ
BS43-RV015	忍者サルトベ
BS43-RV016	天弓の勇者ウル
BS43-RV017	冥機グングニル
BS43-RV018	デュラクダール
BS43-RV019	獣機合神セイ・ドリガン
BS43-RV020	要塞騎神オーディーンType-X
BS43-RV021	天剣の勇者リュート
BS43-RV022	郵便ペンタン
BS43-RV023	天使ヘルヴィム
BS43-RV024	女帝ペンプレス
BS43-RV025	大天使アヴリエル
BS43-RV026	豹人ベルセルカス
BS43-RV027	天斧の勇者カイオー
BS43-RV028	合成恐竜ディノゾール
BS43-RV029	フォレスト・ゴレム
BS43-RV030	フォート・ゴレム
BS43-RV031	神造巨兵オリハルコン・ゴレム
BS43-X01	創龍神グラン・ジークフリード
BS43-X02	虚神帝アンゴル・モーゼス
BS43-X03	忍煌龍ジークフリード・児雷也
BS43-X04	闇輝石六将 機械獣神フェンリグ
BS43-X05	土の熾天使ラムディエル
BS43-X06	海賊艦隊キャプテン・ウォルラス
BS43-RVX01	凶龍爆神ガンディノス
BS43-RVX02	聖皇ジークフリーデン
BS43-RVX03	魔界七将アスモディオス
BS43-RVX04	大甲帝デスタウロス
BS43-RVX05	終焉の騎神ラグナ・ロック
BS43-RVX06	翼神機グラン・ウォーデン
BS43-XX01	道化神トリックスター
BS43-RVXX01	超神星龍ジークヴルム・ノヴァ
BS43-CP01	輝石十二晶 二月侯レギフ・ギウム
BS43-CP02	輝石十二晶 四月道化フール・バング
BS43-CP03	輝石十二晶 三月軍神マチルス
BS44-001	突恐龍パッキーケット
BS44-002	ウィンター・トライアングル・ドラゴン
BS44-003	サマー・トライアングル・ドラゴン
BS44-004	スプリング・トライアングル・ドラゴン
BS44-005	ゴッドシーカー・アルファレジオン
BS44-006	シャーマント・ヒヒ
BS44-007	ファルスクロス・ドラゴン
BS44-008	噴火恐龍ステゴ・イラプト
BS44-009	太陽黒星サンスポット・ドラゴン
BS44-010	太陽皇ヘリオスフィア・ドラゴン
BS44-011	クリスタル・ジークフリードラゴン
BS44-012	超弩級星艦シュバルツシルト・ドラゴン
BS44-013	雷轟龍ヴァリヴァース
BS44-014	マミーヘディレス
BS44-015	スモッグフィンクス
BS44-016	アンクスネーク
BS44-017	風切りヘビ
BS44-018	ゴッドシーカー・ハジャルコブラ
BS44-019	カイゼルマスタッシュスネーク
BS44-020	エジット・グラデュエーター
BS44-021	デスマスクナイト
BS44-022	ミイラドラゴン
BS44-023	エイリアンバイパー
BS44-024	死蠍王メネスコルピオ
BS44-025	蛇神妃ハトシェプスト
BS44-026	魔界宰相リネゲイダ
BS44-027	タケノコーギー
BS44-028	ストレチア・バンディクー
BS44-029	パキラフォックス
BS44-030	ミンクユッカー
BS44-031	アグラオペリカン
BS44-032	英雄獣 弓将パンダロ・クロス
BS44-033	英雄獣 老将タイガー・ネストール
BS44-034	七大英雄獣ライオ・アイアース
BS44-035	角騎士ギアス・バッシャー
BS44-036	フトレイフ・ヘッジホッグ
BS44-037	チタニウムクォーツ・リザード
BS44-038	コマンド・コリー
BS44-039	ヒッポ・クルーザー
BS44-040	ゴッドシーカー・ネガズボック
BS44-041	ザニーガン Mk-X
BS44-042	スプレッド・トータス
BS44-043	セブンシスターズ エレクトラー
BS44-044	ポラーナイト・ガルム
BS44-045	巨砲母艦マザー・パイア
BS44-046	獣王機ドルドレオン
BS44-047	巨砲機獣カリュドーン・ボアー
BS44-048	百碗巨神機ブリアレオース
BS44-049	不思議王国モクバエ
BS44-050	不思議王国キティ＆スノードロップ
BS44-051	天使ルルエル
BS44-052	水の天使エフエル
BS44-053	闇輝石の巫女アリス
BS44-054	ペンタン皇帝 ～オリン放浪中～
BS44-055	水の天使フリージエル
BS44-056	神世界の案内人トリックスター
BS44-057	水の天使ティファニエル
BS44-058	砂海の獣人ドルカスガゼル
BS44-059	砂海の神官キジマーム
BS44-060	砂海の処刑人ハイエナム
BS44-061	砂海の戦士モウサ
BS44-062	さすらいの砂海賊キャプテン・ザトウ
BS44-063	ピラミッド・ゴレム
BS44-064	砂海賊王クロコヘテプ
BS44-065	砂海賊王ゼブエフラー
BS44-066	オベリスク・ゴレム
BS44-067	ドラグ・パルサー
BS44-068	大地の蛇サ・タ
BS44-069	刃狼鎧ベリオ・ウルフ
BS44-070	ボウガンナーイーグル
BS44-071	天戦車メルカバー
BS44-072	ジャッカル・アームズ
BS44-073	アポローンの龍星神殿
BS44-074	オリン円錐山
BS44-075	オシリスの地底神殿
BS44-076	浮遊ピラミッド群
BS44-077	オリンの黄金街道
BS44-078	遺跡草原
BS44-079	アルテミスの大樹神殿
BS44-080	氷柱の大陸橋
BS44-081	統一首都ルミナ・エテルナ
BS44-082	辿り着いた神世界
BS44-083	サファイアの海上ピラミッド
BS44-084	砂海の人工オアシス
BS44-085	シャーマニックドロー
BS44-086	マグネティックフレイム
BS44-087	イビルオラクル
BS44-088	スネークビジョン
BS44-089	英雄獣の雄叫び
BS44-090	アウェイキングビースト
BS44-091	ドリームスノー
BS44-092	アルテミックシールド
BS44-093	ヒーリングエイド
BS44-094	エレメンタルマジック
BS44-095	ホーリーアンク
BS44-096	スプラッシュザッパー
BS44-RV001	フォボス・ドラグーン
BS44-RV002	冥蛇士ボティス
BS44-RV003	草原の狩人キングゲパルド
BS44-RV004	ダーク・ガドファント
BS44-RV005	天使長トロン
BS44-RV006	轟剣士レーヴェン
BS44-RV007	爆烈十紋刃
BS44-RV008	マーク・オブ・ゾロ
BS44-RV009	ソーンプリズン
BS44-RV010	光速三段突
BS44-RV011	スティールハート
BS44-RV012	トライアングルバン
BS44-X01	太陽神星龍アポロヴルム
BS44-X02	冥界蛇神アウザール
BS44-X03	七大英雄獣 疾風王アキレウザー
BS44-X04	月天神獣ファナテック・エルク
BS44-X05	水の熾天使ミレディエル
BS44-X06	闇輝石六将 砂海賊神ファラオム
BS44-X07	創界神アポローン
BS44-X08	創界神オシリス
BS44-X09	創界神アルテミス
BS44-XX01	世界龍グラン・ロロ・ドラゴン
BS44-XX02	創界神ロロ
BS44-10thX01	断罪ノ滅刃ジャッジメント・ドラゴン・ソード
BS44-10thX02	聖皇兵装ジークフリーデン・キャノン
BS44-10thX03	アポロソード＆ストライクブレード
BS44-CP01	世界幼竜グラン・ロロ・ドラゴン
BS44-CP02	幼き創界神ロロ
BS44-CP03	ブレイヴアイズ
BS45-001	熱風の戦馬クサントス・Z
BS45-002	コルヴスワイバーン
BS45-003	吟遊詩竜オルフェスタードラゴン
BS45-004	サンダー・Z・バイソン
BS45-005	サンダー・Z・タイガー
BS45-006	エイニオ・ドリザウラー
BS45-007	古龍エン・フレイバー
BS45-008	医神龍アイスクラーピウスドラゴン
BS45-009	サンダー・Z・イーグル
BS45-010	魔界預言者マル・ドロム
BS45-011	魔界司祭シューグラウス
BS45-012	魔界従騎士アフザナック
BS45-013	ヒエラティック・スネーク
BS45-014	魔界騎士デスペルト
BS45-015	黒死狼デスボーン・ガルム
BS45-016	魔界騎士パンデガイズ
BS45-017	蛇神アポピスネーク
BS45-018	ピラミッドボア
BS45-019	タケノコッカースパニエル
BS45-020	ユキセミ
BS45-021	トロイオンの勇士 小アイアース
BS45-022	ゴッドシーカー・ジャガ・バルバ
BS45-023	テウメソス・フォックス
BS45-024	七大英雄獣ヘクトル
BS45-025	アサシンミツカド
BS45-026	トロイオンの勇士ピロクテテス
BS45-027	トロイオンの勇士メネラオス
BS45-028	トロイオンの勇士ディオメデス
BS45-029	カクタスイーグル
BS45-030	トロイオンの勇士ネオプトレモン
BS45-031	鋸騎士ミラビリス
BS45-032	七大英雄獣アガメムノン
BS45-033	トロイオンの木ライオン
BS45-034	ハンター・アクタイオーン
BS45-035	ポインター・キツネザル
BS45-036	ライラプス・チェイサー
BS45-037	セブンシスターズ マイア
BS45-038	クロコアイト・リザード
BS45-039	ガンバッテリー・セラス
BS45-040	フルアーマー・グリズリー
BS45-041	単眼巨神機アルゲース
BS45-042	ネメアー・レオSVL-00
BS45-043	バタつきパンタフライ
BS45-044	蛙女神ヘケロット
BS45-045	エジットの天使ディナエル
BS45-046	エジットの天使ナティエル
BS45-047	ゴッドシーカー エジットの天使メヘトエル
BS45-048	不思議王国 白の王
BS45-049	エジットの天使ハビエル
BS45-050	ペンタン皇帝 ～エジット放浪中～
BS45-051	神世界紀行 土の熾天使ラムディエル
BS45-052	聖牛アピス
BS45-053	土の天使モリディエル
BS45-054	エジットの天使アナエル
BS45-055	エジットの天使モニファーエル
BS45-056	砂海兵スナケッド
BS45-057	サガン・ゴレム
BS45-058	砂海神官カルダーン
BS45-059	ゴッドシーカー 砂海祈祷士ケルドマンド
BS45-060	砂海兵カンズィール
BS45-061	砂海の重戦士アルマフド
BS45-062	砂海賊王ロバセネブ
BS45-063	砂海の弓兵ガゼリク
BS45-064	冒険巨人ジョーンズ
BS45-065	スフィンクス・ゴレム
BS45-066	砂海賊王カバメネス
BS45-067	ナイラック・ハイドラ
BS45-068	砂海戦士バカラシード
BS45-069	バイナリースタードラゴン
BS45-070	蛇神アペプ・コブラ
BS45-071	スノーゴースト・レオパルド
BS45-072	ブルーブラッドタイガー
BS45-073	エジットの天使ティティエル
BS45-074	エジットの天使サリファエル
BS45-075	エジットの天使長ネフェリエル
BS45-076	砂海王子ナミルネス
BS45-077	砂海の武王ビャッコウラー
BS45-078	太陽の砂海王ラムセトス2世
BS45-079	星竜魔神
BS45-080	妖蛇魔神
BS45-081	タラリアン・パンサー
BS45-082	機獣魔神
BS45-083	アセト・カイト
BS45-084	セトアニ・アームズ
BS45-085	融合世界デルポ＝ナイラック
BS45-086	魔界の聖杯
BS45-087	ヘルメスの竜巻神殿
BS45-088	アルテミスの泉
BS45-089	イシスの花園神殿
BS45-090	セトの剛腕神殿
BS45-091	サンダーテンペスト
BS45-092	リターンセブンショーグン
BS45-093	英雄獣の爪牙
BS45-094	アルテミックレイン
BS45-095	イシスの力
BS45-096	セトナクトアロー
BS45-RV001	刀の覇王ムサシード・アシュライガー
BS45-RV002	魔界七将ベリオット
BS45-RV003	リーディング・オリックス
BS45-RV004	大天使サン・ダルク
BS45-RV005	獣童パンザー
BS45-RV006	地球神剣ガイアノホコ
BS45-RV007	五輪転生炎
BS45-RV008	ソウルクラッシュ
BS45-RV009	フォレストチャージ
BS45-RV010	ホワイトポーション
BS45-RV011	アブソリュートゼロ
BS45-RV012	インパクトロア
BS45-X01	龍星の射手リュキオース
BS45-X02	魔界神デスフェルミオン
BS45-X03	七大英雄獣 光速神王オデュッセイバー
BS45-X04	神聖機獣ライトニング・ケリュネイアー
BS45-X05	星天使女神イシスター
BS45-X06	砂海嵐神タイフォーム
BS45-X07	創界神ヘルメス
BS45-X08	創界神イシス
BS45-X09	創界神セト
BS45-XX01	創神獣ユナイト・ホーン
BS45-XX02	創界神アレックス
BS45-CP01	馬神トッパ
BS45-CP02	一番星のレイ
BS45-10thX01	究極神皇アルティメット・エグゼ・ティーガ
BS45-10thX02	究極神皇アルティメット・ゲイル・ビット
BS45-10thX03	究極神皇ムゲンショコイアン・ドラゴン
BS46-001	頭刃竜ヒパクロー
BS46-002	ゴッドシーカー サンダー・Z・ウィゼル
BS46-003	俊足の戦馬バリオス・Z
BS46-004	星の神託者オーレーン
BS46-005	サンダー・Z・ゴリラ
BS46-006	サンダー・Z・ウルフ
BS46-007	高速の壬獣皇ライガルド
BS46-008	サンダー・Z・クレイン
BS46-009	サンダー・Z・ボアー
BS46-010	龍星の狩人ロクシアース
BS46-011	サンダー・Z・フォックス
BS46-012	古龍ヴァイス・ハザード
BS46-013	ペロロザウラス
BS46-014	サンダー・Z・サーベル
BS46-015	サンダー・Z・マンモス
BS46-016	スモッグ・コック
BS46-017	ボーン・ケッタ
BS46-018	デスピュートン
BS46-019	デモティック・スネーク
BS46-020	ゴッドシーカー 司書ドール†レナ†
BS46-021	デスウォーリアー
BS46-022	黒嫁ドール†ザンシア†
BS46-023	謎神メジェド
BS46-024	デスハーピィ
BS46-025	デスカースメーカー
BS46-026	爆弾ドール†ミモザ†
BS46-027	呪麗将デスピーコック
BS46-028	魔界騎士デストロイデン
BS46-029	死霊王ナルメル
BS46-030	呪巨兵デスアルゴス
BS46-031	ウツボクイナ
BS46-032	タケノコヨーテ
BS46-033	英雄獣ペイリトゥース
BS46-034	タゲリジアンタイム
BS46-035	岩樹獣イワボタン
BS46-036	小姫アント・プランセス
BS46-037	七大英雄獣 覇王獣テセウス
BS46-038	鉄球騎士ゾウカブ
BS46-039	スコレステッドゲッコー
BS46-040	鋼鉄乙女007マデリーン
BS46-041	セブンシスターズ メロペー
BS46-042	ゴッドシーカー 鋼鉄乙女005シビュラ
BS46-043	神調査員 鋼鉄乙女010 イオネ
BS46-044	鋼鉄機士クセノフォン
BS46-045	ブラックツリーナイトリザード
BS46-046	鋼鉄機士アガピオス
BS46-047	鋼鉄機士カロル＝アン
BS46-048	ヤクト・ビークル
BS46-049	鋼鉄機空士ライサンダー
BS46-050	筆頭鋼鉄機士ゼノビオス
BS46-051	鋼鉄機王エリクトニオス
BS46-052	鋼鉄機士ヴァシリオス
BS46-053	百砲巨神機コットス
BS46-054	燃えぶどうトンボ
BS46-055	ゴッドシーカー 猫女神バステト
BS46-056	太陽の守護蟲ケプリ
BS46-057	首長虎マフート
BS46-058	子フィンクス
BS46-059	ペストコス
BS46-060	ポーン・フォーン
BS46-061	神調査員 天使シラベル
BS46-062	太陽の守護蟲セルケト
BS46-063	太陽の守護鳥ベンヌ
BS46-064	ペンタン皇帝 ～太陽神誕生？～
BS46-065	大墳墓亀アペシュ
BS46-066	太陽の守護獣カルナック・フィンクス
BS46-067	砂海神官ハーテ
BS46-068	ワイルド・マーリン・バッファロー
BS46-069	神調査員エイルマー
BS46-070	砂海戦士イブン
BS46-071	シー・キメラ
BS46-072	神海賊キャプテン・ダフネ
BS46-073	ダマスカス・ゴレム
BS46-074	ミョーオー・ザ・タイタス
BS46-075	天空勇士アイビージャ
BS46-076	天空の双璧グリフ・ヴァルチャー
BS46-077	エジットの天使リナエル
BS46-078	エジットの天使長ハトフェル
BS46-079	砂海王グリセティ1世
BS46-080	砂海将軍ラァイード
BS46-081	光輝鎧サンダー・Z・ブレイヴ
BS46-082	鬼死王龍デス・ラードン
BS46-083	剣獣魔神
BS46-084	鋼鉄聖鎧ブレイヴオウル
BS46-085	太陽の船
BS46-086	砂海魔神
BS46-087	ゼウスの神鳴神殿
BS46-088	ヘラの聖堂神殿
BS46-089	アテナの城塞神殿
BS46-090	ラーの黄金神殿
BS46-091	Zフレイム
BS46-092	カースレクイエム
BS46-093	リーフハイドパス
BS46-094	ツンドラクラッシュ
BS46-095	シアーハートアタック
BS46-096	ワイルドストローム
BS46-RV001	調査員オッザニア
BS46-RV002	調査員フリック
BS46-RV003	調査員ラーテン
BS46-RV004	調査員エウロー
BS46-RV005	歌う調査員アーシア
BS46-RV006	調査員ノルド
BS46-RV007	魂鬼
BS46-RV008	シキツル
BS46-RV009	アーダーフレイム
BS46-RV010	トーテンタンツ
BS46-RV011	ドリームハンド
BS46-RV012	ローヤルポーション
BS46-X01	雷神獣皇サンダー・Z・レオン
BS46-X02	鬼神女王ジェラシックドール
BS46-X03	七大英雄獣 剛勇士ヘラク・レイオス
BS46-X04	鋼鉄騎神アテナイアー
BS46-X05	太陽神獣セクメトゥーム
BS46-X06	三叉神海獣トリアイナ
BS46-X07	天空神鳥ハロエリス
BS46-X08	砂海帝王セトナック3世
BS46-X09	創界神ゼウス
BS46-X10	創界神ヘラ
BS46-X11	創界神アテナ
BS46-X12	創界神ラー
BS46-XX01	アルティメット・リバース・ドラゴン
BS46-XX02	創界神アンターク
BS46-10thX01	幻羅龍の覇王ガイ・ヤマト・アスラ
BS46-10thX02	天魔神皇ゴッド・ゼクス -神ノ型-
BS46-10thX03	戦国蛇武将アルティメット・アスクレピオーズ
BS46-CP01	陽昇 ハジメ
BS46-CP02	烈火 幸村
BS47-001	ブレイドラX
BS47-002	サンダー・Z・ウルヴァリン
BS47-003	月桂竜ダプネドラゴン
BS47-004	サンダー・Z・オカピ
BS47-005	天星12宮 雷星獣ドラグ・タウラス
BS47-006	サンダー・Z・ホース
BS47-007	嘴槍竜スピアヘッドフォドン
BS47-008	天星12宮 炎星竜サジタリアス・ドラゴン
BS47-009	美竜士ヒュアキントス
BS47-010	火山頭竜ボルケファロサウルス
BS47-011	雷獣皇サンダー・Z・ライガー
BS47-012	翼竜ブレイブラスター
BS47-013	ガスタートル
BS47-014	天星12宮 魔星人シュタイン・ゴイル
BS47-015	さまよう骨蛇
BS47-016	道化ドール†ディキ・ディキ†
BS47-017	デスナイトウォーカー
BS47-018	踊子ドール†ラムレット†
BS47-019	剣帝ドール†アンシャンテ†
BS47-020	天星12宮 闇星魚ピスケガリオット
BS47-021	魔界軍師イノゲラトゥ
BS47-022	鬼刃デスエスパーダ
BS47-023	蛇翼王メンコブラー
BS47-024	魔界騎士デスモディオス
BS47-025	ベリースズメ
BS47-026	天空鳥ナイルバード
BS47-027	天星12宮 樹星獣セフィロ・シープ
BS47-028	刃獣キツネッキー
BS47-029	ゴッドシーカー 天空鳥キジバトゥーラ
BS47-030	天空勇士ブイ・ターン
BS47-031	天星12宮 風星士キャンザムライ
BS47-032	天空鳥アーミンゴ
BS47-033	剣獣女王メーディア
BS47-034	天空勇士ジェト・ファルコン
BS47-035	英雄獣キャプテン・イアソーン
BS47-036	天空勇士ケム・カイト
BS47-037	甲殻騎士カンター
BS47-038	聖刻兵シールダー・ジェネス
BS47-039	聖刻兵ガンナー・イウアート
BS47-040	聖刻兵トルーパー・アージュ
BS47-041	鋼鉄乙女000オルティア
BS47-042	天星12宮 氷星獣レオザード
BS47-043	聖刻兵サージェント・メシュア
BS47-044	聖刻兵エアマン・ジェイアス
BS47-045	鋼鉄聖機士ステファノス
BS47-046	天星12宮 水星機アクエリーズナー
BS47-047	セブンシスターズ ケライノー
BS47-048	鋼鉄乙女009アスパシア
BS47-049	聖刻兵コマンダー・ネジェム
BS47-050	鋼鉄機士フィロガトス
BS47-051	聖刻兵フォートレス・ネセニ
BS47-052	フーリンX
BS47-053	ウェネト
BS47-054	二頭神獣アケル
BS47-055	ペンタン皇帝 ～またすべてを失った～
BS47-056	天星12宮 光星姫ヴァージニア
BS47-057	天星12宮 聖星使ジェミニック
BS47-058	中フィンクス
BS47-059	天使マディエル
BS47-060	女将神タウレト
BS47-061	神海賊コビトドゥス
BS47-062	ゴッドシーカー 神海賊バンドウス
BS47-063	神海賊 新米船長ドルフィリポス
BS47-064	神海賊 悪童カマリノス
BS47-065	神海賊 船医マキス
BS47-066	神海獣シー・グリフォン
BS47-067	神海造兵コーラル・ゴレム
BS47-068	神海賊 銃使いスジノヴィオン
BS47-069	神海賊 剛剣士バンディオゲネス
BS47-070	海賊船ハイドラ
BS47-071	天星12宮 地星兵リブライヴァ
BS47-072	神海賊 客将シャークレストス
BS47-073	神海賊 砲手オキゴンディガス
BS47-074	天星12宮 鋼星騎スコルリッター
BS47-075	神海賊船カリュブデス号
BS47-076	天空勇士セメン・バード
BS47-077	天空勇士ジェト・イーグル
BS47-078	天空の双璧イネブ・ヴァルチャー
BS47-079	ゴッドシーカー 聖刻騎兵スポッター・シェネウト
BS47-080	聖刻騎兵キャバルリー・アーネジェウ
BS47-081	聖刻騎兵エース・アークイブ
BS47-082	エジットの天使マイベル
BS47-083	エジットの天使長マアトエル
BS47-084	エジットの天使アセティエル
BS47-085	砂海拳闘士ヤズィード
BS47-086	砂海拳王クロコクセス
BS47-087	Z魔神
BS47-088	女王魔神
BS47-089	天空鳥鎧ファルコーム
BS47-090	鋼鉄魔神
BS47-091	聖刻鳥鎧イビスバード
BS47-092	神獣魔神
BS47-093	神海鎧ガン・ポセイド
BS47-094	ホルスの天空神殿
BS47-095	トトの聖刻神殿
BS47-096	ポセイドンの神海神殿
BS47-097	サジタリアスドロー
BS47-098	カプリコンホール
BS47-099	バインディングホルス
BS47-100	シシャノショドリーム
BS47-101	クローズドジェミニ
BS47-102	パニッシュメントポセイドン
BS47-RV001	天翔龍神覇
BS47-RV002	ラウンドテーブルナイツ
BS47-RV003	ブルトサリフ
BS47-RV004	次元断
BS47-RV005	神閃月下
BS47-RV006	爆砕轟神掌
BS47-X01	皇獣王Z
BS47-X02	鬼刃皇デス・ザイア
BS47-X03	天空鳳凰ホル＝アクティ
BS47-X04	聖刻神機ジェフティック＝トト
BS47-X05	闇輝石六将 幻想獣神キリンクス
BS47-X06	神海獣皇グレートオーシャン
BS47-X07	創界神ホルス
BS47-X08	創界神トト
BS47-X09	創界神ポセイドン
BS47-XX01	六楯神龍ヒヨク
BS47-XX02	創界神マナカ
BS47-XX03	創界神ケイ
BS47-10thX01	超神光龍サジットヴルム・ノヴァ
BS47-10thX02	創界神ダン
BS47-CP01	龍の覇王ジーク・ヤマト・フリード
BS47-CP02	騎士の覇王ソーディアス・アーサー
BS47-CP03	蒼穹の覇王カーン・ウルフ
BS47-CP04	魁の覇王ミブロック・ブレイヴァー
BS47-CP05	光の覇王ルナアーク・カグヤ
BS47-CP06	鉄の覇王サイゴード・ゴレム
BS47-CP07	激突王ダン
BS48-001	アバタードラゴン・レッド
BS48-002	牙狼竜バクティー
BS48-003	ゴッドシーカー 祈祷竜アビナヤ
BS48-004	アバタードラゴン・ブルー
BS48-005	宮殿龍タージドラゴン
BS48-006	獅子竜トゥリバンガ
BS48-007	星獣竜キュパリッソス
BS48-008	円斬龍マ・クラム -人態-
BS48-009	爆焔龍マ・ゼーガ -人態-
BS48-010	勇猛の戦馬ペダソス・Z
BS48-011	手裏剣竜サイガニア
BS48-012	無双龍マ・ブゥ -人態-
BS48-013	海星龍デルピニオス
BS48-014	爆心龍マ・オン -龍態-
BS48-015	サンダー・Z・ビャッコ
BS48-016	ベビーエイリゴン
BS48-017	ゴッドシーカー 舞踊龍ナタラージャ
BS48-018	侍女ドール†ソノラ†
BS48-019	ムトゥードラゴン
BS48-020	ガラフィンスネーク
BS48-021	エイリゴン
BS48-022	ナヴァラサドラゴン
BS48-023	魔界騎士ベルドゴーン
BS48-024	蛇王妃ネフェルーラ
BS48-025	ムリダンガムドラゴン
BS48-026	韋駄天龍スカンダーグ
BS48-027	破壊魔龍マヘシュヴァラ
BS48-028	マザーエイリゴン
BS48-029	カタカリドラゴン
BS48-030	女王ドール†ブラッディ・メアリー†
BS48-031	原初蛇皇アモン・ケマテラ
BS48-032	ウサノコ
BS48-033	ベニテングジカ
BS48-034	ホロホロルス
BS48-035	甲羽騎士ツノゼイド
BS48-036	ヤマシノ
BS48-037	天空勇士ブルーヘロン
BS48-038	ピンシャー・ヴィヴム
BS48-039	英雄獣ベア・カドモス
BS48-040	聖刻兵スリーパー・ウアーブ
BS48-041	鋼鉄乙女003クレッサ
BS48-042	セブンシスターズ ターユゲテー
BS48-043	聖刻兵パラトルーパー・メエヘイト
BS48-044	月輪機獣ムーン・グリズリー
BS48-045	神槍の鋼鉄機士レオンティウス
BS48-046	鋼鉄機士エヴァンゲロス
BS48-047	セフェル
BS48-048	ゴッドシーカー 神華の妖精プリムラ
BS48-049	神華の妖精アザレア
BS48-050	神華の妖精シロツメ
BS48-051	神華の妖精ベラドンナ
BS48-052	幻翼獣アケク
BS48-053	神華の妖精イーリス
BS48-054	神華の妖精リコリス
BS48-055	神華の妖精ガーベラ
BS48-056	神華の妖精女王マリーゴールド
BS48-057	太陽獣セグ
BS48-058	神海賊セミール
BS48-059	神海牛王アステリオン
BS48-060	砂海賊アイベクシード
BS48-061	神海賊船長イッカクリス
BS48-062	アマハイドラ
BS48-063	三叉銃の神海賊ディアマンテ
BS48-064	神海賊船カリュブデス号 -女神顕現-
BS48-065	天空勇士ハルシエシス
BS48-066	天空勇士セネキオ・ホーク
BS48-067	聖刻妃クイン・セシャト
BS48-068	聖刻騎兵エース・ヘジェウル
BS48-069	エジットの天使メジェエル
BS48-070	エジットの天使長ソプディエル
BS48-071	砂海賊神官ヒトコブ
BS48-072	砂海剣王ジャスラーン
BS48-073	聖蓮神剣リグ・ヴェーダ
BS48-074	神双刃ゴッドエッジ
BS48-075	破壊龍槍トリシューラ
BS48-076	神魔爪ゴッドネイル
BS48-077	天空双剣ホル＝エッジ
BS48-078	神刃牙ゴッドファング
BS48-079	聖刻神銃ジェフト＝グリフ
BS48-080	神剛槍ゴッドランス
BS48-081	美神霊杖バタフライ・エフェクト
BS48-082	神星杖ゴッドスタッフ
BS48-083	神海三叉槍トリアイナ・ギガ
BS48-084	神魔剣ゴッドブレイド
BS48-085	ブラフマーの創造神殿
BS48-086	シヴァの破壊神殿
BS48-087	アプロディーテの神華神殿
BS48-088	ブラフマーフレイム
BS48-089	シヴァカタストロフィー
BS48-090	ニクスバーク
BS48-091	タービュランスリボン
BS48-092	プリムローズフィールド
BS48-093	クローバーフィールド
BS48-094	アイリスフィールド
BS48-095	ベラドンナフィールド
BS48-096	スプラッシングホーン
BS48-RV001	焔竜魔皇マ・グー
BS48-RV002	闇騎士ランスロット
BS48-RV003	小凰ニックス
BS48-RV004	電人トレイン
BS48-RV005	幻獣神姫エキドゥナ
BS48-RV006	古の獣王ギルガメシュ
BS48-RV007	ブレイヴドロー
BS48-RV008	グリムリーパー
BS48-RV009	サンダーストーム
BS48-RV010	リゲイン
BS48-RV011	舞華ドロー
BS48-RV012	スピニングソード
BS48-X01	創聖神龍ジェネレイタードラゴン・ゼロ
BS48-X02	破壊神龍ヴァルドラム
BS48-X03	天空翠凰ファラ＝ニクス
BS48-X04	聖刻戦機リベリオン・ネヘジェト
BS48-X05	神華聖霊アプロ・ウラニアー
BS48-X06	神海賊皇子トリトーン
BS48-X07	神話宝剣グラン・デーヴァ
BS48-X08	創造の創界神ブラフマー
BS48-X09	破壊の創界神シヴァ
BS48-X10	創界神アプロディーテ
BS48-XX01	光導女神グラン・リリア
BS48-XX02	創界神リリア
BS48-10thX01	双魚賊神ピスケガレオンX
BS48-10thX02	戦神乙女ヴィエルジェX
BS48-10thX03	天秤造神リブラ・ゴレムX
BS48-SP01	馬神 弾
BS48-SP02	月光のバローネ
BS49-001	跳古竜ターンダヴァ
BS49-002	ゴッドシーカー パラサノカンナギ
BS49-003	ディモルフォノスケ
BS49-004	障壁の仙龍ティッラーナ
BS49-005	無双龍マ・ブゥ -龍態-
BS49-006	地爪竜エルリコショウ
BS49-007	アバタードラゴン・イエロー
BS49-008	星弓龍アリギュロスドラゴン
BS49-009	聖仙龍マ・リーチ -人態-
BS49-010	兜竜パキケロウ
BS49-011	刃角竜スティラクロウド
BS49-012	鎧要塞バロザウルノヌシ
BS49-013	サンダー・Z・センザン
BS49-014	大凶龍ギガノマガツカミ
BS49-015	不気味なぬいぐるみオドール
BS49-016	魔宰相ガネーシュ
BS49-017	ウェルシ・コブラ
BS49-018	障壁の舞踏龍ナーティヤドラゴン
BS49-019	カタックドラゴン
BS49-020	鬼刃剣士ディル・ザイガー
BS49-021	蛇術師ヘム・ネセル
BS49-022	白姫ドール†アルディラ†
BS49-023	破壊魔龍バイラヴァー
BS49-024	魔界騎士ベリオクス
BS49-025	アメンボーグX
BS49-026	天騎士ナミテントウ
BS49-027	ブラックマッハジーX
BS49-028	蜂人騎士コアシナ・ワスプA
BS49-029	ゴッドシーカー 天騎士オールリィチ
BS49-030	障壁の兵騎士隊オオズアント
BS49-031	跳騎士クルバッタ
BS49-032	蟻炎の騎師団長インビクタ
BS49-033	英雄獣兄弟ディオスクーロイ
BS49-034	凸騎士カブドルム
BS49-035	凹騎士クワガダラ
BS49-036	斬騎士ラグマンティス
BS49-037	アルゴの英雄獣アタランテー
BS49-038	重殻騎士ガンゾウム
BS49-039	クリシュナーガ・サトラェ
BS49-040	ゴッドシーカー コル・ハープル
BS49-041	障壁のクリシュナーガ・サッタル
BS49-042	クリシュナーガ・アルターリース
BS49-043	クリシュナーガ・パチャース
BS49-044	クリシュナーガ・ビース
BS49-045	クリシュナーガ・イクサト
BS49-046	クリシュナーガ・リグ・ガンナ
BS49-047	クリシュナーガ・アルティース
BS49-048	聖刻兵スナイパー・ベイク
BS49-049	鋼鉄機士アルゴス
BS49-050	セブンシスターズ アルキュオネー
BS49-051	クリシュナーガ・バーヴァン
BS49-052	障壁の神華の妖精コリウス
BS49-053	神華の妖精ヒメヒマ
BS49-054	神華の魔女妖精ガーデニア
BS49-055	神華の妖精タイガーリリィ
BS49-056	西風獣フウジャイウイ
BS49-057	南風獣シェヘブウイ
BS49-058	神華の妖精リム・ゴールド
BS49-059	天の巫女姫トリックスター
BS49-060	アメノミツクビ
BS49-061	ゴッドシーカー カミムスビハイドラ
BS49-062	障壁の四ツ首龍ナミツヒメノハイドラ
BS49-063	神海獣リュウグライド
BS49-064	大砲の神海賊スジーパー
BS49-065	海爪竜ツバサノジョウ
BS49-066	波槍の神海賊カーマイル
BS49-067	カイエンハイドラ
BS49-068	鉄兜の神海賊シロイルカイン
BS49-069	護国龍オオナムチハイドラ
BS49-070	海将軍イサリビノツカサ
BS49-071	神海機兵ポセイダー・ゴレム
BS49-072	天空勇士ケン・フェザント
BS49-073	歴戦の天空勇士アク・ヴァルチャー
BS49-074	聖刻騎兵コマンダー・デシュエルト
BS49-075	エジットの天使シャマエル
BS49-076	エジットの天使ネチェリエル
BS49-077	砂海商人チンチープ
BS49-078	砂海剣士アキテフティ
BS49-079	地獄金棒ゴクソツ
BS49-080	儀式霊刃ダルクリス
BS49-081	巨蟹神刀カニキリ
BS49-082	破城斧槍ランパートブレイカー
BS49-083	神龍甲笛バガヴァット・ギーター
BS49-084	天霊王杖ウアス・セプター
BS49-085	荒波霊刃アラナミ
BS49-086	アレスの甲殻神殿
BS49-087	クリシュナの月冠神殿
BS49-088	スサノヲの轟天神殿
BS49-089	草薙ノ轟炎
BS49-090	イシュバラシュート
BS49-091	バグズリバース
BS49-092	ドリームビーム
BS49-093	オニユリフィールド
BS49-094	護国ノ威光
BS49-095	ガーデニアフィールド
BS49-RV001	古竜魔人バ・ゴゥ
BS49-RV002	水龍王リヴァイア
BS49-RV003	黒壬龍オブシディアン・ドラゴン
BS49-RV004	蜂人バンブル・B
BS49-RV005	甲拳士ムグリ
BS49-RV006	甲竜戦艦エンタープライズ
BS49-RV007	虚海獣エメヒドラル
BS49-RV008	華黄の城門
BS49-RV009	フォースドロー
BS49-RV010	ストラングルフォッグ
BS49-RV011	インセクトオーラ
BS49-RV012	メビウスリング
BS49-RV013	レッドボイス
BS49-X01	恐龍武神ムラクモレックス
BS49-X02	時空の破壊魔龍ラクタ・ヴィージャ
BS49-X03	殻神騎士ナイト・オブ・グラディウス
BS49-X04	神撃甲龍ジャガンナート
BS49-X05	神華霊姫ダリア・ムーンワルツ
BS49-X06	轟海覇神ヤマタハイドラノカミ
BS49-X07	銀河星剣グランシャリオ
BS49-X08	創界神アレス
BS49-X09	創界神クリシュナ
BS49-X10	創界神スサノヲ
BS49-XX01	聖剣刃龍ゴウ・グレン
BS49-XX02	創界神グレン
BS49-10thX01	金牛龍神ドラゴニック・タウラスX
BS49-10thX02	巨蟹武神キャンサードX
BS49-10thX03	宝瓶神機アクア・エリシオンX
BS49-CP01	月紫龍ストライク・ジークヴルム
BS49-CP02	月緑龍ストライク・ジークヴルム
BS49-CP03	月黄龍ストライク・ジークヴルム
BS49-CP04	月青龍ストライク・ジークヴルム
BS50-001	冥界の恐竜人プシッタ
BS50-002	ゴッドシーカー 冥神官オヴィラ
BS50-003	アバタードラゴン・グリーン
BS50-004	冥界の恐竜人ヴェロキック
BS50-005	冥界の角竜人カスモ
BS50-006	冥界の処刑人カルノ
BS50-007	黒き獣ゼグロード
BS50-008	聖仙龍マ・ダクシャ -人態-
BS50-009	冥界の武者竜人クリョロ
BS50-010	龍星皇メテオヴルムX
BS50-011	剣舞龍皇マ・ザイン -龍態-
BS50-012	冥界の恐竜将軍アクロカント
BS50-013	冥界の巨竜人ディプロ
BS50-014	鎧魂
BS50-015	十式戦鬼・断蔵
BS50-016	シタールドラゴン
BS50-017	魔界従士デスムスカ
BS50-018	ゴッドシーカー 陰陽式鬼
BS50-019	十式戦鬼・死鬼若丸
BS50-020	鎧式鬼
BS50-021	シャストラドラゴン
BS50-022	騎馬式鬼
BS50-023	岩赤王ボアネフェル
BS50-024	拳銃ドール†バーボネラ†
BS50-025	十式戦鬼・闇弁慶
BS50-026	破壊魔龍ムカリンガ
BS50-027	魔界騎士ベルゼハート
BS50-028	盾騎士オオセンチ
BS50-029	天空勇士ファラ・フィッシャー
BS50-030	オニシロマン
BS50-031	光速騎士ワスピーダー
BS50-032	六刃騎士ムツバセイボウ・A
BS50-033	天空勇士シュネア・イーグル
BS50-034	武双騎士センチビルド
BS50-035	アルゴの英雄獣メレアグロス
BS50-036	槍騎士グラントビート
BS50-037	ヴィシュナーガ・シクシャー
BS50-038	クリシュナーガ・ウンハッタル
BS50-039	ゴッドシーカー ヴァーマナ
BS50-040	ダーク・ドーベルX
BS50-041	ヴィシュナーガ・チャンダス
BS50-042	聖刻猟兵レイダー・イアーフ
BS50-043	ヴィシュナーガ・ヴァターラ
BS50-044	鋼鉄乙女006クリティエ
BS50-045	神樹龍機ヴェーダーンガ
BS50-046	聖刻猟兵ジェット・ベイク
BS50-047	クリシュナーガ・ギャーラエ
BS50-048	セブンシスターズ アステロペー
BS50-049	ヴィシュナーガ・ヴィヤーカラナ
BS50-050	ちょうちんゴースト
BS50-051	吹雪ガール
BS50-052	ゴッドシーカー おんみょ～フーリン
BS50-053	あずきウォッシャー
BS50-054	十王ヘンジョウ
BS50-055	エジットの天使姫アメリエル
BS50-056	ウプウ・アウト
BS50-057	北風獣ケブウイ
BS50-058	ろくろネックガール
BS50-059	十王ショコウ
BS50-060	神華の妖精騎士ゼフィランサス
BS50-061	カイヤナイト・ゴレム
BS50-062	クリソコラ・ゴレム
BS50-063	アマゾナイト・ゴレム
BS50-064	ゴッドシーカー アクアオーラ・ゴレム
BS50-065	神海賊ネズミーカ
BS50-066	シロイワノハイドラ
BS50-067	シンナバー・ゴレム
BS50-068	三ツ首恐竜ロマレオノアラガミ
BS50-069	クンツァイト・ゴレム
BS50-070	神海賊 魔銃士オキゴンドルフ
BS50-071	ザーフィア・ゴレム
BS50-072	カムナビノミコト
BS50-073	セレスタイト・ゴレム
BS50-074	騎龍魔弓サジットボウ
BS50-075	陰陽ノ御札
BS50-076	陽天懐剣フェデク・ダガー
BS50-077	獅神魔銃レオ・ブラスター
BS50-078	神変形アックス・アームズ
BS50-079	神変形ランス・アームズ
BS50-080	神鎚メテオフォージ
BS50-081	アヌビスの冥界神殿
BS50-082	ツクヨミの陰陽神殿
BS50-083	ヴィシュヌの維持神殿
BS50-084	ヘファイストスの鍛冶神殿
BS50-085	アドベントスター
BS50-086	コズミックリターン
BS50-087	ロックシュート
BS50-088	苦無ノ驟雨
BS50-089	レイジングライド
BS50-090	ミラージュカーテン
BS50-091	ネリネフィールド
BS50-092	五芒星ノ守
BS50-093	ゼフィランサスフィールド
BS50-094	マグマパワー
BS50-RV001	骸竜ゾン・サウル
BS50-RV002	呪の覇王カオティック・セイメイ
BS50-RV003	十剣聖ムラサメ
BS50-RV004	ムーンショウウオ
BS50-RV005	座敷ガール
BS50-RV006	ヌリカベ
BS50-RV007	カシャネコ
BS50-RV008	コジロンド・ゴレム
BS50-RV009	朧ギッシャー
BS50-RV010	冥皇封滅呪
BS50-RV011	タービュランス
BS50-RV012	リカバードコア
BS50-RV013	とうせんぼウォール
BS50-RV014	秘剣燕返
BS50-X01	闇輝石六将 冥恐斬神ディノヴェンジ
BS50-X02	月魄鬼神スメラギンガ
BS50-X03	歴戦騎士ドルク・エヴィデンス
BS50-X04	維持神龍トリヴィ・クラマ
BS50-X05	妖戒帝エンオウ
BS50-X06	蒼造炉神ヴァルカン・ゴレム
BS50-X07	三龍宝剣 エンシェントキャリバー
BS50-X08	三龍宝剣 ネクロキャリバー
BS50-X09	三龍宝剣 アブソリュートキャリバー
BS50-X10	創界神アヌビス
BS50-X11	創界神ツクヨミ
BS50-X12	維持の創界神ヴィシュヌ
BS50-X13	創界神ヘファイストス
BS50-XX01	全能龍神グラン・ロロ・ドラゴレオン
BS50-XX02	創界神ゼウス＝ロロ
BS50-10thX01	光龍騎神サジット・アポロドラゴンX
BS50-10thX02	魔羯邪神シュタイン・ボルグX
BS50-10thX03	獅機龍神ストライクヴルム・レオX
BS50-CP01	天翔ける創界神アレックス
BS51-001	アバタードラゴン・ヴァイオレット
BS51-002	ゴッドシーカー 竜巫女ウズメ
BS51-003	天照竜兵
BS51-004	刃鎧竜ヤイバノスケリド
BS51-005	呪術武者シキョウ
BS51-006	絡繰武将ゲンナイ
BS51-007	ギョウフウドラゴン
BS51-008	聖仙龍マ・ブリグ -人態-
BS51-009	暴走竜バリオウ
BS51-010	黒き獣ゼルクタイガー
BS51-011	火武輝龍ケイジ・ドラゴン
BS51-012	51代目戦国龍ソウルドラゴン
BS51-013	轟将龍ゴルゴノオビト
BS51-014	爆心龍マ・オン -人態-
BS51-015	影八咫烏
BS51-016	近衛骸兵
BS51-017	式鬼槍武者
BS51-018	ゴッドシーカー 冥府作家ラス・カーズ
BS51-019	ボーン・ジェヴォーダン
BS51-020	冥府石像ボーン・ガルグイユ
BS51-021	十式戦鬼・裏武蔵
BS51-022	十式戦鬼・影小次郎
BS51-023	冥府烏人セギュール
BS51-024	冥府貴族ミュジニー夫人
BS51-025	骸騎手ロードシルト
BS51-026	破壊牛竜ナンディン
BS51-027	冥府貴族バロン・ド・レスタック将軍
BS51-028	超星使徒サジットヴルム・ニクス
BS51-029	冥府骸導師オー・ブリオン
BS51-030	冥府巨人デストゥネル
BS51-031	音獣エイトーンラビット
BS51-032	休音獣ピッグレスト
BS51-033	ゴッドシーカー 休音獣チンチラスト
BS51-034	毒騎士ブリスター
BS51-035	ベルガ・シェパード
BS51-036	音獣ノーツパリア
BS51-037	五線獣ディアースコア
BS51-038	五線獣バッファロースコア
BS51-039	蜂弓騎士クロアナ・ワスプ・A
BS51-040	槍騎士バインライヒ
BS51-041	四分音獣ノーツジラフ
BS51-042	ト音獣ジークレフキャット
BS51-043	ト音獣ラングールクレフ
BS51-044	アルゴの英雄獣ペーレウス
BS51-045	筆頭騎士ダーウィン
BS51-046	八分音獣ノーツエレファント
BS51-047	ゴッドシーカー 機巧巫女サルメ
BS51-048	汎性・天照機巧兵
BS51-049	ヴィシュナーガ・マツヤ
BS51-050	攻性・天照機巧タジカラオ
BS51-051	砲性・天照機巧タマノオヤ
BS51-052	防性・天照機巧フトダマ
BS51-053	鋼鉄乙女004ゼナイダ
BS51-054	ヴィシュナーガ・ヌリシンハ
BS51-055	天照機巧・第八位アメノコトヤネ
BS51-056	ヴィシュナーガ・ヴァラーハ
BS51-057	鋼鉄機士ヘカタイオス
BS51-058	天照機巧・第一位 日華比売
BS51-059	ヴィシュナーガ・カルキ
BS51-060	クリシュナーガ・ハザール
BS51-061	プリンセス川姫
BS51-062	琴古ぬし
BS51-063	三味ちょうろう
BS51-064	神華の妖精ネリネ
BS51-065	十王シンコウ
BS51-066	古代想機ヌム
BS51-067	古代想機ネイト
BS51-068	神華の妖精ウメ
BS51-069	ロードナイト・ゴレム
BS51-070	ミョウジンハイドラ
BS51-071	ライデンハイドラ
BS51-072	ダーク・スクアーロX
BS51-073	タイガーアイ・ゴレム
BS51-074	ブラックオニキス・ゴレム
BS51-075	天霞龍ミカグラハイドラ
BS51-076	ディアマント・ゴレム
BS51-077	天御剣・暁紅
BS51-078	冥府神剣ディオス＝フリューゲル
BS51-079	神楽器サヴィトリー・ヴィーナ
BS51-080	天真槍・曙天
BS51-081	神変形ハンマー・アームズ
BS51-082	天蠍騎槍スコルランス
BS51-083	エイジスの盾
BS51-084	アマテラスの太陽神殿
BS51-085	ディオニュソスの酒蔵神殿
BS51-086	サラスヴァティーの音楽神殿
BS51-087	連環ノ計
BS51-088	冥府秘術ネメシス・リープ
BS51-089	ダル・セーニョ
BS51-090	鉄壁ノ盾
BS51-091	妖戒ノ調
BS51-092	リコリスフィールド
BS51-093	ディアマントチャージ
BS51-RV001	冥府三巨頭クイン・メドゥーク
BS51-RV002	冥府三巨頭ザンデ・ミリオン
BS51-RV003	冥府三巨頭バロック・ボルドー
BS51-RV004	琵琶剣士ぼくぼく
BS51-RV005	暗黒の魔剣ダーク・ブレード
BS51-RV006	咎人の骨剣エグゼキューショナーズ
BS51-RV007	疾風の双刃カムイ・ハヤテ
BS51-RV008	光翼の神剣エンジェリックフェザー
BS51-RV009	深淵の巨剣アビス・アポカリプス
BS51-RV010	ヴィクトリーファイア
BS51-RV011	ネクロマンシー
BS51-RV012	ネバーギブアップ
BS51-RV013	光翼之太刀
BS51-RV014	エンジェリックプレッシャー
BS51-RV015	ソリッドボディー
BS51-X01	天照龍神グラン・テラス
BS51-X02	冥府神王カヴァリエーレ・バッカス
BS51-X03	神聖天獣ガーヤトリー・フォックス
BS51-X04	天照神機オオヒルメ
BS51-X05	転輪十王ゴドウ
BS51-X06	蒼白造兵アゼツライト・ゴレム
BS51-X07	創世の槍＆創世の盾
BS51-X08	創界神アマテラス
BS51-X09	創界神ディオニュソス
BS51-X10	創界神サラスヴァティー
BS51-XX01	魔星神ゾディアック・デスペリア
BS51-XX02	創世神龍ユナイト・ロロ・ドラゴン
BS51-XX03	創界神アレックス＝ロロ
BS51-10thX01	白羊樹神セフィロ・アリエスX
BS51-10thX02	魔導双神ジェミナイズX
BS51-10thX03	天蠍神騎スコル・スピアX
BS51-10thX04	超龍騎神グラン・サジット・ノヴァ
BS51-CP01	裁きの神剣リ・ジェネシス
BS51-CP02	紫電の霊剣ライトニング・シオン
BS51-CP03	黒蟲の妖刀ウスバカゲロウ
BS51-CP04	天空の光剣クラウン・ソーラー
BS51-CP05	夢幻の天剣トワイライト・ファンタジア
BS51-CP06	蒼海の大剣メイルシュトロム
BS52-001	リューマン・ダッシュ
BS52-002	シールダー・ドラゴン
BS52-003	パイオニア バード・ドラゴン
BS52-004	修験竜テンゲン
BS52-005	道化竜アーケオルニドラゴン
BS52-006	ウィザード・ドラゴン
BS52-007	ファイター・ドラゴン／ブレイバー・ドラゴン
BS52-008	ワイズ・ドラゴン
BS52-009	道化竜MCパンサードラゴン
BS52-010	エンシェントドラゴン・フェブラーニ
BS52-011	アーマーバット
BS52-012	冥府の守護騎士
BS52-013	ボーン・ドーベル
BS52-014	吸血男爵レザールード
BS52-015	影騎士デュラザール／暗黒騎士デュラザール
BS52-016	竜騎士ヴァレンバラン
BS52-017	冥府大魔導エシュゾ
BS52-018	破壊魔龍ラーガ
BS52-019	吸血伯爵エル・サルバトール
BS52-020	ヘ音獣リスクレフ
BS52-021	音獣ノーツヤマアラシ
BS52-022	アイビーテイル
BS52-023	音獣の指揮者コングダクター
BS52-024	ブーストリッチ
BS52-025	狼王ガウルシード／剣狼王獣ガウルシード
BS52-026	殻闘士ノコギリアームド
BS52-027	五線獣ライノスコア
BS52-028	翼王クラウンイーグル
BS52-029	パイオニア シルバーオール
BS52-030	メタルラージ
BS52-031	盾甲機レイド・キャバリアー
BS52-032	小氷姫クラーラ
BS52-033	天照機巧・第九位アメノマヒトツ
BS52-034	醒皇機ラグナ・セイヴァー -飛行形態-／醒皇機ラグナ・セイヴァー -戦闘形態-
BS52-035	氷女王ヴェルン・フロスト
BS52-036	天照機巧・第三位オモイカネ
BS52-037	銀竜アルジェニカ
BS52-038	浮遊要塞サルファ・ボトム
BS52-039	ピュア・ペンタン
BS52-040	ゴッドシーカー ドルイドの占い師セイラム
BS52-041	ドルイドの少女ブリジット
BS52-042	ドルイドの少女マリン
BS52-043	森の司祭メルガ
BS52-044	君想うトリックスター
BS52-045	ドルイドの姫フェデルマ
BS52-046	ドルイドの見習い魔女エルネーゼ／大地の魔女エルネーゼ
BS52-047	ドルイドの魔術師キテラ
BS52-048	森の魔女エルヴィラ
BS52-049	異海人シュモッケン
BS52-050	異海人シャークマン
BS52-051	パイオニア 異海人ドルフィーナ
BS52-052	異海巨人カーティス
BS52-053	角仮面の巨人ドゥーガルド
BS52-054	異海人ティブロ
BS52-055	ソーダライト・ゴレム
BS52-056	エンシェントハイドラ
BS52-057	巨人少年アルヴァ／英雄巨人ガイア・タイタス
BS52-058	グラナート・ゴレム
BS52-059	フォッシル・ゴレム
BS52-060	決闘者たちの戦場／燃え盛るドラグノ決闘者
BS52-061	魔界の決戦場／千槍将軍デスバゼラード
BS52-062	命の果実 -原種-／命の果実の精ドライアッド
BS52-063	千年雪の裂け目／尖塔大亀サウザンタイマイ
BS52-064	デメテールの魔導神殿／ドルイドの巫女ジェニファ
BS52-065	大海門／海門機兵オーシャンゲート・ゴレム
BS52-066	レッドフィールド
BS52-067	ペネトレイトフレイム
BS52-068	ヴァイオレットフィールド
BS52-069	デスタメント
BS52-070	ビリジアンフィールド
BS52-071	バインディングメロディ
BS52-072	ホワイトフィールド
BS52-073	イエローフィールド
BS52-074	ネイチャーメナス
BS52-075	ブルーフィールド
BS52-076	ネガティブアタック
BS52-RV001	リザドエッジ
BS52-RV002	陰陽童
BS52-RV003	霊樹の守り神ブランボアー
BS52-RV004	鎧装獣スコール
BS52-RV005	魔導女皇アンブロシウス
BS52-RV006	海帝竜騎ヴァン・ソロミュー
BS52-RV007	選ばれし探索者アレックス
BS52-RV008	白晶防壁
BS52-TX01	赤の世界／赤き神龍皇
BS52-TX02	白の世界／白き機神
BS52-TX03	青の世界／青き異神
BS52-X01	醒龍皇リバーサルドラゴン
BS52-X02	冥府骸騎士アジャクシオン
BS52-X03	絶対音獣ヌビアラ・ヴァティス
BS52-X04	角醒皇ユニコーン・テイカー
BS52-X05	豊穣の女王神テスモポロス
BS52-X06	醒海皇ヴァルシャルク
BS52-X07	創界神デメテール
BS52-X08	導きの少女ヴィーナ
BS52-X09	ゴッドブレイク
BS52-XX01	三賢神ホルミス
BS52-XX02	三賢神ラルヴァンダード
BS52-XX03	三賢神グシュナサフ
BS52-TCP01	ディオニュソス・パスト／ディオニュソス・フューチャー
BS52-TCP02	ヘルメス・パスト／ヘルメス・フューチャー
BS52-TCP03	アプロディーテ・パスト／アプロディーテ・フューチャー
BS52-CP01	金牛大斧ゴールデン・タウラス・アックス
BS52-CP02	双魚魔砲ピスケカルバリン
BS52-CP03	魔羯大鎌シュタインスライサー
BS52-CP04	生命魔盾セフィラ・シンガータ
BS52-CP05	宝瓶魔銃エリシオンマグナム
BS52-CP06	魔導双剣ジェミナイヴズ
BS52-CP07	堕天聖杖エルア
BS52-CP08	天秤魔槍ライブラジャベリン
BS52-CP09	アイツの帰還
BS52-CP10	プロミスドロー
BS52-CP11	終わらぬ戦い
BS52-CP12	アメジストスター
BS52-CP13	ホワイトストライク
BS52-CP14	最後のカード
BS53-001	フターゴリザード
BS53-002	ファイザードX
BS53-003	イグナイト・ドラゴン
BS53-004	火山恐竜ヴルガノン／火山蒼竜ヴルガノン
BS53-005	幻炎龍クリムゾン・ミラージュ
BS53-006	ドラグノ重装兵
BS53-007	天醒武将オウジンドラゴン -朱雀ノ型-／天醒武将オウジンドラゴン -玄武ノ型-
BS53-008	六剣龍ヴァルドロック
BS53-009	機導大将軍ムラマサ・ドラゴン
BS53-010	グリーンフラッシュドラゴン
BS53-011	ナイト・ブレイドラ
BS53-012	キャメロット・ルーク
BS53-013	キャメロット・ナイトX
BS53-014	パイオニア 吸血鬼アンジィ
BS53-015	冥府術師ドミナス
BS53-016	吸血刃鬼シュレーダー
BS53-017	魔竜シュバルツィオーネ／蒸気魔竜シュバルツィオーネ
BS53-018	蒼の公爵ヴルンハルト
BS53-019	闇騎士ランスロットX
BS53-020	冥府騎士レヴァンジル
BS53-021	紫煙の番犬ケルベロスモッグ／詩炎の番犬ケルベロッサ
BS53-022	竜騎士アルベール
BS53-023	五線獣アルパスコア
BS53-024	シールド・ビートル
BS53-025	パイオニア 樹精ハッパ
BS53-026	ラケット・ハミバ
BS53-027	オオミミフォックス
BS53-028	醒獣皇子レオーネエッジ／炎獣皇子レオーネエッジ
BS53-029	八分音獣ノーツカンゴール
BS53-030	ジサイドリ
BS53-031	殻醒剣士リノケロス／闇ニ墜チシ者リノケロス
BS53-032	殻武将ガクヒ・ホッパー
BS53-033	死翼の王デス・コンドル
BS53-034	暴獣ブラックパンター
BS53-035	ジャマーオウル
BS53-036	シールド・ラーテル
BS53-037	ダイヤモンド・ベタ
BS53-038	一角機獣アムドゥス・キアス／一角冥機アムドゥス・キアス
BS53-039	天照機巧・第六位イシコリドメ
BS53-040	重装機動シールディアス
BS53-041	放浪の鋼鉄機士デウカリオン
BS53-042	ダイ・ヤシガニ
BS53-043	氷魔導師アリステシア
BS53-044	魔術戦機ルガイド／剛腕戦機ルガイド Type-G
BS53-045	むかしポム
BS53-046	ドルイドの睡魔女チェルシー
BS53-047	パイオニア 力天使ファナエル
BS53-048	引っ込み思案のドルイド僧リルラ／翠鳥の魔女リルラ
BS53-049	アマビエ
BS53-050	カプリコルヌス
BS53-051	火の精霊サラマンダー
BS53-052	魔光の狩人ジェインウェイ
BS53-053	ドルイドの怪力神官ベルネリタ
BS53-054	想竜王ジュラン／火山竜王ジュラン
BS53-055	WBSレスラー クライド
BS53-056	ゴッドシーカー WBS専属実況者ヴィハーン
BS53-057	WBS新人レスラー アールシュ
BS53-058	スマラクト・ゴレム
BS53-059	WBSレスラー マスク・ザ・ミステリオ
BS53-060	WBSレスラー シュリア
BS53-061	WBSレジェンド タイガーマスター
BS53-062	WBSレスラー ガビーア
BS53-063	WBS王者ゼオフィラス／殻面の王者ゼオフィライダー・WBS
BS53-064	神珠プルーナ・カラシャ
BS53-065	龍の聖剣
BS53-066	ラクシュミーの筋肉神殿／WBSトレーナー マクガルド
BS53-067	ネクサスハザード
BS53-068	バーニングダスト
BS53-069	デモンズフィンガー
BS53-070	ドラグーンシュート
BS53-071	バインディングノイズ
BS53-072	リーフジャマー
BS53-073	ミストシールド
BS53-074	ドリームスパーク
BS53-075	ポムポムポムボム
BS53-076	メルティプレッシャー
BS53-077	蒼流線
BS53-078	スパルタンスロー
BS53-RV001	スプライト・ドラグーン
BS53-RV002	妖術師ヤクモ
BS53-RV003	大草鳥ソテツニア・コンドル
BS53-RV004	十剣聖ヴォル・クーガ
BS53-RV005	オリンピアの天使ファレグ
BS53-RV006	帝釈天将インドラ
BS53-TX01	竜騎士ソーディアス・ドラグーン／龍騎皇ドラゴニック・アーサー
BS53-TX02	紫の世界／紫の悪魔神
BS53-TX03	緑の世界／緑の自然神
BS53-TX04	黄の世界／黄の夢想神
BS53-X01	天醒駆龍ティザーロア
BS53-X02	冥醒王ルシフェルド
BS53-X03	醒獣王レオ・ジーヴェン
BS53-X04	零騎女王クイン・フローレス
BS53-X05	醒教皇メルティアナ
BS53-X06	異醒龍バーシュロム
BS53-X07	WBSエース 吉祥女神ローカマーター
BS53-X08	創醒の宝珠ヘキサ・タリスマン
BS53-X09	創界神ラクシュミー
BS53-XX01	三災獣・地災ビヒモドス
BS53-XX02	三災獣・海災ディザイアタン
BS53-XX03	三災獣・空災デスト・ジーズ
BS53-TCP01	アポローン・パスト／アポローン・フューチャー
BS53-TCP02	アテナ・パスト／アテナ・フューチャー
BS53-TCP03	ポセイドン・パスト／ポセイドン・フューチャー
BS53-CP01	「オリジンズ02」アロンダイ
BS53-CP02	「憂鬱の魔王」ベールフェゴル
BS53-CP03	「千年杉」ヤクーツォーク
BS53-CP04	「百獣」ヴァイスレーベ
BS53-CP05	「双龍頭領」アオバ
BS53-CP06	「深海の主」アレシャンド
BS53-CP07	「運命の図柄を描く者」ラケシス
BS53-CP08	九神龍「闘」アラバスター
BS53-CP09	アイリエッタ・ラッシュ
BS53-CP10	アッシュ・クロード
BS53-CP11	ノノイン・ニルオン
BS53-CP12	ヒナリア・ダーケンド
BS54-001	ヨウガントビウオ
BS54-002	雷の四天王ドラゴン・ザ・ツナ
BS54-003	ドラグノ魔石強化兵
BS54-004	ブレーノドサウルス
BS54-005	ランスアノール
BS54-006	ドラグノ総軍団長
BS54-007	風龍フェブラーニカ／颶風龍フェブラーニカ
BS54-008	ドラグノ攻城兵
BS54-009	雷の四天王サカターノ・ベア
BS54-010	雷の覇王ライコウ・ドラゴン
BS54-011	ミストモンキー
BS54-012	魔法少女ドール†パナシェ†
BS54-013	魔石の竜騎士ザクソン
BS54-014	竜騎士ウルリッヒ
BS54-015	ノーリッジスネーク
BS54-016	竜騎士長ジャンヴァルジャン／飛電の竜騎士長ジャンヴァルジャン
BS54-017	紅の公爵エル・フォリオ
BS54-018	天空の竜騎士スクライヴァー
BS54-019	ガスノーベア
BS54-020	重竜騎士アダムス
BS54-021	ウィンゼル
BS54-022	ジグソーカミキリ
BS54-023	西の大樹ワーズワース
BS54-024	ラフレシアン／ラフレオン
BS54-025	魔石の樹婦人アイビィエッタ
BS54-026	甲殻騎士ポルテリー
BS54-027	守護樹ボタニカイザー
BS54-028	甲蛾上忍ルリチュウレンジ
BS54-029	大樹獣カルマ・カラマ
BS54-030	黒き刃のジャガーディウス
BS54-031	涙戦ティアドロッパー
BS54-032	零華の姫君ミロスラーヴァ／氷翼零装ミロスラーヴァ
BS54-033	魔石の守護者レナータ
BS54-034	スパイクテールリザード
BS54-035	スノーフレークサーベル
BS54-036	ワルキューレ・スリマ
BS54-037	恐竜機プテラソニック
BS54-038	エグザード・ギア
BS54-039	氷騎士グラフィーラ
BS54-040	氷空の要塞亀オーサ
BS54-041	アルカナパラディン・スペキュレート
BS54-042	マカロンロン
BS54-043	ピム
BS54-044	魔石の堕天使キアーヴェル
BS54-045	コブラン
BS54-046	天使ミニエル／主天使ドミニエル
BS54-047	魔術竜ヤクルス
BS54-048	古の魔女エルフィーリア
BS54-049	センティコア
BS54-050	堕天使モノクレール
BS54-051	時計職人クロロクロロ
BS54-052	WBS魔石レスラー イシャン
BS54-053	異海人ダイグソク
BS54-054	WBS青のカリスマ アニク
BS54-055	異海人シーホース／異海超人シードラゴン
BS54-056	WBSレジェンドレスラー オーガン
BS54-057	大空の剣士ジャスティ・イーグル
BS54-058	クロム・ゴレム
BS54-059	爆獣デトロイド・バイソン
BS54-060	WBSレスラー クトゥルー・ザ・ベイダー
BS54-061	竜人の創界石／ドラグノ魔神
BS54-062	竜騎士の創界石／竜騎士魔神
BS54-063	樹魔の創界石／樹魔神
BS54-064	氷姫の創界石／氷魔神姫
BS54-065	導魔の創界石／導魔神
BS54-066	闘神の創界石／闘魔神
BS54-067	イラプションドロー
BS54-068	シックスブレイズ
BS54-069	リターンズドラグーン
BS54-070	デスアタラクシア
BS54-071	グロウスブースター
BS54-072	真空爪破斬
BS54-073	リインフォースメント
BS54-074	フリージングピラー
BS54-075	トゥインクルベール
BS54-076	リセットスフィア
BS54-077	ウェーブスマッシュ
BS54-078	ビーストレイン
BS54-RV001	ドラグノ暗殺者
BS54-RV002	ドラグノ突撃兵
BS54-RV003	ガブノハシ
BS54-RV004	六花の司書長サーガ
BS54-RV005	氷剣使モリガン
BS54-RV006	天使プリマ
BS54-X01	ドラグノ王
BS54-X02	無限機導ヴェルゲン・ツァイト
BS54-X03	蛇皇龍ガルメジャード
BS54-X04	神樹鳥ボタニカルフェニックス
BS54-X05	氷神姫フリージアム
BS54-X06	約束の魔女エルネーゼ
BS54-X07	WBS初代王者ザ・ビースト
BS54-X08	真・炎魔神
BS54-X09	零ノ障壁
BS54-TX01	聖龍帝の大創界石／聖龍帝ディクト・ゼレン
BS54-TX02	魔術皇の大創界石／魔術皇ア＝ズーラ
BS54-TX03	凶虎王の大創界石／凶虎王ジェイ・ガゥル
BS54-TX04	シーズグローリー／天醒槍ロンゴ・ミニアス
BS54-XX01	三天神デイブレイカー
BS54-XX02	三天神ヌーンタイド
BS54-XX03	三天神サン・ダウン
BS54-TCP01	ヘラ・パスト／ヘラ・フューチャー
BS54-TCP02	アレス・パスト／アレス・フューチャー
BS54-TCP03	デメテール・パスト／デメテール・フューチャー
BS55-001	ウミヒコ・ドラゴン
BS55-002	ドラグノ歴戦兵ゴウ・ジッダ／無銘の墓標
BS55-003	サンダー・Z・ハスキー
BS55-004	ドラグノ拳闘兵／ドラグノ拳闘王 鉄拳のダズ・バッツ
BS55-005	楽土の覇王アマクサ・ドラゴン
BS55-006	雷の四天王ウラベ・ドラゴン
BS55-007	輝龍シャイニング・ドラゴンX
BS55-008	天魔王ゴッド・ゼクス -焔ノ型-
BS55-009	ドラグノ巨竜兵
BS55-010	竜騎士ライディーク
BS55-011	ブラックドワーフドラゴン
BS55-012	黄泉ノ獣ライウンコマイヌ／イザナミの黄泉神殿
BS55-013	ゴッドシーカー 黄泉ノ翼トヨクモノ
BS55-014	黄泉ノ獣ライウンガメ
BS55-015	竜騎士ヘクゼット
BS55-016	黄泉ノ兵士ヨモツイクサ
BS55-017	黄泉ノ鬼女ヨモツシコメ
BS55-018	碧の公爵グリュンワルト
BS55-019	黄泉ノ雷神ホノイカヅチ
BS55-020	吸血剣鬼バロンドール
BS55-021	竜騎士長ヴォルスティン／地雷の竜騎士長ヴォルスティン
BS55-022	黄泉ノ獣ライウンシシ
BS55-023	黄泉ノ獣ライウンギュウ
BS55-024	竜騎士兄弟グリーク＆グラック
BS55-025	コシアカスワロー
BS55-026	カピバラウィード
BS55-027	神産ノ獣ジュモクマシラ／イザナギの神産神殿
BS55-028	神産ノ獣イワツチビコ
BS55-029	ゴッドシーカー 神産ノ翼クニノトコタチ
BS55-030	サボフェネック
BS55-031	シロオビ・ホーネット・A
BS55-032	フォレストクーガー
BS55-033	神産ノ草神カヤノヒメ
BS55-034	ゴマバラ・イーグル／突風狩人ゴマバラ・イーグル
BS55-035	神産ノ風神シナツヒコ
BS55-036	神産ノ獣ジュモクノリョウケン
BS55-037	神産ノ樹神ククノチ
BS55-038	ランリョウ・クワガタ
BS55-039	神産ノ山神オオヤマツミ
BS55-040	氷の家令ライサ／アイスパレス
BS55-041	ロクテン・ブショウ
BS55-042	神機賢者クヴァシル
BS55-043	妖星機兵グラジストン
BS55-044	氷刃姫プリヘーリア／大氷斧の姫君プリヘーリア
BS55-045	氷奏の乙女エリザヴェータ
BS55-046	猟神機アルテミックハウンド
BS55-047	魔導氷姫アガーフィア
BS55-048	永遠の覇王ミブロック・ガムシン
BS55-049	果物人キウイーバードマン
BS55-050	モリフーリン
BS55-051	アルカナシュバリエ・オジェ／トランプタワー
BS55-052	宵闇の魔女ポリフォニア
BS55-053	星霊獣ペルシフォーネ／有角の星霊獣ペルシフォーネ
BS55-054	堕天使リーディエ
BS55-055	ドルイドの舞姫アシュリーカ
BS55-056	大天使イスフィールX
BS55-057	星霊獣ゼフィール
BS55-058	モルダバイト・ゴレム
BS55-059	予測不能の奇術師 WBSレスラー マスク・ザ・ミステリオ
BS55-060	時冠の先兵クロノトルーパー
BS55-061	ロクテン・ゴレム
BS55-062	WBSレスラー アールシュ／WBSグレートルーキー アールシュ
BS55-063	時の番犬クロノ・ベロス／時の狭間
BS55-064	蒼き稲妻 WBSレスラー シュリア
BS55-065	時空乱龍パラドラクス
BS55-066	WBSレジェンド 炎神ファイアドラゴン
BS55-067	デストネーション
BS55-068	レッドゾーン
BS55-069	ドラグーンダイブ
BS55-070	反魂ノ黄泉路
BS55-071	リバースジャマー
BS55-072	神産ノ猛追
BS55-073	オーバードーズ
BS55-074	ブリザードテンペスト
BS55-075	ホーリーサイン
BS55-076	トランプスパーク
BS55-077	ミステリートラップ
BS55-078	タキオンストリーム
BS55-RV001	ドラグノ近衛兵
BS55-RV002	ソードール
BS55-RV003	森林のセッコーキジ
BS55-RV004	天魔王ゴッド・ゼクス -伍ノ型-
BS55-RV005	弓ピッド
BS55-RV006	ティンダロ・ハウンド
BS55-X01	ドラグノ覇壊神
BS55-X02	超覇王ロード・ドラゴン・零
BS55-X03	五英雄 竜騎士皇アヴァルケイン
BS55-X04	五英雄 大守護樹グレート・ボタニカイザー
BS55-X05	億年樹ガウル・シダー
BS55-X06	五英雄 氷槍の聖女グラフィーラ
BS55-X07	五英雄 星霊の乙女メルティアナ
BS55-X08	五英雄 WBSゼオフィラス
BS55-X09	創界神イザナギ＆イザナミ
BS55-TX01	爆覇龍エクスプロード・ドラゴン／爆覇造神ビッグバン・ゴレム
BS55-TX02	神産ノ大醒獣オオヤシマ／黄泉ノ醒獣帝ヨモツオオカミ
BS55-TX03	時の監視者ロンバルディア／時の破壊者ロンバルディア・Ω
BS55-TX04	創醒の大創界石／大地の御子ヴィーナ
BS55-XX01	絶対なる幻龍神アマテラス・ドラゴン
BS55-XX02	未確認生態01 シュレディンガー・ドラゴン
BS55-XX03	未確認生態02 ヴァールハイト・ドラゴン
BS55-TCP01	ゼウス・パスト／ゼウス・フューチャー
BS55-TCP02	アルテミス・パスト／アルテミス・フューチャー
BS55-TCP03	ヘファイストス・パスト／ヘファイストス・フューチャー
BS55-TCP04	空牙一閃／ムサシード・アシュライガー・オリジン
BS55-TCP05	キャバルリースラッシュ／ソーディアス・アーサー・オリジン
BS55-TCP06	風蟲円舞／ドルクス・ウシワカ・オリジン
BS55-TCP07	氷刃血解／ミブロック・バラガン・オリジン
BS55-TCP08	ギフト・オブ・ザ・ナイル／クレオパトラス・オリジン
BS55-TCP09	轟覇天翔／サイゴード・ゴレム・オリジン
BS55-TCP10	新世界のアレックス／新しき世界の創界神アレックス
BS56-001	ロケッドラ
BS56-002	宇宙戦闘竜バルダードラゴン
BS56-003	ドラグノ魔剣士／ドラグノ魔剣豪バッド・ジーダ
BS56-004	レドーム・ドラゴン
BS56-005	砲竜機ギャラドラン
BS56-006	蛇竜キング・ゴルゴーX
BS56-007	宙征竜エスパシオン
BS56-008	ドラグノ大魔導ソッグ・モーヴェ
BS56-009	コスモライザードラゴン
BS56-010	蝶竜ファルファッラ
BS56-011	宇宙要塞龍ドラゴニックフォート
BS56-012	バルバット
BS56-013	黄泉ノ獣ライウンヒョウ
BS56-014	竜騎士ハイジリオン／竜騎士ハイジリオン -竜合騎身-
BS56-015	チュパカブラー
BS56-016	獄獣ガシャベルスX
BS56-017	バル・マスケ 男爵 アドルフ／バル・マスケ 男爵 黒耀魔人アドルフ
BS56-018	黄泉ノ凶魚ライウンザメ
BS56-019	吸血騎士エヴァリスト
BS56-020	バル・マスケ 侯爵 ボドワン
BS56-021	黄泉ノ皇蛇ライウンオロチ
BS56-022	ドローンアント
BS56-023	神産ノ獣ジュモクウサギ
BS56-024	ドローンモス
BS56-025	スカラベビートルドローン
BS56-026	ドローンハニー
BS56-027	ドローンカミキリー
BS56-028	リューテナントホッパー警部
BS56-029	インベスティビートル捜査官
BS56-030	神産ノ守護者イノカミ
BS56-031	神緑の孔雀ボタニカルピーコック／彩華神鳥ボタニカルピーコック
BS56-032	ゴライアスエッジ保安官
BS56-033	ブースターオリックス
BS56-034	慈愛の姫君リーリヤ
BS56-035	ブースチーター
BS56-036	魔創騎士アレーシャ／氷創騎士アレーシャ
BS56-037	飛鋼獣ゲイル・フォッカーX
BS56-038	獣機動ウルフェン・ベルガー／獣装機動ウルフェン・ベルガー -ヒューマモード-
BS56-039	フォートレスターエンペラー
BS56-040	ズィーク・ドラグーン
BS56-041	零華の戦乙女ミロスラーヴァ
BS56-042	廃棄体ディスポーサル・マンモス
BS56-043	花の魔女っ娘プレーゼ
BS56-044	天使レミリエル
BS56-045	星霊獣カーヴァンクル／星霊神獣カーヴァンクル
BS56-046	天使ユニエル
BS56-047	天使ファムエル／斬天使ファムエル
BS56-048	アルカナダークナイト・シス
BS56-049	ドルイドの翼神官シェイネ
BS56-050	天使長フリューエル
BS56-051	天使ハマエル
BS56-052	宇宙海賊ルートフ
BS56-053	宇宙海賊アーマディロウ
BS56-054	宇宙海賊ロンディーネ
BS56-055	時冠上級兵ハイ・クロノトルーパー
BS56-056	時冠機兵クロノ・ゴレム／時冠機帝カイザー・クロノ・ゴレム
BS56-057	宇宙海賊プロッチョ
BS56-058	宇宙海賊オペレーター・リシッツァ
BS56-059	宇宙海賊マウンテンホーク
BS56-060	時空海獣クロノオルカ
BS56-061	宇宙海賊ティブロック
BS56-062	宇宙海賊ヴァルロス
BS56-063	航宙龍艦ドラグ・ノーチラス／航宙龍機ドラグ・ノーチラス・アサルト
BS56-064	ドラゴンズミラージュ
BS56-065	幻星創られし場所
BS56-066	ファントムミラージュ
BS56-067	地上蟲艦グランドバッター／大蟲刃ビッグバッター
BS56-068	ネイチャーミラージュ
BS56-069	メカニカルミラージュ
BS56-070	ウィッチミラージュ
BS56-071	アビサルミラージュ
BS56-072	宇宙海賊船ボーンシャーク号／宇宙海賊船ボーンシャーク号 -襲撃形態-
BS56-073	レーザーボレー
BS56-074	オラクルXIII オーバーデス
BS56-075	バインドエッジ
BS56-076	オラクルXVII オーバースター
BS56-077	オラクルIII オーバーエンプレス
BS56-078	ハイドロリックシューティング
BS56-RV001	リボルドロー
BS56-RV002	クリスタルクラック
BS56-RV003	ネオ・ハンドリバース
BS56-RV004	ホワイトクラック
BS56-RV005	マジカルドロー
BS56-RV006	スワロウテイル
BS56-X01	航宙龍アストラ・ドラゴン
BS56-X02	オラクル二十一柱 XIII ザ・デス
BS56-X03	神産ノ武神オノゴロウ
BS56-X04	光殻刑事マンディ・ブラリス
BS56-X05	オラクル二十一柱 XVII ザ・スター
BS56-X06	大氷巨獣イエティカ・エラケス
BS56-X07	オラクル二十一柱 III ジ・エンプレス
BS56-X08	宇宙海賊キャプテン・シャークック
BS56-X09	宇宙大海晶ヴァルダルム
BS56-TX01	幻羅星龍ガイ・アスラX／幻羅星龍ガイ・アスラX -転醒絢爛-
BS56-TX02	竜騎士アンブローズ／創界神マーリン
BS56-TX03	竜騎士ソーディアス・ドラグーン／竜騎士皇帝グラン・ドラゴニック・アーサー
BS56-XX01	未来機神フォグマジオス
BS56-XX02	未来女神ファム・ディ・ルルー
BS56-TCP01	輝きの聖剣シャイニング・ソードX／輝きの聖剣シャイニング・ソードX -転醒化身-
BS56-TCP02	黒蟲の妖刀ウスバカゲロウX／黒蟲の妖刀ウスバカゲロウX -転醒化身-
BS56-TCP03	深淵の巨剣アビス・アポカリプスX／深淵の巨剣アビス・アポカリプスX -転醒化身-
BS57-001	ディフレクタードラゴン
BS57-002	リューマン・リバイヴド
BS57-003	ゲンセイリュー
BS57-004	コスモレッドドラゴン
BS57-005	竜星アステロイダート／竜星アステロイダート -ドラグフォーム-
BS57-006	魔剣角龍トリケロード／魔剣皇トリケロード
BS57-007	コスモワイバーン
BS57-008	紅炎竜ジェノバーグ・ドラゴン
BS57-009	冥界の恐竜王ティラノマリク
BS57-010	ガーゴイルバット
BS57-011	ヴァンピーアヴォルク
BS57-012	バル・マスケ 男爵 ザウアーラント
BS57-013	バル・マスケ 男爵 ファルケンハイン
BS57-014	斬蛇王ジェドガラー
BS57-015	魔導大蛇トリスメギスネーク／魔賢者トリスメギスネーク
BS57-016	黄泉ノ獣テンコ
BS57-017	バル・マスケ 子爵 シュターデン
BS57-018	バル・マスケ 子爵 エルレンマイヤー／バル・マスケ 子爵 薔薇魔人エルレンマイヤー
BS57-019	バル・マスケ 伯爵 グロースクロイツ
BS57-020	バル・マスケ 男爵 ルーデンドルフ
BS57-021	ラッコンブ
BS57-022	エッジタマムシドローン
BS57-023	シジミドローン
BS57-024	ケンタウルスビートルドローン
BS57-025	ホーンワームゲイザー／捜査官ナミアゲイザー
BS57-026	神産ノ獣カクバ
BS57-027	剛腕捜査官マッスルビート
BS57-028	コスモドードー
BS57-029	バンガイカーディナル
BS57-030	コスモグレートオーク
BS57-031	コスモクアッガー
BS57-032	シンクロイド・カイギュー
BS57-033	シンクロイド・バイフー
BS57-034	氷牙機獣ギガノディア／氷牙機兵ギガノディア -ヒューマモード-
BS57-035	メガトータティス
BS57-036	シンクロイド・モア
BS57-037	天使リミエル
BS57-038	小星霊プチーチュエ
BS57-039	天使ルルルエル
BS57-040	魔角兎アルミラッド／魔拳聖アルミラッド
BS57-041	天使カナフィエル
BS57-042	天使ルナリエル
BS57-043	天使ミレニエル／天使ミレニエル -フェニックスウィング-
BS57-044	天使長セレファリエル
BS57-045	天使ディフィエル
BS57-046	天使ヘルマエル
BS57-047	宇宙海賊モルット
BS57-048	宇宙海賊カモノハッチ
BS57-049	宇宙海賊レディ・ジョーズ
BS57-050	時空亀獣ショワンウ
BS57-051	宇宙海賊ジャガー・ザ・ドレイク
BS57-052	パラスト・ゴレム
BS57-053	宇宙海賊アルギュロー／宇宙海賊 剣豪アルギュロウ
BS57-054	時空獣トキリン
BS57-055	天空司祭ベンヌバード
BS57-056	天空勇士セクタリーフ
BS57-057	聖刻騎兵スペース・メフェケア
BS57-058	聖刻騎兵ストライカー・ヘセル
BS57-059	エジットの天使長アズィーエル
BS57-060	砂海英雄王アサッド
BS57-061	コスモミラージュ
BS57-062	ファイアミラージュ
BS57-063	ヴァンパイアミラージュ
BS57-064	バル・マスケ居城ブラッドロンド／バル・マスケ居城ブラッドロンド -悪魔態-
BS57-065	フォレストミラージュ
BS57-066	インセクトミラージュ
BS57-067	マシンミラージュ
BS57-068	巨大戦艦マンモストーム／巨大戦艦マンモストーム -ヒューマモード-
BS57-069	ヘヴンズミラージュ
BS57-070	天戦艦ロードオブウィル／天戦艦ロードオブウィル -天使態-
BS57-071	オーシャンミラージュ
BS57-072	パイレーツミラージュ
BS57-073	コスモドロー
BS57-074	オラクルIV オーバーエンペラー
BS57-075	カッティングコア
BS57-076	バットディザスター
BS57-077	オラクルXI オーバージャスティス
BS57-078	バタフライジャマー
BS57-079	コスモドリーム
BS57-080	コズミックシェル
BS57-081	マジカルキュア
BS57-082	エンジェルオラトリオ
BS57-083	セクシーバズーカ
BS57-084	オラクルVIII オーバーストレングス
BS57-X01	オラクル二十一柱 IV ジ・エンペラー
BS57-X02	黄泉ノ神子ヒルコ
BS57-X03	バル・マスケ 公爵 ブラッドフォード
BS57-X04	オラクル二十一柱 XI ザ・ジャスティス
BS57-X05	征光機獣エクスターナル・ワトゥ
BS57-X06	時を超える天使プリクエル
BS57-X07	星霊黄龍ファンロン
BS57-X08	オラクル二十一柱 VIII ザ・ストレングス
BS57-X09	宇宙頂天龍メギド・ゾーラ
BS57-TX01	機龍皇ヴェルト・ラオム／機龍皇ヴェルト・ラオム -G.O.D.モード-
BS57-TX02	時空警察リッキー捜査官／時空警察リッキー捜査官 -ヘラクレスフォーム-
BS57-TX03	宇宙海賊ギャリー・ハリアス／宇宙海賊 大船長ギャリー・ハリアス
BS57-XX01	未来神鳥ホワイトフェイス
BS57-XX02	未来巨神ガイ・モナーク
BS57-TCP01	咎人の骨剣エグゼキューショナーズX／咎人の骨剣エグゼキューショナーズX -転醒化身-
BS57-TCP02	白夜の宝剣ミッドナイト・サンX／白夜の宝剣ミッドナイト・サンX -転醒化身-
BS57-TCP03	光翼の神剣エンジェリックフェザーX／光翼の神剣エンジェリックフェザーX -転醒化身-
BS57-TCP04	アヌビス・パスト／アヌビス・フューチャー
BS57-TCP05	オシリス・パスト／オシリス・フューチャー
BS57-TCP06	ラー・パスト／ラー・フューチャー
BS57-TCP07	ホルス・パスト／ホルス・フューチャー
BS57-TCP08	トト・パスト／トト・フューチャー
BS57-TCP09	イシス・パスト／イシス・フューチャー
BS57-TCP10	セト・パスト／セト・フューチャー
BS58-001	太陽星龍ソーラードラゴン
BS58-002	太陽星龍デル・ソール
BS58-003	皇帝羊ウリアール
BS58-004	ドラグノ狩人／ドラグノ狩人 -天帝装備-
BS58-005	太陽星龍プロミネンス／太陽星龍プロミネンス・ハンドラー
BS58-006	ドラグノ大剣狩人 -龍皇装備-
BS58-007	シュバルツァードラゴン
BS58-008	太陽星龍サン・スティード
BS58-009	冥機士ティルヴィング
BS58-010	隠者犬スキッパー
BS58-011	神冥騎士シャルヴィ／俊足の神騎士シャルヴィ
BS58-012	隠者騎士エベラルド／隠者騎士エベラルド -チェストバーン-
BS58-013	隠者騎士クアドラッド
BS58-014	隠者騎士ヴァンデラス
BS58-015	バル・マスケ 辺境伯 宇宙海賊のザイツ
BS58-016	バル・マスケ 準男爵 アルムガルト
BS58-017	守門テンマクス
BS58-018	カイコガドローン
BS58-019	ヒナオウガ
BS58-020	祓魔師キツネディクトゥス
BS58-021	侍祭ニコリーウス
BS58-022	時空捜査官オリヴァー
BS58-023	祓魔師ジャガー／炎魔の祓魔師ジャガー
BS58-024	祓魔師ウルフバヌス
BS58-025	司教レオドロス
BS58-026	司祭グリズリアヌス
BS58-027	ネヌー・ファルコ
BS58-028	司祭トランド
BS58-029	戦車合体ヴィーゼル
BS58-030	戦車合体レオパルトMk-I
BS58-031	コスモサイラシン
BS58-032	秩序軍デュアル・アッパー
BS58-033	コスモサーベルタイガー／コスモサーベルタイガー -ヒューマモード-
BS58-034	神機グラム
BS58-035	シンクロイド・ケイブリオン
BS58-036	戦車合体ナースホルン
BS58-037	戦車合体パンター
BS58-038	戦車合体コスモエレファント
BS58-039	秩序軍ジェット・ハマー
BS58-040	睡蓮鳥ガウリー
BS58-041	ゴッドシーカー 睡蓮鳥ヒメコ
BS58-042	睡蓮鳥サンコ
BS58-043	天使レリエル
BS58-044	睡蓮鳥ウマー
BS58-045	睡蓮鳥アンビカー／睡蓮女神アンビカー
BS58-046	パール・ナンディン
BS58-047	睡蓮鳥シャクティー
BS58-048	巫女天使ハヤエル
BS58-049	蓮神獣ペガサティー
BS58-050	睡蓮魚マハシール
BS58-051	ピサ・ゴレム
BS58-052	ジョット・ゴレム
BS58-053	エッフェル・ゴレム
BS58-054	ゴール・ゴレム
BS58-055	カゼノ・ゴレム
BS58-056	ベルン・ゴレム
BS58-057	アンヴェルス・ゴレム
BS58-058	宇宙海賊ヴァンテーラ
BS58-059	シャルトル・ゴレム
BS58-060	宇宙海賊ブルーホエール
BS58-061	ストラスブール・ゴレム
BS58-062	睡蓮龍槍トリシューラ
BS58-063	ビートミラージュ
BS58-064	ミストミラージュ
BS58-065	サン・エロファント大聖堂
BS58-066	ウィングミラージュ
BS58-067	パールヴァティーの慈愛神殿
BS58-068	ヘラクレスの巨塔／ヘラクレス・ゴレム
BS58-069	星と獣の創界石／陽皇魔神
BS58-070	騎士と機械の創界石／隠戦魔神
BS58-071	睡蓮の創界石／象魔神・蓮
BS58-072	塔の創界石／塔魔神
BS58-073	リターンサンライズ
BS58-074	ドラグノフレイム
BS58-075	ゼーロイバーシューティング
BS58-076	ケイオスミスト
BS58-077	サクラメントバインド
BS58-078	オラクル V オーバーハイエロファント
BS58-079	チャリオットドリーム
BS58-080	オラクル VII オーバーチャリオット
BS58-081	リジェクションフェザー
BS58-082	フローライトペタル
BS58-083	オラクル XVI オーバータワー
BS58-084	タワーブレイク
BS58-X01	太陽星龍ドラグ＝ソレイユ
BS58-X02	ドラグノ真竜
BS58-X03	幻惑の隠者騎士バジャーダレス
BS58-X04	オラクル二十一柱 V ザ・ハイエロファント
BS58-X05	オラクル二十一柱 VII ザ・チャリオット
BS58-X06	勝利の神妃ドゥルガー
BS58-X07	オラクル二十一柱 XVI ザ・タワー
BS58-X08	伝説塔神バベル・ゴレム
BS58-X09	創界神パールヴァティー
BS58-TX01	バル・マスケ 大公爵 ゼーゲブラヒト／バル・マスケ 大公爵 ゼーゲブラヒト -聖魔態-
BS58-TX02	始祖機獣アーク・プテリクス／始祖機獣アーク・プテリクス -ヒューマモード-
BS58-TX03	座天使長ツァフキエル／座天使長ツァフキエル -オファニホイール-
BS58-XX01	未来神龍ネーヴェル・フレア
BS58-XX02	未来邪神ゴルナ・ガルマ
BS58-TCP01	紫電の霊剣ライトニング・シオンX／紫電の霊剣ライトニング・シオンX -転醒化身-
BS58-TCP02	天空の光剣クラウン・ソーラーX／天空の光剣クラウン・ソーラーX -転醒化身-
BS58-TCP03	夢幻の天剣トワイライト・ファンタジアX／夢幻の天剣トワイライト・ファンタジアX -転醒化身-
BS58-TCP04	雷皇龍ジークヴルムX／超神星龍ジークヴルム・ノヴァX
BS58-TCP05	魔界七将ベルゼビートX／魔界七将アスモディオスX
BS58-TCP06	剣王獣ビャク・ガロウX／百獣剣王ビャク・ガロウ・月雅X
BS58-TCP07	鉄騎皇イグドラシルX／翼神機グラン・ウォーデンX
BS58-TCP08	天使長ソフィアX／大天使長ソフィアX
BS58-TCP09	巨人大帝アレクサンダーX／巨神大帝アレクサンダー・バシレウスX
BS59-001	太陽星龍ヘルメット・ストリーマ・ドラゴン
BS59-002	ドラグノ狩人 -暴双装備-
BS59-003	太陽星龍フレイヴァーン／太陽紅炎剣ソル・フレイヴァー
BS59-004	金牛教皇ハイエロファント・タウラス
BS59-005	光刃機龍ダンシング・ソーダー／対艦光刃ドラグ・ザンバー
BS59-006	太陽星龍ファキュラ・ドラゴン
BS59-007	太陽星龍サン・ドラゴニクス
BS59-008	ドラグノ狩人 -凶爆装備-
BS59-009	ラグランジュ・ドラゴン
BS59-010	月双魚ムーンリット・ピスケス
BS59-011	隠者騎士オレガート
BS59-012	隠者騎士ヴィジャーレアル／隠の槍杖ハーミット・ワン
BS59-013	隠者騎士ジルベスト
BS59-014	バル・マスケ 女公爵 ジークルーネ／連血剣ブラッド・レディ
BS59-015	悪魔羯デビルコーン
BS59-016	バル・マスケ 大侯爵 ザルムフォーファー
BS59-017	隠者騎士セージ・マジョルガー
BS59-018	守門ブルドグレゴリー
BS59-019	巨蟹戦車キャンサー・チャリオット
BS59-020	ロボ刑事ヘラク・ビートロイド／時空十刃エクストリーム・ジッテー
BS59-021	ドローンテントウ
BS59-022	アゲハキーウィ
BS59-023	皇帝羊エンペラー・アリエス
BS59-024	大司教マウンテンゴリウス
BS59-025	コーカサス・イーグル
BS59-026	助祭ピゥ・マルティヌス
BS59-027	甲殻鳥ノコギリフェニックス
BS59-028	水瓶星兵アクアエリアスター
BS59-029	秩序軍キャノン・ジョイ
BS59-030	戦車合体フェネック
BS59-031	天馬機獣ペガスペース
BS59-032	シンクロイド・サルクス
BS59-033	秩序砲機アームズ・オーガナイザー
BS59-034	砲獣狼機キャノン・ウルフィード／銀河砲剣ギャラク・テック
BS59-035	戦車合体 団長ケーニヒス・ティーガー
BS59-036	コスモマストドン
BS59-037	戦車合体マウス
BS59-038	ゴールデン・チキンナイト
BS59-039	レモノハシ
BS59-040	睡蓮鳥カザリ・オーチュ
BS59-041	睡蓮女神ニルカンナ
BS59-042	天使メカニエル
BS59-043	比翼恋鳥ラバーズ・ジェミニ
BS59-044	座天使ファニエル
BS59-045	睡蓮鳥クリティッカー
BS59-046	隠者天使ヴァルミット
BS59-047	睡蓮女神カルティケーヤ
BS59-048	座天使ガルガリン
BS59-049	時空獣クロノ・トロス
BS59-050	ゴッドシーカー 時の案内人ネモ
BS59-051	時の親衛隊クロノ・インペリアルガード
BS59-052	ツィットグロッゲ・ゴレム
BS59-053	時間双龍タイムラー・ダイムラー／時空竜軍団長タイムラー・ダイムラー
BS59-054	宇宙海賊 鎖剣のソー・ジャルカ／星海鎖剣クロスボーンシャーク
BS59-055	天秤女神ジャスティ・ライブラ
BS59-056	時空拳闘軍団長デイガン
BS59-057	宇宙海賊シャリバ・ルーク
BS59-058	ケルン・ゴレム
BS59-059	死神蠍デス・スコーピオン
BS59-060	時喰いハイドラ
BS59-061	サンライズミラージュ
BS59-062	クリスタルミラージュ
BS59-063	賢者の世界樹アガスティヤ
BS59-064	極光要塞
BS59-065	バタフライミラージュ
BS59-066	タイムミラージュ
BS59-067	時空の門／時空守護龍ギルタキオン
BS59-068	ドミネイションミラージュ
BS59-069	ゾディアックミラージュ
BS59-070	星雲の創界石／星雲魔神
BS59-071	時冠の創界石／時冠魔神
BS59-072	オラクル XIX オーバーサン
BS59-073	オラクル IX オーバーハーミット
BS59-074	オブリビオンウィンド
BS59-075	グレートタンクインパクト
BS59-076	ブライトホープ／天空翼刃ヘヴンズエッジ
BS59-077	タイムバックフロウ
BS59-078	オラクル X オーバーホイール・オブ・フォーチュン
BS59-RV001	流星の剣聖シューティングスター
BS59-RV002	魔剣使プリシラ
BS59-RV003	ダーク・マッハジー
BS59-RV004	機人フィアラル
BS59-RV005	タワー・ゴレム
BS59-RV006	シユウ
BS59-X01	オラクル二十一柱 XIX ザ・サン
BS59-X02	節制の光龍騎神サジット・アポロドラゴン・テンパランス
BS59-X03	オラクル二十一柱 IX ザ・ハーミット
BS59-X04	大祓魔師パラディ・タイガン
BS59-X05	秩序の守護者スキルヴィング
BS59-X06	睡蓮炎神サティー
BS59-X07	時冠超神シン・クロノス
BS59-X08	オラクル二十一柱 X ザ・ホイール・オブ・フォーチュン
BS59-X09	創界神クロノス
BS59-TX01	天王鳥ストレリチア／天帝ホウオウガX
BS59-TX02	マッスルドクトリンミラージュ／獣天使レオニエル
BS59-TX03	スティールムーンミラージュ／力の獅機龍神ストライクヴルム・レオ・ストレングス
BS59-XX01	未来からの使者ポルック
BS59-XX02	世界の救世主ヴィーナ
BS59-CP01	龍輝神シャイニング・ドラゴン・オーバーレイ
BS59-CP02	白蛇帝アルデウス・ヴァイパー
BS59-CP03	黒蟲魔王ディアボリカ・マンティス
BS59-CP04	黒天狐ネガ・ナインテイル
BS59-CP05	凶神獣カオス・ペガサロス
BS59-CP06	戦輝神ゼルドナーグ
BS59-CP07	創界神 馬神ダン
BS59-CP08	リイン・ジーヴル
BS59-TCP01	暗黒の魔剣ダーク・ブレードX／暗黒の魔剣ダーク・ブレードX -転醒化身-
BS59-TCP02	疾風の双刃カムイ・ハヤテX／疾風の双刃カムイ・ハヤテX -転醒化身-
BS59-TCP03	蒼海の大剣メイルシュトロムX／蒼海の大剣メイルシュトロムX -転醒化身-
BS60-001	ステゴウロ
BS60-002	モロバトカゲ
BS60-003	リューキン
BS60-004	教射皇サジットエロファント
BS60-005	マグナライガー
BS60-006	スワロッジ
BS60-007	赤刃竜ワイバルト
BS60-008	マグマンモス
BS60-009	太陽星龍ソルアーラ・ドラゴン
BS60-010	天醒武将オウジンドラゴン -黄龍ノ型-
BS60-011	大炎龍ドレッドノーズ
BS60-012	炎怒の巨神フューリー・ゴレム
BS60-013	噴火竜ボルカノドサウルス
BS60-014	ジェリーム
BS60-015	デモンズスカル
BS60-016	隠者騎士エルメネヒルド
BS60-017	虚栄の鎧
BS60-018	ノロイリカ
BS60-019	叡智の白蛇アデル・ブラスカ
BS60-020	血盟十三候フォールンハイド
BS60-021	魔候騎士ランペルード
BS60-022	隠者騎士ライネリオ
BS60-023	骸皇ドヴォルザック
BS60-024	黒煙竜フォグニール
BS60-025	樹精フタバ
BS60-026	コバサン
BS60-027	エクレル・コヨーテ
BS60-028	エクレル・モンキー
BS60-029	エクレル・ヴェスパー
BS60-030	碧樹海の主ジラ・ジャール
BS60-031	オオカブト公
BS60-032	枢機卿ニアラウス
BS60-033	ロングホーンファルコン
BS60-034	エクレル・タイガー
BS60-035	ウッドゴリラ
BS60-036	機械人類メカニレイス
BS60-037	シュリンストッパー
BS60-038	コールドアジュール
BS60-039	ハシビローダー
BS60-040	氷皇女リューティア
BS60-041	楯機神フィアラル
BS60-042	銀翼のマンタレイ
BS60-043	太陽獅子サンリオン
BS60-044	天照機巧・五誓君イクツ・ヒコネ
BS60-045	透龍クラルテ
BS60-046	移動神殿都市エラスパレス
BS60-047	電磁王ディスラプタス
BS60-048	プム
BS60-049	アルカナビースト・クラブパンダ
BS60-050	アナザー・ペンタン
BS60-051	蠱惑姫ミズア
BS60-052	マリキャッツォ
BS60-053	睡蓮鳥ベニス
BS60-054	天使ファルシエル
BS60-055	堕天使リクス＝テトラ
BS60-056	戯神鳥セーカーファルコ
BS60-057	カンムリグリフォン
BS60-058	睡蓮女神バイラヴィー
BS60-059	白雲鯨ピュセーテール
BS60-060	ゴマフィー
BS60-061	ランマー・ゴレムX
BS60-062	発明家ダフネル
BS60-063	イノレーサー
BS60-064	アントラーウミウシ
BS60-065	ヒョウモンパンサー
BS60-066	アレキサンドリア・ゴレム
BS60-067	ブリック・ゴレム
BS60-068	潮の刀士マシュバラ
BS60-069	神海戦士オルガード
BS60-070	時空騎軍団長オルロージュ
BS60-071	巨大海獣ブラキエール
BS60-072	神海竜ウェイ＝ヴァーグ
BS60-073	夕暮れのジェネバーク森林
BS60-074	溶岩海のエデラ砦
BS60-075	捻じれた古大樹
BS60-076	マルグゥル礼拝堂跡
BS60-077	グルナバートの大滝
BS60-078	雷雲平原
BS60-079	ソーサライズ学術都市
BS60-080	ファルマータ銀砂湖
BS60-081	雲海にそびえる翼遺跡
BS60-082	テランの丘の天地繋ぐ星柱
BS60-083	ヴィルカイックビーチ
BS60-084	マーラサーミズ神海都市
BS60-085	カウントドロー
BS60-086	ノヴァフレイム
BS60-087	ヴォルカニックフレア
BS60-088	デスリザレクション
BS60-089	ノワールシュート
BS60-090	インクリース
BS60-091	バインディングサンダー
BS60-092	クリアウォール
BS60-093	ドリームバスター
BS60-094	クラウディブロウ
BS60-095	サンクティファイドライト
BS60-096	ストリームドロー
BS60-097	ブルーコリジョン
BS60-098	オラクルXXI オーバーワールド
BS60-CX01	相棒竜グロウ
BS60-CX02	相棒騎士バット
BS60-CX03	相棒狼ランポ
BS60-CX04	相棒機スターク
BS60-CX05	相棒鳥フェニル
BS60-CX06	相棒鮫シャック
BS60-X01	緋炎龍皇グロウ・カイザー
BS60-X02	黒紫騎士シュバル・バット
BS60-X03	正義の巨蟹武神キャンサード・ジャスティス
BS60-X04	雷狼牙王グローム・ランポ
BS60-X05	黎明の騎神ゴッド・イグドラシル
BS60-X06	極光機動スーパー・スターク
BS60-X07	殺戮の神妃カーリー
BS60-X08	フェニックスプリンセス・フェニル
BS60-X09	神海皇子ガブル・シャック
BS60-XX01	オラクル二十一柱 0 ザ・フール
BS60-XX02	オラクル0 オーバーフール
BS60-CP01	ダンスマカブル
BS60-CP02	フロックリカバリー
BS60-CP03	ブリザードウォール
BS61-001	スキピオクロー
BS61-002	ファイア・フィン・ワイバーン
BS61-003	オレンチーター
BS61-004	マグマロワナ
BS61-005	灼炎竜ライズ・グロウ
BS61-006	リューマン・スターブレイカー
BS61-007	スティール・ハープン・トプス
BS61-008	オンネンダマ
BS61-009	オンミョウジャ
BS61-010	スケルトン・ソーサラー
BS61-011	呪骸ノ鬼武者ゼツメイ
BS61-012	ケムリヒグマ
BS61-013	金棒ノ鬼武者テッカイ
BS61-014	鮮血姫アカハ
BS61-015	呪怨鬼将バグラゴ
BS61-016	邪血龍バンショウラ
BS61-017	魔導術士ストレーガ・バット
BS61-018	血盟十三候ヴァインリヒ
BS61-019	呪縛鬼将インガ
BS61-020	百腕大蛇
BS61-021	G∴B スパイダーク
BS61-022	G∴B モンカラー
BS61-023	ウッドポニー
BS61-024	G∴B 暗器のベニシス
BS61-025	G∴B オセロザ
BS61-026	G∴B 賢王ダスキーテン
BS61-027	G∴B 術王グリード・ベール
BS61-028	ササカンムリスズメ
BS61-029	G∴B 大王エレク＝ラム
BS61-030	G∴B 影刃のジリオス
BS61-031	G∴B 魔王ザナーダイト
BS61-032	G∴B 魔導兵器アクティビトン
BS61-033	樹拳牙王ティンバー・ランポ
BS61-034	鎧装鳥コンゴウバード
BS61-035	反重力ロボ バイアール
BS61-036	ゴッドシーカー 鎧装神官ウパトル
BS61-037	鎧装獣グレイウルフ
BS61-038	鎧装戦士ウォーリアージャガー
BS61-039	恐竜機ステゴ・レート
BS61-040	恐竜機動レックス・スターク
BS61-041	鎧装王トロケ・ナワケ
BS61-042	鎧装鳥オブシディアンイーグル
BS61-043	皇室警護レイシャール
BS61-044	鎧装祭祀トシュカトル・タートル
BS61-045	光槍魚ビルフィッシャー
BS61-046	鎧装獣オブシディアゲーター
BS61-047	鎧装竜オブシディアンイグアナ
BS61-048	クズヴァリン
BS61-049	アクリス
BS61-050	アルカナビースト・スペードバーマン
BS61-051	星海の海賊天使メアリエル
BS61-052	フェニックス・フェニル
BS61-053	アナザー・イワトビペンタン
BS61-054	ホウオウジャック
BS61-055	化学者ガーガーグゥ
BS61-056	銀河の賞金稼ぎブラドッカ
BS61-057	神海造兵フィッシュボーン・ゴレム
BS61-058	武芸百般アシカノスケ
BS61-059	銀河ハイドラ ハルジネイト
BS61-060	神海造兵シャック・ゴレム
BS61-061	爆進牛ブルシオン
BS61-062	月鬼城
BS61-063	秘密の入り口
BS61-064	テスカトリポカの黒曜神殿
BS61-065	明けの明星を望む岬
BS61-066	希望の三連星
BS61-067	オラクルI オーバーマジシャン
BS61-068	フレイムナックル
BS61-069	鮮血斬糸
BS61-070	フェイタルアタック
BS61-071	ディメンションシフト
BS61-072	テスカトルシェル
BS61-073	オラクルXVIII オーバームーン
BS61-074	ラッキーウィング
BS61-075	クレイジーリキッド
BS61-CX01	相棒武者オボロ
BS61-CX02	相棒虫ガタル
BS61-X01	オラクル二十一柱 I ザ・マジシャン
BS61-X02	血斬鬼将オニ・オボロ
BS61-X03	双魚星神ピステラ・ガレオン
BS61-X04	殻鳴術師エルダ＝ガタル
BS61-X05	巨甲神獣テペヨロトル
BS61-X06	オラクル二十一柱 XVIII ザ・ムーン
BS61-X07	天蠍皇帝スコル・エンペラー
BS61-X08	ムゲンドラゴン・ザ・トリニティスター
BS61-X09	創界神テスカトリポカ
BS61-XX01	六絶神 因果のアザナール
BS61-XX02	六絶神 万象のガナ＝ブル
BS61-CP01	聖龍皇アルティメット・セイバー
BS61-CP02	アルティメット・ジークヴルム・ノヴァ
BS61-CP03	アルティメット・サジット・アポロドラゴン
BS61-CP04	灼熱の谷
BS61-CP05	五角形の砦
BS61-CP06	軍港都市オステア
BS62-001	レボリュート
BS62-002	空挺竜トムキャット・ドラゴン
BS62-003	空挺鳥ジェホロール
BS62-004	空挺蜥蜴コエルロー
BS62-005	空挺竜兵
BS62-006	空挺翼竜プテラサイズ
BS62-007	空挺竜ストライガードラゴン
BS62-008	空挺龍皇ヴァーティカル
BS62-009	空挺竜ドラグ・ホーネット
BS62-010	灼炎龍機グロウ・ストライカー
BS62-011	溶皇魚スカパノランサー
BS62-012	空挺大龍ドラグ・モス
BS62-013	空挺拳鳥オオグンバード
BS62-014	天邪鬼リク
BS62-015	豊穣の蛇チコメコアトル
BS62-016	聞き耳のショブ
BS62-017	羽蛇シャルトカン
BS62-018	ゴッドシーカー 羽蛇神官クルワカン
BS62-019	魔仙龍鬼タツ・オボロ
BS62-020	魔戦蛇テスココ
BS62-021	魔翼蛇オトンパン
BS62-022	血盟十三候ヴラド・バット
BS62-023	角翼蛇テノチ・ティトラ
BS62-024	煌霊馬シュラーザイヤ―
BS62-025	赤翼蛇トラテ・ロルコ
BS62-026	戦蛇王ミシュコアトル
BS62-027	翼蛇の地母神コアトリクエ
BS62-028	骸阿修羅ガリョウ
BS62-029	G∴B 見習い魔法使いバーツ
BS62-030	忠犬マメシ
BS62-031	エクレル・カブ
BS62-032	樹精ピスティル
BS62-033	雷角牙王ビート・ランポ
BS62-034	魔導霊鳥ガル・ガタル
BS62-035	エクレル・ライノ
BS62-036	G∴B 女王フレル・メイア
BS62-037	サポートロボ ピック
BS62-038	メカニポリス
BS62-039	鎧装獣ブラックホーン
BS62-040	極光機士ナイト・スターク
BS62-041	月甲の鎧装神獣テクシスカトル
BS62-042	アームジェッター・サーヴェランス
BS62-043	削岩導機グレート・ディストラクター
BS62-044	黒曜刃の鎧装獣イツトリ
BS62-045	アルカナバード ハートエナガ
BS62-046	夜光の歌い手ミイロ
BS62-047	天使フェニル
BS62-048	フェザー・タピルス
BS62-049	アルカナクィーン ハートのユディト
BS62-050	アナザー・フェニックスペンタン
BS62-051	近衛獅団オルト・タイガ
BS62-052	近衛獅団 軍師ナルシス
BS62-053	近衛獅団ドラグーン・ゴレム
BS62-054	神海の子ドルフ
BS62-055	近衛獅団 疾風のペルラン
BS62-056	近衛獅団ラピーヌ
BS62-057	近衛獅団グリボーバル・ゴレム
BS62-058	近衛獅団イポポタム
BS62-059	近衛獅団 老将軍ブラデ・レヴァン
BS62-060	近衛獅団 兵長ギュスターヴ
BS62-061	近衛獅団ターボ・ビゾン
BS62-062	鉄塊暴獣ヴァンバーグ
BS62-063	神海賊キャプテン・シャック
BS62-064	バランロッド滑走路
BS62-065	ククルカンの風石神殿
BS62-066	避雷樹の街ミロスロア
BS62-067	氷結都市リースグラード
BS62-068	イカサマダイス
BS62-069	レオザード獅国
BS62-070	リパルサーフレイム
BS62-071	グラトニックコア
BS62-072	オラクルXIV オーバーテンパランス
BS62-073	オラクルII オーバーハイプリエステス
BS62-074	フェニックスペンフェザー
BS62-075	ダブルエフェクト
BS62-CX01	相棒翼竜テラード
BS62-CX02	相棒獅子ラオン
BS62-X01	殲滅竜装オメガ・ドラゴニス
BS62-X02	太古の翼刃テラード・ヒューラー
BS62-X03	虹翼蛇神アクシット
BS62-X04	オラクル二十一柱 XIV ザ・テンパランス
BS62-X05	オラクル二十一柱 II ザ・ハイプリエステス
BS62-X06	宵闇の斧獣ヨナルデ＝パズトーリ
BS62-X07	戦神女教皇ヴィエルジェ・エステス
BS62-X08	覇道王キング・ラオン
BS62-X09	創界神ククルカン
BS62-XX01	六絶神 驍勇のヴァーンディクト
BS62-XX02	六絶神 慈悲のグレイティア
BS62-CP01	月光龍ストライク・ジークヴルム
BS62-CP02	月光神龍ルナテック・ストライクヴルム
BS62-CP03	超月光神龍ストライクヴルム・エクリプト
BS62-CP04	旅団の摩天楼
BS62-CP05	戦場に息づく命
BS62-CP06	ペンタン帝国
BS63-001	ドラゴッチ
BS63-002	ガーミンドラ
BS63-003	エッジドラコ
BS63-004	聖炎獣アルミラビット
BS63-005	ヒバ・スワロー
BS63-006	マザーブレイドラ
BS63-007	シールドラン
BS63-008	ブレイドザウルス
BS63-009	ニクト・ランサウルス
BS63-010	飛煌竜ディグニティス
BS63-011	審判龍エクソダスク
BS63-012	飛翔空牙テラード・ハイタイド
BS63-013	ブレイド・ワークス・ドラゴン
BS63-014	炎狼ダイヤフレイウルフ
BS63-015	空挺竜ドラグ・ライトニング
BS63-016	スレッドソードパラダイス
BS63-017	流刃ブレイゼルス
BS63-018	炎喰いディオ・グロウ・ガン
BS63-019	鎧鬼ガシン
BS63-020	堕ちた聖鎧
BS63-021	鬼武者 辺泥霊主
BS63-022	羽蛇トラコパン
BS63-023	ガスベリックス
BS63-024	始まりの娘マヤウェル
BS63-025	悪魔元帥ザビー・バフォローグ
BS63-026	風翼蛇エエカトル
BS63-027	血盟十三候ミシュラ＝クラン
BS63-028	鬼骸武者ガシャ・オボロ
BS63-029	神裂きのアガベル
BS63-030	金翼蛇コイシュトラ
BS63-031	無間鬼将ゼクウ
BS63-032	G∴B ウチスズ
BS63-033	風角獣ウィンディア
BS63-034	G∴B カコミック
BS63-035	G∴B 輝王ラズル・バズル
BS63-036	シェパッド
BS63-037	樹猿ジェフロイダー
BS63-038	G∴B 無影のクリード・ガタル
BS63-039	美髯鳥ライーグル
BS63-040	グレネッド
BS63-041	ディーゼロン
BS63-042	ガンドック
BS63-043	皇女付き秘書ミレーネ
BS63-044	鎧装獣アーマーホーン
BS63-045	銃機リボルファイター
BS63-046	銃震竜バレル・ドラゴン
BS63-047	スターク・ジェット
BS63-048	スターク・タンク
BS63-049	マズルモチノウオ
BS63-050	ガトリングリズリー
BS63-051	追跡者ジェノ＝カルヴァリー
BS63-052	銃機竜ショット・ガイザード
BS63-053	襲撃者グラットン・ジョー
BS63-054	水岩の鎧装神獣トラロック
BS63-055	月光剣龍ソード・ストライクヴルム
BS63-056	使い魔ホウホ
BS63-057	使い魔ディークロウ
BS63-058	星の子スターリー
BS63-059	アルカナビースト・クラブドール
BS63-060	アルカナビースト・ダイヤフォックス
BS63-061	ラプラスデビル
BS63-062	魔方数学者ピア・フィボナッチ
BS63-063	アナザー・占いペンタン
BS63-064	魔女ルネ・ベルヌーイ
BS63-065	智慧の堕天使ラヴィエル
BS63-066	エンジェリックーズー
BS63-067	アルカナウィッチ・ヒュパティア
BS63-068	上級使い魔コカトリクス
BS63-069	王冠妖精クリオン
BS63-070	近衛獅団 工兵のダヴィド
BS63-071	近衛獅団ハイドライン
BS63-072	物理学者マナデー
BS63-073	近衛獅団ランピエール大佐
BS63-074	竜騎兵ラオン
BS63-075	封じられしエラ・ザギール
BS63-076	爆走牙獣イボイノック
BS63-077	封じられしゼイラ
BS63-078	翼剣渓谷
BS63-079	タンブルウィードヴィレッジ
BS63-080	魔方天球儀
BS63-081	審判の日
BS63-082	スパイラルドロー
BS63-083	サーレイズフォース
BS63-084	オラクルXV オーバーデビル
BS63-085	リバーサルインカンテイション
BS63-086	スティールバラッジ
BS63-087	マスマティックダウン
BS63-088	オラクルXII オーバーハングドマン
BS63-089	フェイタルジャッジ
BS63-090	オラクルXX オーバージャッジメント
BS63-CX01	相棒無頼ヴリック
BS63-CX02	相棒猫フェルマ
BS63-X01	炎空ノ絆神フラグジャッジメント
BS63-X02	オラクル二十一柱 XV ザ・デビル
BS63-X03	破滅の女神ツィツィ・ミトゥル
BS63-X04	殲滅殻神モーレンカンプ
BS63-X05	グレイシア皇女リューティア・V・グレイシア
BS63-X06	銃皇機神ガンズ・マーヴリック
BS63-X07	天数魔導フェルマ・シーラム
BS63-X08	オラクル二十一柱 XII ザ・ハングドマン
BS63-X09	オラクル二十一柱 XX ザ・ジャッジメント
BS63-XX01	六絶神 絶望のアインザーム
BS63-XX02	六絶神 希望のセレスティア
BS63-CP01	放浪者ダンのブレイドラ
BS63-CP02	刃龍皇ブレイドラゴン
BS63-CP03	太陽刃龍ライジング・ブレイドラゴン
BS63-CP04	灼熱神龍ゴッド・グロウ
BS63-CP05	聖魔神皇パラディ・バット
BS63-CP06	激嵐牙皇シュトゥルム・ランポ
BS63-CP07	超極機神グレート・スターク
BS63-CP08	フェニックスゴッデス・フェニル
BS63-CP09	神海大帝ケーニッヒ・シャック
BS63-CP10	バスターランス
BS63-CP11	タイムリープ
BS63-CP12	ストロングドロー
BS64-001	ブレイドラ・リターナー
BS64-002	ファイアミングバード
BS64-003	エマウディウス
BS64-004	スピノブレイドラス
BS64-005	ドラゴファイター
BS64-006	ベテランドラゴファイター
BS64-007	ドラゴモンク
BS64-008	先導龍ドラゴエルダ
BS64-009	ローターブレーダー ガット
BS64-010	恐鳥ケレンケイン
BS64-011	翼獣竜ガルデ・バルナ
BS64-012	大皇鳥デム・デザンバー
BS64-013	ケムリヒヒ
BS64-014	水神蛇チャルチウトリクエ
BS64-015	禁竜タ・ブー
BS64-016	虚ろな鎖鎌兵
BS64-017	血盟十三候セルベノクス
BS64-018	審判蛇ツイノムシバミ
BS64-019	破戒僧ミョウガ
BS64-020	樹精サプリン
BS64-021	アマゾ・ジャガー
BS64-022	レンモット
BS64-023	コッペリア・ワスプ
BS64-024	ヌシ・オオアリクイ
BS64-025	聖樹の御使いグロス・コーン
BS64-026	幻惑姫ヒトツメ
BS64-027	ボタニメイデン フラウ
BS64-028	樹狼フェンリーフ
BS64-029	樹聖霊アイビーラム
BS64-030	マーキュル・バグ
BS64-031	タシカニ
BS64-032	ギリー・バンディット
BS64-033	月光魚ムーンフィッシュ
BS64-034	マーキュル・フォックス
BS64-035	マーキュル・リザード
BS64-036	機銃砲竜ガトリンガ
BS64-037	銀の魔術士ヴィフ・アルジャン
BS64-038	ゼロフェンサー ウィズ
BS64-039	零の機士サリュート
BS64-040	ヴァルチャー・ヴリック
BS64-041	マーキュル・ケルベロス
BS64-042	歩く大聖堂ガラン・カテドラル
BS64-043	ミリオンダラー・ヴァンダム
BS64-044	数学者ペンタン
BS64-045	神華の妖精ゲッカビジン
BS64-046	数魔女マリー・メルセンヌ
BS64-047	審判獣ジャッジフィンクス
BS64-048	対数の姉妹ウマル＆ウメル
BS64-049	アルカナ・スート・ドラゴン
BS64-050	魔方数学者アーシュ・マキヤ
BS64-051	近衛獅団フェディック
BS64-052	近衛獅団バンド・ゴレム
BS64-053	WBSレスラー ドウルーヴ
BS64-054	審判海竜バズダジーラ
BS64-055	異獣キマイ・ラオン
BS64-056	近衛獅団・元WBS王者アディティア
BS64-057	近衛獅団 軍団長ガングリアス
BS64-058	獄炎男爵ガロボーグ
BS64-059	魔卿執事バランドール
BS64-060	獄土男爵ジュダス
BS64-061	獄風男爵グラシャール
BS64-062	獄海男爵グラウゴール
BS64-063	古代槌バルティカハンマー
BS64-064	サベッジアックス
BS64-065	ダイノウィング
BS64-066	血鬼刀チシブキ
BS64-067	リコリスボウ
BS64-068	刺葉槍アロスピア
BS64-069	バグズロッド
BS64-070	煌閃剣レイセイバー
BS64-071	ソリッドスラッシャー
BS64-072	バウンティーハント
BS64-073	命数魔導書
BS64-074	ライオナックル
BS64-075	サイクロキャニオン
BS64-076	見上げる雲塊
BS64-077	四魔卿を統べる者の玉座
BS64-078	そびえ立つ奇神樹
BS64-079	メロラウアの花畑
BS64-080	ポイント・ゼロ
BS64-081	第零号サーベイコロニー
BS64-082	星明りの書斎
BS64-083	獅子の石像
BS64-084	ウェポンズドロー
BS64-085	邪神再臨
BS64-086	スプリングリバース
BS64-087	ブレイヴリーバリア
BS64-088	ジャスト・アズ・カリキュレイテッド
BS64-089	コリウスフィールド
BS64-090	ハイドリックサブマージョン
BS64-CX01	鷲相棒ガット
BS64-CX02	花相棒フラウ
BS64-CX03	零相棒ウィズ
BS64-X01	血鬼神将ゴク・オボロ
BS64-X02	雲数ノ絆神フラグジャッジメント
BS64-X03	星数賢者フェルマ・シーラム・Q.E.D.
BS64-X04	大審判官ゲフェン・グニス
BS64-X05	殲滅巨獣ギガント・ボアード
BS64-X06	四魔卿を統べる者ゴッド・ジャバド
BS64-X07	廻天刃ツヴァイザー
BS64-X08	翠花槍ブルーム・ステム
BS64-X09	星零剣フォーアンサー
BS64-XV01	龍皇ジークフリードXV
BS64-XV02	魔界七将デストロードXV
BS64-XV03	カイザーアトラス皇帝XV
BS64-XV04	巨神機トールXV
BS64-XV05	幻獣王リーンXV
BS65-001	空挺隊ロケットカゲ
BS65-002	ドラゴシーフ
BS65-003	キリホウボウ
BS65-004	空挺竜ドラグ・ミラージュ
BS65-005	空挺将校ドラグハルト
BS65-006	ガットナイト
BS65-007	大空挺龍アトモスフェーレ
BS65-008	恐竜騎士ラジアード
BS65-009	ハツェゴ・プテランス
BS65-010	ガスワロウ
BS65-011	ボーン・ジラフ
BS65-012	魔銃使いアルタヴァール
BS65-013	家事妖精シルキー
BS65-014	魔銃使いミネルヴァーナ
BS65-015	冥王女パイモニア
BS65-016	デスメイデン
BS65-017	デビルシューター カミュ
BS65-018	血盟十三候ザントワネット
BS65-019	冥竜サバトフォール
BS65-020	アマゾ・オセロット
BS65-021	G∴B ミチオシエ
BS65-022	カピ薔薇
BS65-023	G∴B ヒグライ
BS65-024	G∴B 氷王レパネージュ
BS65-025	カンフーガール フラウ
BS65-026	G∴B 偽王キングアルボル
BS65-027	舞姫ハナカ
BS65-028	G∴B タランチュニエク
BS65-029	メタルヴェスペ
BS65-030	マーキュル・ファルコン
BS65-031	マーキュル・ドレイク
BS65-032	アサルトガンナー ウィズ
BS65-033	幻幼竜ラックル
BS65-034	スピリットコンボカー パルム
BS65-035	ペム
BS65-036	幻蝶姫パランティカ
BS65-037	幻神獣テイフォン
BS65-038	蒸気技師ダルニア
BS65-039	蒸貴賊サリンジャック
BS65-040	サブマリナー・ゴレム
BS65-041	蒸気潜水艦スチームアングラー
BS65-042	蒸貴賊ルーシー
BS65-043	スチーム・タイファロー
BS65-044	大冒険家ジェルドラッド
BS65-045	デイブレイカー レーヴ
BS65-046	蒸貴賊フィッツジェラルド
BS65-047	ブラストーム・ハイドラ
BS65-048	極豊牛ヤクシン
BS65-049	極殻蟲ビートブリンガ
BS65-050	極刃翼モンタネルス
BS65-051	天刃隼エペルラート
BS65-052	天導騎ヴェルテージュ
BS65-053	天神竜アヴァン・シヴル
BS65-054	天狼公ガリュコス
BS65-055	聖小獣レオネック
BS65-056	聖天使シャルティエル
BS65-057	聖龍公エファメラ・ティルノーグ
BS65-058	至工兵アーティファクト・ゴレム
BS65-059	至海竜スプリーム・ハイドラ
BS65-060	至鳥公ヴァーラント
BS65-061	魔銃剣ハジャル・アズラク
BS65-062	魔銃剣ヘル・コスティーラ
BS65-063	夢幻杖ファンタスマゴリア
BS65-064	召喚徽章ユニコーンメダイユ
BS65-065	RV99式フレイムランチャー
BS65-066	CZN-68チェーンソード
BS65-067	トゥアーウェル管制塔
BS65-068	ドミナネリオ魔法学校
BS65-069	賢蛇の肖像
BS65-070	最後の楽園ラ・ジータ
BS65-071	秘儀の祭場
BS65-072	聖都アンタッカ
BS65-073	召喚ゲート
BS65-074	召喚士の隠れ里ジル・ジバリュー
BS65-075	スチームクロックタワー
BS65-076	蒸気都市スチームハイヴ
BS65-077	モールドフリューゲル
BS65-078	ブラッディサバト
BS65-079	コアブラスト
BS65-080	シークレットセレモニー
BS65-081	マグネティックウォール
BS65-082	使い魔召喚：ピヨフィールド
BS65-083	大天使召喚：アヴリフィールド
BS65-084	戦国姫召喚：タンポポフィールド
BS65-085	砲天使召喚：カノンフィールド
BS65-086	土の熾天使召喚：ラムディフィールド
BS65-087	エリミネーションウィング
BS65-088	魔導女皇召喚：アンブロフィールド
BS65-089	スチームイノベーション
BS65-090	スチームスタンピード
BS65-CX01	冥相棒カミュ
BS65-CX02	幻相棒パルム
BS65-CX03	造相棒レーヴ
BS65-CX04	極相棒ゼッター
BS65-X01	英雄竜王ドラグロイ17世
BS65-X02	空帝翼刃テラード・フリューゲル
BS65-X03	聖樹神フォレ・ナテュール
BS65-X04	G∴B 真王シニスター・ガタル
BS65-X05	天空皇鯱マーキュル・オルカ
BS65-X06	極限神星ネオ・ゼッター
BS65-X07	神魔銃エクセンクティー
BS65-X08	召喚杖サモン・ピーク
BS65-X09	星砕槌ダイダロッサ
BS65-XV01	魔龍帝ジークフリードXV
BS65-XV02	魔界七将パンデミウムXV
BS65-XV03	蛮騎士ハーキュリーXV
BS65-XV04	大天使ミカファールXV
BS65-XV05	機動要塞キャッスル・ゴレムXV
BS66-001	メタルバーン15th
BS66-002	ヤリフグ
BS66-003	炎竜人ジャンガル
BS66-004	恐竜小僧スティーゴ
BS66-005	鋸刃竜カルカロドント
BS66-006	異空龍パブラ＝アシュカ
BS66-007	炎狼ブレイウルフ
BS66-008	グロウ＆ヒートライザー
BS66-009	剣帝龍デュークリッド
BS66-010	頂天竜魔人バ・ゴゥ・ゼニス
BS66-011	ドラゴランサー
BS66-012	古角龍スティラ・ジウス
BS66-013	狼少女リゼラ
BS66-014	蛇死神ショロトル
BS66-015	冥府の死神ブレサンド
BS66-016	血盟十三候ナザレイ
BS66-017	スチューデントガール カミュ
BS66-018	ドミナネリオ魔法学校校長ヴァーズロイ
BS66-019	冥府女帝マルゴーヌ
BS66-020	光翼蛇トナティウ
BS66-021	エクレル・マンティ
BS66-022	エクレル・ジャク
BS66-023	コニファー・ヘッジホッグ
BS66-024	ランポ＆サンダーエッジ
BS66-025	エクレル・アッシュベア
BS66-026	エクレル・ガゼル
BS66-027	ヤマカミキリ伯
BS66-028	エクレル・キニアーナ
BS66-029	ウッドマンドリル
BS66-030	エクレル・ピーコック
BS66-031	マガジンキッド
BS66-032	ガトリング・ホース
BS66-033	鎧装鳥オブシディアンターキー
BS66-034	デスパレード・ガイ
BS66-035	ヴィシュナーガ・パラシュラーマ
BS66-036	賞金首ディザスター・クローフォード
BS66-037	冥王の鎧装神獣ミクトランテクトリ
BS66-038	ヴィシュナーガ・クールマ
BS66-039	ガン・イーグル
BS66-040	幻魂呼びの天使ヴィジュエル
BS66-041	アイドルサポーター パルム
BS66-042	チェインドーベル
BS66-043	研究助手シリオ
BS66-044	鋏戦士ロブスティード
BS66-045	スチーム・リバーホッグ
BS66-046	神海巨人ローデヴェイク
BS66-047	スチームタンク レーヴ
BS66-048	スチームマスターダルニア
BS66-049	シャック＆アビサルアンカー
BS66-050	神海姫メローリナ
BS66-051	神海守護ベイジン
BS66-052	サイドホイール・ゴレム
BS66-053	蒸貴賊キャヴェンディッシュ
BS66-054	神海司教アハ・イシュカ
BS66-055	カジキハイドラ
BS66-056	アルティメット・アンクスネーク
BS66-057	極蹴鳥シャモップラー
BS66-058	天鋼機セルファース
BS66-059	アルティメット・ピュセーテール
BS66-060	聖天使ハルフィエル
BS66-061	至鎧騎ゼラヴィウス
BS66-062	竜斧槍ドラグハルバード
BS66-063	創蛇の短剣セーアカトル
BS66-064	疾風刃ラファーガ
BS66-065	甲破の長剣オメ・アカトル
BS66-066	カレンデュラソード
BS66-067	神海銛タイダルハープーン
BS66-068	秘密の訓練場
BS66-069	炎の古代神殿
BS66-070	風の古代神殿
BS66-071	最果てへと続く道
BS66-072	西部荒野
BS66-073	飛空艇ホーリードラゴン号
BS66-074	神海都市モアーナラ
BS66-075	海の古代神殿
BS66-076	空中要塞ホーリーズ・ベイ
BS66-077	ディフェレントドロー
BS66-078	スフィアフレイム
BS66-079	リバースフェザー
BS66-080	ホーリーバインド
BS66-081	ライトニングライド
BS66-082	アブソリュートシューティング
BS66-083	皇帝召喚：アンプルフィールド
BS66-084	凶神召喚：カオスフィールド
BS66-085	ディープシードロー
BS66-086	インディスクリメイトソード
BS66-087	ブルーブレス
BS66-RV001	神龍皇ジーク・カタストロフドラゴン
BS66-RV002	アルティメット・グラン・ウォーデン
BS66-RV003	アルティメット・アレクサンダー
BS66-CX01	プチグロウ
BS66-CX02	プチランポ
BS66-CX03	プチシャック
BS66-X01	灼熱剣皇ソード・グロウ
BS66-X02	血呪ノ絆神フラグジャッジメント
BS66-X03	魔神令嬢ヴィヴィアーヌ
BS66-X04	雷牙王ブリッツ・ランポ
BS66-X05	銃神無頼マーヴリック・メナス
BS66-X06	蒸貴賊ウィル・グラッドストン侯爵
BS66-X07	神海賊皇トライ・シャック
BS66-X08	極聖機獣アルベドライアン
BS66-X09	灼熱の契約剣ヒートライザー
BS66-X10	雷鳴の契約刃サンダーエッジ
BS66-X11	神海の契約錨アビサルアンカー
BS66-X12	導化姫召喚：トリスタフィールド
BS66-XV01	暴双龍ディラノスXV
BS66-XV02	聖皇ジークフリーデンXV
BS66-XV03	キングタウロス大公XV
BS66-XV04	要塞皇オーディーンXV
BS66-XV05	英雄巨人タイタスXV
BS66-CP01A	極帝龍騎ジーク・クリムゾン
BS66-CP01E	極帝龍騎ジーク・クリムゾン
BS66-CP01D	極帝龍騎ジーク・クリムゾン
BS66-CP01T	極帝龍騎ジーク・クリムゾン
BS66-CP01S	極帝龍騎ジーク・クリムゾン
BS67-001	小翼竜ガリヴァー
BS67-002	ドラゴガンナー
BS67-003	赫龍帝ヴァルガザード
BS67-004	自警団員クラウン
BS67-005	審判獣デッドエンダー
BS67-006	ドレッド・レックス
BS67-007	キャメロット・ライダー
BS67-008	スモークエッジバット
BS67-009	キャメロット・ビショップ
BS67-010	黒衣の騎士ザハク
BS67-011	霊鎧姫メルツェーデス
BS67-012	血盟十三候ストレッロ
BS67-013	バット＆エリュシオーネ
BS67-014	闇騎士ユーウェイン
BS67-015	黒飛竜フィロント
BS67-016	魔法学校教師スネイク
BS67-017	妖花蛇コブダリア
BS67-018	ペガサスモッグ
BS67-019	樹精チェリリ
BS67-020	エクレル・カゲロウ
BS67-021	審判獣デッドバーズ
BS67-022	蝶姫パピリオ
BS67-023	イカヅチフォックス
BS67-024	エクレル・ウルフ
BS67-025	パタバード
BS67-026	メタル・シャコ
BS67-027	AIヘリ・アームズコプター
BS67-028	銀槍竜スラッシュ
BS67-029	戦闘機動レッドインパルス
BS67-030	ミスタージョン
BS67-031	ガラスの翼のヴァルトルート
BS67-032	スターク＆セレストゥル
BS67-033	ジェットノドン
BS67-034	空母皇ヴィクト・ヴォヤージュ
BS67-035	鎧装獣メガロケロス
BS67-036	コロット
BS67-037	ウィンレット
BS67-038	ぬいコーン
BS67-039	アルカナバード フェニックスペード
BS67-040	アルカナビースト・ハートシープ
BS67-041	白羽姫シトリ
BS67-042	フェニル＆フェニックスフェザー
BS67-043	ギャンブル天使グリューエル
BS67-044	翼獅子ウィンリオン
BS67-045	ホーリーグリフォン
BS67-046	近衛獅団マレンゴ・ゴレム
BS67-047	掘削作業員ザラアシ
BS67-048	近衛獅団コション
BS67-049	近衛獅団 天空獅竜アークハイドラ
BS67-050	近衛獅団ロードランナー
BS67-051	カメン・ゴレム
BS67-052	蒸貴賊シュルーズベリー
BS67-053	神海獣ロブス・マンタ
BS67-054	近衛獅団サングリエ隊長
BS67-055	審判獣ジョーズオン
BS67-056	青竜鎧の巨人ブルドラゴ
BS67-057	邪神の番兵ガルディア
BS67-058	幻霊魔卿フォロヴォザルク
BS67-059	極小獣キントラ
BS67-060	天鎧獣ヴァングリン
BS67-061	聖龍機アンピプテラ
BS67-062	至番獣ケルベキーパー
BS67-063	究極新星剣ゼロソード
BS67-064	影刃シャドーダガー
BS67-065	審判牙銃トライバルクロウ
BS67-066	加速剣ブーストブレード
BS67-067	マーキュルブレード・ティアドロップ
BS67-068	切札スペードソード
BS67-069	審判銃ジャッジメントデイ
BS67-070	無限星雲
BS67-071	水晶の湖
BS67-072	闇の古代神殿
BS67-073	黄昏のレクリス
BS67-074	氷の古代神殿
BS67-075	ウィングラスPMC・本部
BS67-076	天の古代神殿
BS67-077	蟲の王国インセクティア
BS67-078	ラオンの鉄壁戦術
BS67-079	デッドフレイム
BS67-080	リターンライダー
BS67-081	ダークシュート
BS67-082	デッドソニック
BS67-083	ビームブラスト
BS67-084	ドリームサウンド
BS67-085	連召喚：子フィンクスフィールド
BS67-086	レインボーイリュージョン
BS67-087	覇王召喚：ルナアークフィールド
BS67-088	ホーリーアベレージ
BS67-089	ターンダウン
BS67-RV001	アルティメット・ジークフリーデン
BS67-CX01	プチバット
BS67-CX02	プチスターク
BS67-CX03	プチフェニル
BS67-X01	審判獣を統べる者ジウ＝ストラ
BS67-X02	騎槍皇キャリバーレ・バット
BS67-X03	雷秘ノ絆神フラグジャッジメント
BS67-X04	殲滅機神バル・ガザン
BS67-X05	天空機動エクストリーム・スターク
BS67-X06	フェニックスメイデン・フェニル
BS67-X07	覇皇帝カイゼル・ラオン
BS67-X08	極聖龍ショコドラウルム
BS67-X09	究極なる神アンターク
BS67-X10	聖邪の契約槍エリュシオーネ
BS67-X11	暁光の契約銃セレストゥル
BS67-X12	天運の契約杖フェニックスフェザー
BS67-XV01	魔界七将デスペラードXV
BS67-XV02	大甲帝デスタウロスXV
BS67-XV03	凍獣マン・モールXV
BS67-XV04	大天使ヴァリエルXV
BS67-XV05	超獣王ベヒードスXV
BS67-CP01	鷲炎剣神ガット・ツヴァイ
BS67-CP02	冥銃女神カミュ・セクエンス
BS67-CP03	樹花女神フラウ・ブルーム
BS67-CP04	銀零龍神ウィズ・ジ・アンサー
BS67-CP05	幻創召神パルム・ピーク
BS67-CP06	砕星造神レーヴ・ダイダロス
BS67-CP07	オラクル二十一柱 VI ザ・ラバーズ
BS67-CP08	オラクルVI オーバーラバーズ
BS68-001	シュリケンフィッシュ
BS68-002	フォグナ・ブレーダー
BS68-003	シャム・ブレイドラ
BS68-004	狼竜星シューティング・ロウ
BS68-005	白鴉竜コラクス
BS68-006	審判獣デッド・スタリオン
BS68-007	双銀河龍リンドブラッド
BS68-008	星鹿竜エラフィード
BS68-009	小剣聖ガジェッド
BS68-010	メガ・スタードラゴン
BS68-011	レオー・スモッグ
BS68-012	魔導冥兵
BS68-013	闇騎士サグラモール
BS68-014	魔導番犬ハウンド・ベロス
BS68-015	魔導竜士ガラディアーク
BS68-016	魔導術士ハイネイザ
BS68-017	魔導鳥将ナベリダス
BS68-018	魔導皇女フェンレーゼ
BS68-019	魔導剣士ジャヴィル
BS68-020	魔導狼ヴォルゴート
BS68-021	血盟十三候アルヴァンシェル
BS68-022	魔導戦士ガディラック
BS68-023	魔導獣侯ヴァプラス
BS68-024	華兵・ジー
BS68-025	ケラヴノ・メーヴェ
BS68-026	ケラヴノ・ハスキー
BS68-027	キノッパー
BS68-028	審判獣デッド・フォックシー
BS68-029	バイナレイター・シノビランポ
BS68-030	いたずら虫のコルリック
BS68-031	ケラヴノ・エレファント
BS68-032	殻太師ゴライアス・トウタク
BS68-033	ケラヴノ・ハンミョウ
BS68-034	サンダ・ヤッコー
BS68-035	鋼鉄機士クレオメネス
BS68-036	鋼鉄機士ファライコス
BS68-037	鋼鉄乙女012アルシオネ
BS68-038	鋼鉄機士ストラトス
BS68-039	鋼鉄乙女002エウフェミア
BS68-040	恐竜機動ディフェンデック・スピノ
BS68-041	レールガンナー・フォーサイト
BS68-042	鋼鉄機士 梟使いのイグナティオス
BS68-043	鋼鉄乙女008トリュファイナ
BS68-044	歴戦の鋼鉄機士ミトリダテス
BS68-045	白亜の鋼鉄機士ゲンナディオス
BS68-046	アルカナバード クラブオウル
BS68-047	ナットクん
BS68-048	カミキリヤスリ
BS68-049	マイマイメジャー
BS68-050	インコレンチ
BS68-051	バイソンジグソー
BS68-052	ツールドファイター
BS68-053	ビーストペンチ
BS68-054	トータスドリル
BS68-055	アナザー・賢者ペンタン
BS68-056	運命の天使フォーチュエル
BS68-057	バルチャチェーンソー
BS68-058	ギガントハンマー
BS68-059	被検体No.6フロッパー
BS68-060	宇宙海賊カリ・ハリアス
BS68-061	フォリー・ゴレム
BS68-062	蒸貴賊ラティマー
BS68-063	神海獣ダイオウ・マンティコア
BS68-064	審判獣デッド・レガレクス
BS68-065	バイナレイター・パワードシャック
BS68-066	レッドアロハイドラ
BS68-067	蒸貴賊ウィンチェルシー
BS68-068	宇宙海賊キャプテン・ゴーゴルド
BS68-069	太陽樹
BS68-070	ハデスの冥府神殿
BS68-071	雷の秘伝書
BS68-072	鋼鉄聖域
BS68-073	キニチ・アハウの導倶神殿
BS68-074	海蛇眼の大太刀
BS68-075	ブレイドバースト
BS68-076	プルトニックウォール
BS68-077	ハデスディザスター
BS68-078	霹靂ノ現身
BS68-079	鋼鉄腕守護
BS68-080	鋼鉄創造奇跡
BS68-081	ショックハンマー
BS68-082	ツールドピアッサー
BS68-083	スキッドメイン
BS68-CX01	魔導の契約神ハデス
BS68-CX02	鋼鉄の契約神アテナ
BS68-CX03	導倶の契約神キニチ・アハウ
BS68-X01	太陽創神龍ヘリオ・ライジング・アポロドラゴン
BS68-X02	超刃皇竜グラディ・ブレイドラ
BS68-X03	魔導冥皇帝ダーク・クリュメノス
BS68-X04	雷皇鳥ケラヴノ・アードラー
BS68-X05	鋼鉄戦騎パラス・ディオーネ
BS68-X06	導倶神獣ティラム・バラム
BS68-X07	蒼王ノ絆神フラグジャッジメント
BS68-X08	闘偽城ハイド・クラブ
BS68-X09	フェイタル・ジャッジメント
BS68-NX01	六冥魔導デルズ・ヴァジュラム
BS68-NX02	鋼鉄乙女 廃棄機体ラムダ
BS68-NX03	大昂愚龍ジゴ・トゥール
BS69-001	グラス・ジオザード
BS69-002	ウッド・ジオザード
BS69-003	飛竜星ヒュアキント
BS69-004	ロック・ジオザード
BS69-005	リバー・ジオスネーク
BS69-006	アンダーシー・ジオザード
BS69-007	ロック・ジオソルジャー
BS69-008	ボルケーノ・ジオザード
BS69-009	サンケン・ロック・ジオゲーター
BS69-010	ベータレジオン
BS69-011	アイランド・ジオトータス
BS69-012	魔導化師ピエロット
BS69-013	金糸雀の竜騎士ディーセル
BS69-014	白銅の竜騎士ヴァンディッシュ
BS69-015	冥鴉魔導ラウム
BS69-016	緋の竜騎士シャルク
BS69-017	魔導弓手ガーゴイラ
BS69-018	原初毒竜ポイゾナグァ
BS69-019	天鵞絨の竜騎士ファルビゾン
BS69-020	魔導化少女レアナラ
BS69-021	魔導盾士デア・シュッツェン
BS69-022	瑠璃の竜騎士ドゥルケン
BS69-023	勇士メドーン
BS69-024	迅剣の勇士スティキオス
BS69-025	勇士エウリュティオス
BS69-026	乱波の勇士プリアポス
BS69-027	勇獣侯リュカオーン
BS69-028	知見の勇士エウドロス
BS69-029	予言獣カルカース
BS69-030	真影の勇士アウトリュコス
BS69-031	重弩の勇士レオンテウス
BS69-032	黄巾の伝道師プローチャー・チョーカク
BS69-033	剛撃の勇士グネウス
BS69-034	ニャンドローン
BS69-035	ガラスの翼のジルヴィア
BS69-036	鋼鉄乙女011メディス
BS69-037	鋼鉄機士隊25號
BS69-038	フェイザー・イーグル
BS69-039	鋼鉄機士グレゴリオス
BS69-040	鋼鉄機士アレクシネ
BS69-041	バイナレイター・デュアルスターク
BS69-042	原初機人ブラキオラス・ティターン
BS69-043	鋼鉄機士カリクレス
BS69-044	マオナガンナー
BS69-045	カーヌレ
BS69-046	電導倶鳥ウッドストーク・ドライバー
BS69-047	チンアナ・バンド
BS69-048	天使バニエル
BS69-049	原初狼ロヴォルギス
BS69-050	カラカラ・ノギス
BS69-051	バイナレイター・マジカルフェニル
BS69-052	ハナグマ・ノミ
BS69-053	ギャンブラーウィッチ・マジェンダ
BS69-054	旋盤蟹クラブ・レイス
BS69-055	ペガックス
BS69-056	バクオン・チワワ
BS69-057	バクオン・ピンシャー
BS69-058	バクオン・オセロット
BS69-059	バクオン・オストリッチ
BS69-060	バクオン・ボック
BS69-061	バクオン・ブラマ
BS69-062	バクオン・ボア
BS69-063	原初巨神ブロンテス
BS69-064	バクオン・パンサー
BS69-065	バクオン・ハイドラ
BS69-066	バクオン・エルク
BS69-067	ガイアの地殻神殿
BS69-068	封印大地：火山
BS69-069	アヴァロトンベリートの丘
BS69-070	悪夢のサーカス小屋
BS69-071	つむじ風の螺旋道
BS69-072	封印大地：森
BS69-073	ウィングラスエアポート
BS69-074	鋼鉄工場
BS69-075	キニチ・アハウの工作部屋
BS69-076	フェニックス城
BS69-077	フラカンの爆音神殿
BS69-078	封印大地：海
BS69-079	ガイアドロー
BS69-080	ガイアクラッシュ
BS69-081	ギフテッドスピア
BS69-082	コールスレイブ
BS69-083	ウィンドブーム
BS69-084	フォルクリバース
BS69-085	鋼鉄一閃
BS69-086	テイクエイム
BS69-087	ケッソクバインド
BS69-088	イカサマファイア
BS69-089	バクオンドロー
BS69-090	ブンブンカーニバル
BS69-CX01	星母の契約神ガイア
BS69-CX02	俊足の契約神ヘルメス
BS69-CX03	走嵐の契約神フラカン
BS69-X01	大幻羅魔獣テュポーデウス
BS69-X02	殲滅魔導獣ケルベルガ
BS69-X03	六冥魔導ジェスタ・クラウン
BS69-X04	至高英雄獣トリスメギストス
BS69-X05	勝利の鋼鉄機士ニケー
BS69-X06	光軌導戦士シャリオナイザー
BS69-X07	大導倶鳥ポポル・ヴフ
BS69-X08	妖精聖女マクラウディア
BS69-X09	爆速嵐機獣チチェン・ゼッファー
BS69-NX01	百腕大蜥蜴ギガトンケイル
BS69-NX02	神火の英雄獣プロメテック・リュコス
BS69-NX03	暴蒼特急ウシュマル
BS69-CP01	ケロロドラゴン
BS69-CP02	フルアーマーケロロドラゴン
BS70-001	シャクソン・ジオソルジャー
BS70-002	セイバーガーナード
BS70-003	ゲッコー・ジオザード
BS70-004	ノギハラ・ジオザード
BS70-005	恐竜聖人セントロック
BS70-006	激星龍ステラヴルム
BS70-007	子仙竜ブーガルディ
BS70-008	クロコダイ・ジオザード
BS70-009	赤刃竜メルズード
BS70-010	原初の翼ジェノコンドル
BS70-011	バイナレイター・ブレイズ・グロウ
BS70-012	コモド・ジオザード
BS70-013	魔界騎士ベルゼット
BS70-014	庭師ドール†バンブー†
BS70-015	デスディゴス
BS70-016	パティシエドール†ポンピエ†
BS70-017	暗殺ドール†ベリーニ†
BS70-018	デスターレス
BS70-019	火翼蛇チャンティコ
BS70-020	占い師ドール†バイア†
BS70-021	破戒ドール†ネグローニ†
BS70-022	迷宮の番人デステリオス
BS70-023	魔界衛将デスドライアス
BS70-024	デストピード
BS70-025	キューコンドリ
BS70-026	剣虎ビャクロウド
BS70-027	樹竜ウッディドラゴーネ
BS70-028	腕力の勇士シーシュポス
BS70-029	いたずら勇士パーン
BS70-030	チョウリョウ・ウルフ
BS70-031	勇士長イピクレス
BS70-032	ケンタウルス・タイシジ
BS70-033	重騎士クマンダー
BS70-034	勇士将軍ペロプス
BS70-035	緑風の勇士ヘルマプロース
BS70-036	霜の小妖精ティンク
BS70-037	霜の空妖精ディッセル
BS70-038	霜の妖精シュレア
BS70-039	霜の大妖精ブレグ
BS70-040	楯騎士イグドランス
BS70-041	霜の術妖精ファネル
BS70-042	霜の剣妖精メルティッカ
BS70-043	霜の銃妖精ウェスバ
BS70-044	霜の空妖精フェーゼル
BS70-045	霜の空妖精レムシール
BS70-046	水甲獣ウィシュトシワトル
BS70-047	霜の妖精機ディーテール
BS70-048	ハイエボ・フロスト
BS70-049	ハイエボ・バンクル
BS70-050	天使長アティエル
BS70-051	ハイエボ・コカトリス
BS70-052	ハイエボ・ペリュトン
BS70-053	ハイエボ・レモラ
BS70-054	ハイエボ・オルトロス
BS70-055	ハイエボ・ペガサス
BS70-056	ハイエボ・フェンリル
BS70-057	ハイエボ・ラドン
BS70-058	神華の妖精グラジオラス
BS70-059	ハイエボ・ベヒーモス
BS70-060	バクオン・サバキャ
BS70-061	バクオン・ビクーニャ
BS70-062	バクオン・ペッカリー
BS70-063	アゲート・ゴレム
BS70-064	蒸貴賊スカーバラ
BS70-065	バクオン・ジャガア
BS70-066	巨人女帝アレクサンダー115世
BS70-067	蒸貴賊ウェストモーランド
BS70-068	バクオン・タスカー
BS70-069	ドラゴンの上顎岩
BS70-070	ヘラの夜都
BS70-071	封印大地：湖沼
BS70-072	岬の伝令所
BS70-073	ブリギットの車輪神殿
BS70-074	封印大地：氷山
BS70-075	ウラノスの星夜神殿
BS70-076	封印大地：花畑
BS70-077	無限のロード
BS70-078	ネオ・マザーコア
BS70-079	ステラエッジ
BS70-080	ガイアハウリング
BS70-081	リバースクルス
BS70-082	トキシンショット
BS70-083	カクタスショット
BS70-084	ホイールバリア
BS70-085	ミッシングリンク
BS70-086	グラビティスフィア
BS70-087	グラジオラスフィールド
BS70-088	ギャラクティカブレス
BS70-089	ロイヤルドロー
BS70-090	ランワイルド
BS70-CX01	呪妃の契約神ヘラ
BS70-CX02	銀輪の契約神ブリギット
BS70-CX03	星夜の契約神ウラノス
BS70-X01	灼龍帝バルクファルザー
BS70-X02	魔界天女ディエスドール
BS70-X03	大英雄獣キングパーシアス
BS70-X04	銀輪神機アリアンロッド
BS70-X05	頂天神帝カイルス・グリフォン
BS70-X06	爆速嵐機獣チチェン・ゼッファー -人狼形態-
BS70-X07	銀輪剣シルバーウィール
BS70-X08	天地創杖ディアスティマ
BS70-X09	幻星の断崖
BS70-NX01	魔界剣神ドール†アンシャンテ†
BS70-NX02	霜星のイースールト
BS70-NX03	星壊獣キマイステラー
BS70-XV01	超神星龍ジークヴルム・ノヴァXV
BS70-XV02	終焉の騎神ラグナ・ロックXV
BS70-XV03	天帝ホウオウガXV
BS70-XV04	翼神機グラン・ウォーデンXV
BS70-CP01	激覇の契約神ダン
BS70-CP02	激覇ウォール
BS71-001	サンダー・Z・スクワロル
BS71-002	サンダー・Z・ヘッジホッグ
BS71-003	サンダー・Z・ラクーン
BS71-004	サンダー・Z・レトリバー
BS71-005	サンダー・Z・ハシビロコウ
BS71-006	サンダー・Z・バク
BS71-007	サンダー・Z・ジャッカル
BS71-008	ソーン・ジオソルジャー
BS71-009	サンダー・Z・メガテリウム
BS71-010	聖仙龍マ・バシシュタ -人態-
BS71-011	サンダー・Z・ブラックレオパルド
BS71-012	小騎士ニフテリザ
BS71-013	ボーン・ラビット
BS71-014	針子ドール†ザザ†
BS71-015	デスバロウ
BS71-016	呪師ドール†ウーウー†
BS71-017	魔導冥竜ドラクーマ
BS71-018	モクフクロウ
BS71-019	バイナレイター・クロスバット
BS71-020	魔導冥馬フルカス
BS71-021	デスガービル
BS71-022	血盟十三候シエルジャド
BS71-023	ファラオアント・レーザー
BS71-024	堅城の英雄獣テュデウス
BS71-025	ミズスマシ・ホバー
BS71-026	スカラベ・ボム
BS71-027	トビバッタ・ホッパー
BS71-028	ホタル・ライト
BS71-029	カゲロウ・ファイター
BS71-030	アリジゴク・マイン
BS71-031	ケペシュ・マンティス
BS71-032	スコーピオン・タンク
BS71-033	掘削サンドワーム
BS71-034	霜の小妖精ティリル
BS71-035	霜の妖精姫アレッサ
BS71-036	鋼鉄乙女013パルヴィア
BS71-037	ガラスの翼のヴェルン
BS71-038	ジェット・ツノガー
BS71-039	霜の妖精バーヴィエ
BS71-040	スターク・ディフェンザー
BS71-041	霜の貴妖精セレナーディ
BS71-042	キャノンボーラ
BS71-043	ロボシティ・メトロポリタン
BS71-044	ハイエボ・スチュムパリデス
BS71-045	アルカナビースト・ダイヤゴート
BS71-046	ハイエボ・ヒッポカンポス
BS71-047	ホース・ブラシ
BS71-048	ハイエボ・セイレーン
BS71-049	ハイエボ・カトブレパス
BS71-050	魔方数学者ナッシュ
BS71-051	シンドロームバク
BS71-052	ハイエボ・レヴィアタン
BS71-053	ダーナ偵察兵
BS71-054	ダーナ楯兵
BS71-055	バクオン・インディ
BS71-056	ダーナ兵
BS71-057	ダーナ銃兵
BS71-058	従軍医師ディアン
BS71-059	ダーナ魔術兵
BS71-060	二つ首のブロデータ
BS71-061	ダーナ特務兵ガウレッサ
BS71-062	シルバーホイールシールド
BS71-063	ダーナ制式ビームスピア
BS71-064	ダーナ93式ブラスターライフル
BS71-065	ゼウスの祭壇神殿
BS71-066	ジオケイブ
BS71-067	ハンギングバットシティ
BS71-068	ヘラの人形棚
BS71-069	ラー・ホルアクティの太陽神殿
BS71-070	双銀輪の次元船
BS71-071	スクラップビーチ
BS71-072	ヌアザの防塁神殿
BS71-073	サンダードロー
BS71-074	サンダーフレイム
BS71-075	バットエボリューション
BS71-076	インヘイル
BS71-077	サンドリバース
BS71-078	ケペシュバインド
BS71-079	ドリームホイール
BS71-080	幻獣王召喚：リーンフィールド
BS71-081	スクラップフラップ
BS71-082	天使長召喚：ソフィアフィールド
BS71-083	ダーナドロー
BS71-084	ワーリングタイド
BS71-RV001	踊子ドール†ラムレット†
BS71-RV002	剣獣女王メーディア
BS71-RV003	鋼鉄機王エリクトニオス
BS71-RV004	己の爆獣ヨロイサイダー
BS71-RV005	光輝鎧サンダー・Z・ブレイヴ
BS71-RV006	文具ロボ ステイショナー
BS71-CX01	雷霆の契約神ゼウス
BS71-CX02	天空の契約神ラー・ホルアクティ
BS71-CX03	銀腕の契約神ヌアザ
BS71-X01	雷翼の神獣サンダー・Z・アークィラ
BS71-X02	魔槍皇ドン・ペリニヨン
BS71-X03	魔界呪帝デスリヒター
BS71-X04	太陽神スカラ・ファルコン
BS71-X05	銀鋼ノ絆神フラグジャッジメント
BS71-X06	霜の妖精女王ブリガンティア
BS71-X07	殲滅魔獣ゴルゴーン
BS71-X08	ハイエボリューショナー・ウラノス
BS71-X09	銀腕神帝アガートラム
BS71-NX01	亡霊鯨サンダー・Z・フィレナ
BS71-NX02	反逆の翼ハルマキス
BS71-NX03	暴君ブレシュ
BS71-CP01	星断の大鎌ガイアザッパー
BS71-CP02	魔導冥槍バイデント
BS71-CP03	英雄獣の翼刃ディオハルパー
BS71-CP04	鋼鉄神杖グラウコーピス
BS71-CP05	必殺導倶ソルドライバー
BS71-CP06	爆走神器クギバット
BS71-CP07	創焔魔皇ジェネレイター・マ・グー
BS71-CP08	ジェネレイターフレイム
BS72-001	サンダー・Z・ジャンガリア
BS72-002	双剣の武芸者キャスパディーグ
BS72-003	サンダー・Z・ポニー
BS72-004	細剣の武芸者アルミラジ
BS72-005	サンダー・Z・チュウレオン
BS72-006	十字槍の武芸者ナックル・ラヴィ
BS72-007	光爪の武芸者ヘルハウンド
BS72-008	大剣の武芸者ファリニシュ
BS72-009	投槍の武芸者カーバンクリー
BS72-010	大斧の武芸者キマイラス
BS72-011	長槍の武芸者フィーニックス
BS72-012	長弓の武芸者ペガシオス
BS72-013	サンダー・Z・スミロドン
BS72-014	大槌の武芸者ミノタウラ
BS72-015	サンダー・Z・ナウマン
BS72-016	アシッドスライミー
BS72-017	サンドマウス
BS72-018	ロウワーゴースト
BS72-019	マッドフット
BS72-020	黒青の水霊
BS72-021	死の運び手ケール
BS72-022	黒紫の炎霊
BS72-023	幽弓子爵ディルトス
BS72-024	幽騎伯爵ファルテウス
BS72-025	運命の三女神クロートー
BS72-026	バタフライ・ドリラー
BS72-027	スタッグビートル・ソー
BS72-028	ドラゴンフライ・ブースター
BS72-029	菜精キャベバード
BS72-030	センチピード・ボンバー
BS72-031	エレファントビートル・スナイパー
BS72-032	菜精ビッゲストカーブ
BS72-033	ムーンライト・ゴート
BS72-034	ムーンライト・キャット
BS72-035	ムーンライト・レッサーパンダ
BS72-036	ムーンライト・コヨーテ
BS72-037	ムーンライト・フェネック
BS72-038	ムーンライト・ワラビー
BS72-039	ムーンライト・カリストー・ベア
BS72-040	ムーンライト・クロサイ
BS72-041	ムーンライト・センザンコウ
BS72-042	ムーンライト・イーグル
BS72-043	異奏のネコ にゃぷりん
BS72-044	異奏のアルカナビースト・スペードコアラ
BS72-045	異奏の天使フワエル
BS72-046	異奏の天使ミファエル
BS72-047	異奏のバリスタ コーヒーペンタン
BS72-048	異奏の天使モリエル
BS72-049	ダーナ魔術衛生兵
BS72-050	エースダーナ兵マディア
BS72-051	神鍛冶師ゴブニュ
BS72-052	バクオン・カンガルー
BS72-053	近衛獅団ボアスチアン
BS72-054	赤き魔女ヴァハ
BS72-055	近衛獅団エリソン・ゴレム
BS72-056	ルーの槍
BS72-057	ZZ魔神
BS72-058	幽細剣エストッカー
BS72-059	幽魔神
BS72-060	薔薇魔神
BS72-061	ヴェシルム・マンティー
BS72-062	盾魔神
BS72-063	弓魔神
BS72-064	紫陽花魔神
BS72-065	殲滅魔神ネフィリム
BS72-066	ヌアザの剣
BS72-067	造竜魔神
BS72-068	ダーナ制式電磁長剣
BS72-069	ゼウスの雷火山
BS72-070	ルーの百芸神殿
BS72-071	ニュクスの幽霊神殿
BS72-072	翠蓋の都市メンフィス
BS72-073	月明かりの銀草原
BS72-074	ボーニヤ環状遺跡群
BS72-075	ジャベリンドロー
BS72-076	ペガシオスアロウ
BS72-077	アシッドショット
BS72-078	アモルファスボディ
BS72-079	チェーンソーバインド
BS72-080	ミラーカウンター
BS72-081	ドリームレイ
BS72-082	スリーピングシールド
BS72-083	マジックバレット
BS72-084	キズナフィールド
BS72-CX01	武芸の契約神ルー
BS72-CX02	夜闇の契約神ニュクス
BS72-CX03	月光の契約神アルテミス
BS72-X01	黒影皇サンダー・Z・キング
BS72-X02	百芸の獣王サウィル・ダナーハ
BS72-X03	争いの女神エリス
BS72-X04	巨砲神蟲ビートル・キャノン
BS72-X05	月光猟犬ムーンライト・ガンドッグ
BS72-X06	異奏の超天使アヴリエル
BS72-X07	神帝ダグザ
BS72-X08	創神剣アンサラー
BS72-X09	月光魔神
BS72-AX01	双刀の武芸者ダークネス・グリフォン
BS72-AX02	魔幽帝ジークフリード
BS72-AX03	月光の神皇アルテ・ミストラル・ビット
BS73-001	ドラマルX
BS73-002	イクサトカゲX
BS73-003	南蛮武者ハクライX
BS73-004	大弩の武芸者ラヴァ・ケルピイ
BS73-005	ジンライドラゴンX
BS73-006	ハガネヴルムX
BS73-007	センゴク・グレンドラゴンX／バーニング・センゴク・グレンドラゴンX
BS73-008	麗武将ヒョウジンドラゴンX
BS73-009	大鎌の武芸者バフォメント
BS73-010	焔武者ピューマエダ・ヒデツグ
BS73-011	剣武龍ムラマサ・ドラゴンX
BS73-012	サムライ・ドラゴンX
BS73-013	武者法師スオウX
BS73-014	長剣の武芸者ゲルベルズ
BS73-015	大太刀の武芸者ベヒダロス
BS73-016	イヤーパピヨン
BS73-017	黒青の風霊
BS73-018	命無き武将
BS73-019	泥騎士男爵マディアス
BS73-020	運命の三女神ラケシス
BS73-021	霊剣伯フォンブリューヌ
BS73-022	黄泉ノ賢獣チシキツネ
BS73-023	菌獣ピピッグ
BS73-024	菌獣オックオックス
BS73-025	菌獣コーコーギー
BS73-026	菌獣シーシープ -共生態-／菌獣シーシープ -戦闘態-
BS73-027	菌獣ウルウルフ
BS73-028	菌獣ゴリゴリラ -共生態-／菌獣ゴリゴリラ -戦闘態-
BS73-029	菌獣ジャージャガー
BS73-030	菌獣ベベア
BS73-031	菌獣ゾゾウ
BS73-032	氣動掃除機シロクマンバ
BS73-033	氣動車ネズークル
BS73-034	ムーンライト・カピバラ
BS73-035	ムーンライト・ギラッファ
BS73-036	氣動列車ヘビレイン
BS73-037	ムーンライト・ヒッポス
BS73-038	ムーンライト・パンティラス
BS73-039	氣動戦車ダイタイガ
BS73-040	大氷天使レーゼ
BS73-041	ムーンライト・マンモス
BS73-042	孔雀石の宝妖精女マカラ
BS73-043	黄水晶の宝妖精シトリィー／黄水晶の魔宝少女シトリィー
BS73-044	トルコ石の占妖精コイズ
BS73-045	琥珀の妖精召喚士アンバー
BS73-046	睡蓮大鳥チャンディー
BS73-047	緑柱石の宝盾妖精モルガナ
BS73-048	柘榴石の宝浪妖精ガーネッタ／柘榴石の魔宝剣士ガーネッタ
BS73-049	宝剣士ブルージルコ
BS73-050	黝輝石の宝鎖剣士クーン・ツァイト
BS73-051	真珠の妖精司祭パーレル／真珠の妖聖騎士パーレル
BS73-052	橄欖石の宝射妖精ペリド
BS73-053	鳥獣氣兵・壱號ブングク
BS73-054	鳥獣氣兵・参號フクロック／氣兵墓場
BS73-055	鳥獣氣兵・肆號エテ
BS73-056	時空騎士団長レーヴィヒ
BS73-057	鳥獣氣兵・伍號コクリ・ゴレム
BS73-058	焔怒明王
BS73-059	時の魔術師デ・ル・イダ
BS73-060	鳥獣氣兵・漆號ウラシマ
BS73-061	豪炎槍オオチドリ／豪炎武者センヨク
BS73-062	獅龍王の武具レオンソード＆ハウルシールド
BS73-063	炎龍城 -城形態-／炎龍城 -龍形態-
BS73-064	No.20 ロングフィールドX
BS73-065	カナドコ・マウンテン
BS73-066	忘らるる水源
BS73-067	ユム・カアシュの粘菌神殿／大茸人オニナラダ
BS73-068	軌道エレベーター・カンダタ／カンダタ管理メカ・氣動兵器ジョローグ
BS73-069	月光の泉
BS73-070	モリガンの宝石神殿
BS73-071	ヤマトタケルの氣兵神殿／鳥獣氣兵・陸號マカミ
BS73-072	龍魂乱舞X
BS73-073	天火烈刀斬X
BS73-074	プルアウト
BS73-075	マッディスイング
BS73-076	フラッフィーリバース
BS73-077	バインディングファンガス
BS73-078	クレッセントゲート
BS73-079	神盾ノ輝
BS73-080	ヒーリングジェム
BS73-081	アブソープション
BS73-082	神舞ノ札
BS73-083	キズナバースト
BS73-CX01	森主の契約神ユム・カアシュ
BS73-CX02	魔宝の契約神モリガン
BS73-CX03	氣廻の契約神ヤマトタケル
BS73-X01	剣豪龍サムライ・ドラゴン・天X
BS73-X02	武芸騎迅スレイ・ヴァーニル
BS73-X03	幽煙双神タナトス＆ヒュプノス
BS73-X04	月光聖鹿メガケイローダ
BS73-X05	筆頭近侍フォレスト・オーキッド
BS73-X06	炎龍刀オニマル・真打X
BS73-TX01	戦国龍ソウルドラゴンX／戦国龍皇バーニング・ソウルドラゴンX
BS73-TX02	菌獣王ワシャ・クトゥーン -共生態-／菌獣王ワシャ・クトゥーン -戦闘態-
BS73-TX03	鳥獣武神機ヤマト・オーグナー -武神形態-／鳥獣武神機ヤマト・オーグナー -砲撃形態-
BS73-TX04	皇玉の大創界石／宝石の女皇帝ビジュール・ジュワイオー
BS73-AX01	菌樹造神ビッグバン・ゴレム
BS73-AX02	彩騎士皇帝ドラゴニック・アーサー
BS73-AX03	天魔王ゴッド・ゼクス -氣ノ型-
BS73-T001	菌床
BS73-CP01	烈火の契約神 烈火 幸村
BS73-CP02	烈火 幸村
BS73-TCP01	赤の世界／赤き神龍皇
BS73-TCP02	紫の世界／紫の悪魔神
BS73-TCP03	緑の世界／緑の自然神
BS73-TCP04	白の世界／白き機神
BS73-TCP05	黄の世界／黄の夢想神
BS73-TCP06	青の世界／青き異神
BS74-001	流星の溶蠍ユーリメテオス
BS74-002	星槍貝オルソセラスピア
BS74-003	若武者ソウルドラゴン
BS74-004	星溶刃スカプーンリンクス
BS74-005	溶隕石ペタロダッシュ
BS74-006	溶翼鮫アクイロ・ラムダ
BS74-007	陰陽龍アケボシ
BS74-008	溶星魚イクジオン
BS74-009	溶星魚竜モササウロ
BS74-010	溶星亀アーケイロン
BS74-011	大溶星メガロード
BS74-012	溶星魚竜ノットザウラス
BS74-013	大武龍ムラクモ
BS74-014	冥府犬ペロリュス
BS74-015	冥府の伯爵令嬢レディ・ヌーヴォー
BS74-016	冥府劇役者ジャディス
BS74-017	冥府のサテュロス
BS74-018	冥府騎兵サン・ピエール
BS74-019	冥府の踊手セーニャ
BS74-020	黒紫の毒霊
BS74-021	冥府屍術師アルテレーベン
BS74-022	冥府の辺境伯マディラン
BS74-023	冥府枢機卿ラトゥール
BS74-024	冥府堕天骸シュロスベルグ
BS74-025	黄泉ノ樹獣ライウングマ
BS74-026	菌獣リリッス
BS74-027	菌獣トートード
BS74-028	風魔ニンコウチョウX
BS74-029	異牙忍ラッパンサーX
BS74-030	甲蛾忍ヒャクデX
BS74-031	シノビコガネX
BS74-032	風魔クジャガラ
BS74-033	甲蛾忍ルニヘルX
BS74-034	菌獣アリアリクイ
BS74-035	菌獣レオレオパルド
BS74-036	大地の忍ダイビートX
BS74-037	巨大菌獣ササイ
BS74-038	天啓龍エーク
BS74-039	氣動輸送機コンテナペリカー
BS74-040	天啓龍ドー
BS74-041	天啓龍ティーン
BS74-042	天啓龍・知のイクティース
BS74-043	天啓龍パーンチ
BS74-044	氣動装甲車アルマジーダー
BS74-045	天啓龍チャエ
BS74-046	ムーンライト・シャモア
BS74-047	天啓龍サート
BS74-048	天啓龍アート
BS74-049	天啓龍ナオ
BS74-050	天啓照龍シューニャ
BS74-051	異奏の天使ミケエル
BS74-052	黒瑪瑙の妖精ブラキス
BS74-053	黄金剛石の妖精イエローダイアナ
BS74-054	睡蓮鳥ハジロ
BS74-055	藍玉の妖精アクアマリン
BS74-056	月長石の妖精ムー
BS74-057	睡蓮獣ナジャ・タイガー
BS74-058	異奏のアルカナビースト・キングライオン
BS74-059	ロクテン・ハタモチ
BS74-060	鳥獣氣兵・捌號ルリバード
BS74-061	鳥獣氣兵・玖號ゴッズ
BS74-062	蒼空明王
BS74-063	時間獣クロノ・ダイル
BS74-064	ダーナ狙撃手
BS74-065	鳥獣氣兵・拾號メッズ
BS74-066	神雷刀ライトニング・サーベル
BS74-067	ダーナ制式レールガン
BS74-068	オメテオトルの星溶神殿
BS74-069	冥府劇場
BS74-070	忍の無限屋敷
BS74-071	胞子漂う密林
BS74-072	ミトラの天啓神殿
BS74-073	ヤマトタケルの古墳要塞
BS74-074	ジュエルガーデン
BS74-075	天井大曼荼羅
BS74-076	マグマドロー
BS74-077	マグマブレイカー
BS74-078	冥府奥義コアサッカー
BS74-079	ボーンアゲイン
BS74-080	疲労翼之秘術
BS74-081	ファンガスアタック
BS74-082	ディバインオラクル
BS74-083	レベレーションアーマー
BS74-084	フローラルチャージ
BS74-085	衝振ノ槌
BS74-086	キズナリターン
BS74-RV001	四十四代目異牙忍頭首シシノビ
BS74-RV002	風魔イカルガ
BS74-RV003	甲蛾頭首クワガスレイヤー
BS74-RV004	甲蛾忍トビカゲ
BS74-CX01	光闇の契約神オメテオトル
BS74-CX02	冥府の契約神ディオニュソス
BS74-CX03	盟約の契約神ミトラ
BS74-X01	龍神の覇王ジーク・ヤマト・フリード
BS74-X02	冥府の覇王カオティック・セイメイ
BS74-X03	翠風の覇王ドルクス・ウシワカ
BS74-X04	忍将軍クロハガネX
BS74-X05	大菌鳥クサリフィオシス
BS74-X06	氷傑の覇王ロード・ドラゴン・グレイザー
BS74-X07	蛍石の姫妖精フローラ
BS74-X08	光輝の覇王ルナアーク・カグヤ
BS74-X09	鳥獣氣兵・零號キリンジ
BS74-X10	轟鉄の覇王サイゴード・ゴレム
BS74-X11	戦国神龍ブレイジング・ソウルドラゴン
BS74-X12	戦国六武将レオンランサーX
BS74-X13	終局鮫帝アストラン
BS74-X14	冥府の骸騎士皇アルティメット・ギ・ガッシャ
BS74-X15	天啓聖龍ヴェーン・ダーンタ
BS74-AX01	戦極轟武将ムドウ
BS74-AX02	究極冥府龍アルティメット・ムゲンドラゴン
BS74-AX03	天啓大神アルティメット・アマテラス・ドラゴン
BS74-CP01	仁愛の契約神 宝緑院 兼続
BS74-CP02	宝緑院 兼続
BS75-001	紅蓮の竜星ゴラドン
BS75-002	紅蓮の竜星リザドエッジ
BS75-003	紅蓮の竜星エリマキリザード
BS75-004	溶蛇パキラキス
BS75-005	紅蓮の竜星ロクケラトプス
BS75-006	紅蓮の竜星レイニードル
BS75-007	紅蓮の竜星アンキラーザウルス
BS75-008	紅蓮の竜星サーベカウラス
BS75-009	溶星貝マグマゾシア
BS75-010	溶星魚マグマトドン
BS75-011	紅蓮の竜星バルムンク
BS75-012	溶刃魚クラドセラケ
BS75-013	溶岩恐龍スピノット・ハウザー
BS75-014	冥府猫ラ・マージャ
BS75-015	冥府馬車の御者ベルグラーブ
BS75-016	冥府の闇医師クロ・デュ・クロシェ
BS75-017	冥府の首狩り男爵ベンディミア
BS75-018	運命の三女神アトロポス
BS75-019	冥府死竜ドラグランジュ
BS75-020	カメノコ・トーチカ
BS75-021	モスキート・ガン
BS75-022	甲蛾忍オンミツバチ
BS75-023	ヒグラシ・グレネイド
BS75-024	ガトリン・チュラ
BS75-025	甲蛾忍くノ一マダラ
BS75-026	ルソン・ブルーレッグ・レールガン
BS75-027	白銀の天帝ホウオウガ
BS75-028	天啓龍ウンニース
BS75-029	白銀の煌神機レーヴァテイン
BS75-030	天啓龍パチハッタル
BS75-031	白銀の煌神機グングニル
BS75-032	白銀の煌人フィアラル
BS75-033	白銀の煌乙女ワルキューレ・ヒルド
BS75-034	白銀の煌人ドロイデン
BS75-035	天啓龍バッティース
BS75-036	白銀の煌盾兵バルドル
BS75-037	天啓龍イクターリース
BS75-038	白銀の鎧神機ヴァルハランス
BS75-039	白銀の煌獣合神グレート・セイ・ドリガン
BS75-040	白銀の煌騎士ホワイトモノケイロス
BS75-041	天啓龍バーンヴェー
BS75-042	幼電竜ビリジュヴァーン
BS75-043	幼電竜ヴァジュドラコ
BS75-044	雷鬣竜メーンヴァジュラ
BS75-045	雷竜ライヴァジュドラ
BS75-046	雷竜シマヴァジュドラ
BS75-047	電磁竜マグジュヴァーン
BS75-048	雷銃竜マガンのヴァジュドラ
BS75-049	雷象竜アイラヴァジュドラ
BS75-050	電竜姫ナラカ
BS75-051	砲雷竜カノンヴァジュドラ
BS75-052	叛英傑オルタ・カイオー
BS75-053	叛英傑ディープ・ミケランジェロ
BS75-054	叛英傑ヘラク・ケイオス
BS75-055	叛英傑ロビン・バッド
BS75-056	叛英傑オルタ・モンゴクウ
BS75-057	叛英傑オルタ・レーヴェン
BS75-058	叛英傑ギガン・ベーオウルフ
BS75-059	叛英傑オルタ・ランドルフ
BS75-060	叛英傑オルタ・キュナネ
BS75-061	太陽石の空中要塞
BS75-062	星屑の溶海
BS75-063	紅蓮の竜星痕
BS75-064	冥府の霊廟
BS75-065	吹き上がる旋風庵
BS75-066	白銀の揚陸艦フレースヴェルグ
BS75-067	賢者の聖域
BS75-068	インドラの天雷神殿
BS75-069	帯電する水晶窟
BS75-070	ケイオスの混沌神殿
BS75-071	崩れた英傑像
BS75-072	眠らない海底監獄
BS75-073	紅蓮のメテオディフェンス
BS75-074	ヴルムドロー
BS75-075	スターインテンション
BS75-076	マグマコール
BS75-077	冥府破砕法ソウルバニッシュ
BS75-078	影縫之術
BS75-079	白銀のシールドカーテン
BS75-080	白銀のアイアンディメンション
BS75-081	ドリームレベレーション
BS75-082	サンダーカウンター
BS75-083	ライトニングテンペスト
BS75-084	ケイオスドロー
BS75-085	ケイオスモーメント
BS75-086	キズナミスト
BS75-RV001	忍頭領ソウルドラゴン・焔影
BS75-RV002	異牙上忍ヒョウソウガ
BS75-RV003	機巧忍者シオマネキ
BS75-RV004	星の巫女クシナ
BS75-CX01	紅蓮の雷皇龍ジークヴルム
BS75-CX02	白銀の鉄騎皇イグドラシル
BS75-CX03	天雷の契約神インドラ
BS75-CX04	混沌の契約神ケイオス
BS75-X01	紅蓮の龍星皇メテオヴルム
BS75-X02	紅溶海龍ブレイジオン
BS75-X03	紅蓮の超神星龍ジークヴルム・ノヴァ
BS75-X04	冥府霊帝レオヴィル・バルトン
BS75-X05	銃鎌軌公マンティグノス
BS75-X06	蜂王フォン・ニードX
BS75-X07	白銀の終焉騎神ラグナ・ロック
BS75-X08	大天啓龍ハザール
BS75-X09	白銀の翼神機グラン・ウォーデン
BS75-X10	雷神龍皇ヴァジュラヴルム
BS75-X11	混沌神王ケイオス
BS75-AX01	白銀の惑聖神龍ガイ・アスラ
BS75-AX02	超龍雷神グラン・サジット・ノヴァ
BS75-AX03	混沌超神星ジークヴルム・オルタ・ノヴァ
BS75-CP01	百芸の武芸者サウィル・ダナーハ
BS75-CP02	争いと不和の女神エリス
BS75-CP03	菌獣王ワシャ・クトゥーン -限界態-
BS75-CP04	氷創戦姫フレミア
BS75-CP05	宝剣帝ビジュール・ジュワイオー
BS75-CP06	時冠戦士リバース・シン・クロノス
BS76-001	サンダー・Z・モール
BS76-002	紅蓮の竜星カタナカサゴ
BS76-003	紅蓮の竜星タルタルガー
BS76-004	サンダー・Z・ボルゾイ
BS76-005	サンダー・Z・バルチャー
BS76-006	ジェネレイターヤージュドラゴン
BS76-007	紅蓮の煌星龍ジークヴルム・アルター
BS76-008	サンダー・Z・ウォルラス
BS76-009	仙龍マ・クランティ
BS76-010	ガスマウス
BS76-011	デスマギス
BS76-012	大冥術士ビフロンス
BS76-013	馬騎士サントール
BS76-014	デモンパイソン
BS76-015	デスマリア
BS76-016	魔導眼鬼アドラメレク
BS76-017	冥海女王ウェパル
BS76-018	冥戦士サロス
BS76-019	デモニックナイト
BS76-020	ヴァイオレット・ドラゴス
BS76-021	歌うマキゲール
BS76-022	ヒロバシ
BS76-023	エアーズ・チーター
BS76-024	スカラベ・レーダー
BS76-025	森の賑やかしワオーザル
BS76-026	白銀の煌樹ガブノハシ
BS76-027	エアーズ・リカオン
BS76-028	雄たけびマーモン
BS76-029	動じないヤクルス
BS76-030	エアーズ・パンサー
BS76-031	マック・ジャック
BS76-032	白銀の煌鳥キグナ・スワン
BS76-033	プラチナム・グッピー
BS76-034	プラチナム・パラボリザード
BS76-035	プラチナム・バシリスク
BS76-036	霜の琴妖精ハーピアン
BS76-037	プラチナム・トリバ
BS76-038	プラチナム・アゲハ
BS76-039	プラチナム・アーマードフィン
BS76-040	白銀の煌天弓の勇者ウル
BS76-041	プラチナム・マンティス
BS76-042	プラチナム・ジンベー
BS76-043	プラチナム・イグアナ
BS76-044	幼電竜ビビジュラ
BS76-045	異奏の天使メルニエル
BS76-046	睡蓮鳥カカポ
BS76-047	雷竜トゲヴァジュドラ
BS76-048	雷竜嬢ヴァジュレーヌ
BS76-049	睡蓮象ガナパティ
BS76-050	電磁竜ライシンヴァジュドラ
BS76-051	スティブナイト・ゴレム
BS76-052	バクオン・ハウンド
BS76-053	叛英傑クラヤミ・タメエモン
BS76-054	バクオン・パンクボア
BS76-055	パイライト・ゴレム
BS76-056	叛英傑オルタ・バハムンド
BS76-057	叛英傑オルタ・アイオン
BS76-058	サーペンティナイト・ゴレム
BS76-059	叛英傑オルタ・ハイドラス
BS76-060	聖蓮宝剣ヤージュ・ヴェーダ
BS76-061	狐魔神
BS76-062	狸魔神
BS76-063	銀輪刃ツインホイール
BS76-064	ロータス・ボウ
BS76-065	異奏のクイーン魔神
BS76-066	異奏の曲芸魔神
BS76-067	ハンマーアクス
BS76-068	神槍槌ハンマースピア
BS76-069	紅蓮の溶岩瀑布
BS76-070	ガルモーヘル離宮
BS76-071	始まりの冒険荒野
BS76-072	白の大音楽堂
BS76-073	白銀の賢者の樹の実
BS76-074	異奏の神門
BS76-075	異奏の飛び出す絵本
BS76-076	超避雷塔
BS76-077	打ち棄てられた巨石採掘場
BS76-078	英傑たちの裏闘技場
BS76-079	紅蓮のハウリングエフェクト
BS76-080	Zサンダー
BS76-081	ダズルスモッグ
BS76-082	ジャグリングソウル
BS76-083	ウィンドサモニング
BS76-084	マーモンショット
BS76-085	フォトンサークル
BS76-086	ラージスクアッシュ
BS76-087	白銀のダイヤモンドギャザリング
BS76-088	スプレッドライトニング
BS76-089	コラプスハンマー
BS76-T001	プラチナム・バグ
BS76-CX01	魔軍の旗手アモン
BS76-CX02	冒険の旗手リベル
BS76-CX03	光虫の旗手ファラ
BS76-X01	紅蓮の龍星神ジーク・メテオヴルム
BS76-X02	寅の十二神皇リボル・ティーガX
BS76-X03	巳の十二神皇ティアマドーX
BS76-X04	漆黒の執事アモン・バトラー
BS76-X05	未踏の冒険家リベル・インディー
BS76-X06	酉の十二神皇ゲイル・フェニックスX
BS76-X07	光翅の導き手ファラ・ルクス
BS76-X08	丑の十二神皇アバランシュ・バイソンX
BS76-X09	白銀の煌帝ホウオウガ
BS76-X10	子の十二神皇マウチューX
BS76-X11	雷皇子ナズマ
BS76-X12	亥の十二神皇カラミティ・ボアX
BS76-X13	混沌獣王ヴォイド・ルガス
BS76-X14	絶風魔神
BS76-X15	ドライビングフォース
BS76-AX01	凶龍魔神ディアブロ・ガンディノス
BS76-AX02	百獣元帥レイ・ザウラー・ワイルズ
BS76-AX03	プラチナムクィーン・カトレア
BS76-CP01	創聖原理ジェネレイタードラゴン・梵
BS76-CP02	魔導冥神帝ネオ・ダーク・クリュメノス
BS76-CP03	太陽神スカラ・ファルコンΩ
BS76-CP04	銀輪神妃アリアンロッド・ティール
BS76-CP05	大女神マハーディーヴィー
BS76-CP06	聖導神兵ターロス・ゴレム
26RBS01-001	ペトリスター
26RBS01-002	サンスポーン
26RBS01-003	スカッドビースト
26RBS01-004	ククルアカトル
26RBS01-005	ペルガソス
26RBS01-006	ポーグリフォ
26RBS01-007	グライテール
26RBS01-008	コカドライス
26RBS01-009	赤導シャニエル
26RBS01-010	飛勇ファルコニフォーメ
26RBS01-011	ジーノ・アンク
26RBS01-012	レグリナズ
26RBS01-013	トールエル
26RBS01-014	龍駒ロスターシュ
26RBS01-015	プロトメイア
26RBS01-016	ボンラット
26RBS01-017	イムセイド
26RBS01-018	デッドライカ
26RBS01-019	ブルクレイテン
26RBS01-020	オードナッター
26RBS01-021	スペクトーラス
26RBS01-022	センチカーデ
26RBS01-023	紫叫ドラキュロアー
26RBS01-024	諜蝶パピリオーニ
26RBS01-025	デュラ＝コシュタ
26RBS01-026	ボルゾ＝イーヌ
26RBS01-027	レベン＝ライヒナム
26RBS01-028	妖紫バフォメンデス
26RBS01-029	ベルゼレット
26RBS01-030	踊狐シャルル・ド・ペータ
26RBS01-031	ハーシィー
26RBS01-032	レガトラックス
26RBS01-033	クラポーラ
26RBS01-034	サラッカ
26RBS01-035	アロトール
26RBS01-036	未熟なネレ＝イロ
26RBS01-037	ウォルタル
26RBS01-038	ガビアダイル
26RBS01-039	ハンマーグラウ
26RBS01-040	カーナベラ
26RBS01-041	ナー・ナシタ
26RBS01-042	トッカリッカ
26RBS01-043	錬氷クライト
26RBS01-044	海怪モーガウラー
26RBS01-045	リオネ＝マキナ
26RBS01-046	ゴンポン
26RBS01-047	モールゴラン
26RBS01-048	ゴズタウルス
26RBS01-049	ソル＝シマー
26RBS01-050	クレイド＝ロー
26RBS01-051	メズタウルス
26RBS01-052	ガルグイアー
26RBS01-053	スティルラウス
26RBS01-054	ペパーズビースト
26RBS01-055	流銀フランシル
26RBS01-056	スティルガトガン
26RBS01-057	ポプリ＝シマー
26RBS01-058	形作られるサンホワイト
26RBS01-059	虚晃ペパーズドラゴン
26RBS01-060	マッド＝ロー
26RBS01-061	ストドル
26RBS01-062	アロウカスト
26RBS01-063	ボルトシープ
26RBS01-064	ソーサリード
26RBS01-065	テラ＝コッタ
26RBS01-066	ヴェロキラント
26RBS01-067	サンダースカッチ
26RBS01-068	スネクロウリー
26RBS01-069	雷破スピノブラート
26RBS01-070	スデグマン
26RBS01-071	艶烈ランダライザ
26RBS01-072	サンダライ
26RBS01-073	双烈バロンラム
26RBS01-074	雷重エヌライ
26RBS01-075	ポタリワ
26RBS01-076	タミンク
26RBS01-077	ルリヴォラ
26RBS01-078	エリピデス
26RBS01-079	ファーガス
26RBS01-080	ヴィルガル
26RBS01-081	バイソロス
26RBS01-082	バジャナン
26RBS01-083	青蕾アネルナ
26RBS01-084	ガナーシャ
26RBS01-085	樹装グリトラ
26RBS01-086	ライガロン
26RBS01-087	マドラ・マゴナ
26RBS01-088	誉あるセントア
26RBS01-089	ノドリエン
26RBS01-090	蒼駆バルプニール
26RBS01-091	重層赤雲
26RBS01-092	浮遊樹園
26RBS01-093	下降気龍
26RBS01-094	貫通山脈
26RBS01-095	高層墓群
26RBS01-096	ハンティングツリー
26RBS01-097	水力カタパルト
26RBS01-098	水流回廊
26RBS01-099	氷山艦艇
26RBS01-100	双流砂漠
26RBS01-101	ランプライン
26RBS01-102	ロックピット
26RBS01-103	噴雷大山
26RBS01-104	獣口巣穴
26RBS01-105	充電角錐
26RBS01-106	青輝棘園
26RBS01-107	種降らしの大樹
26RBS01-108	活力樹林
26RBS01-109	メテオクラッシュ
26RBS01-110	メテオサーフィン
26RBS01-111	ヴァーミリオンロアー
26RBS01-112	スカルブラスト
26RBS01-113	アウェイクニング
26RBS01-114	スーサイドアタック
26RBS01-115	ウェーブライド
26RBS01-116	ダブルヴォーテックス
26RBS01-117	ハイドロフォース
26RBS01-118	ファストトラベル
26RBS01-119	ガードエフェクト
26RBS01-120	バニッシュゲート
26RBS01-121	ライフリンク
26RBS01-122	ボルトグリッド
26RBS01-123	サンダーシャッター
26RBS01-124	ファインドトレジャー
26RBS01-125	サクリファイスストライク
26RBS01-126	マーシレスブロウ
26RBS01-X01	赤巫レスティエル
26RBS01-X02	六朱カーネリアース
26RBS01-X03	轟風ヴァルディガイヤー
26RBS01-X04	蟲爵シ・レーゼン
26RBS01-X05	クイーン・バビアナロス
26RBS01-X06	ダンピリオン公
26RBS01-X07	水刃ウィールカ
26RBS01-X08	マーメイディア・プリンセス
26RBS01-X09	深打ホエイラ
26RBS01-X10	流銀将ロージラム
26RBS01-X11	白銀鉄公ラーズ・ベリバーグ
26RBS01-X12	四剛ギガントケイレス
26RBS01-X13	魔術王人形イグル＝ミタス
26RBS01-X14	巨雷ゼーロトル
26RBS01-X15	再雷エンバーミマー
26RBS01-X16	大極パンジャン
26RBS01-X17	匍匐樹林クローア
26RBS01-X18	殻獣ネプバランダ
26RBS02-001	スクイラルーパー
26RBS02-002	ロップ＝ヤーラ
26RBS02-003	ストリアレス
26RBS02-004	三羽一体スパロッツ
26RBS02-005	飛兵コーンヒーロ
26RBS02-006	捕縛者チェイネル
26RBS02-007	チャコルーラー
26RBS02-008	老練なエルダリー
26RBS02-009	スネイ＝クラウド
26RBS02-010	裂神アマノサキミコ
26RBS02-011	角力ブルファル
26RBS02-012	回炎デュラルエル
26RBS02-013	パピスロープ
26RBS02-014	ブラックシャール
26RBS02-015	セメリペット
26RBS02-016	長靴プシビル
26RBS02-017	デーン＝グレイ
26RBS02-018	ロアスピス
26RBS02-019	ウィル＝ゲイル
26RBS02-020	再起するドゥーブー
26RBS02-021	不死剣奴ダスクロン
26RBS02-022	羽黒エボニスエス
26RBS02-023	悲嘆ラローナ
26RBS02-024	有刺スコー・ルビー
26RBS02-025	シゼリン
26RBS02-026	フィンドル
26RBS02-027	アルフロスト
26RBS02-028	カルカロード
26RBS02-029	クロル・ガレイロ
26RBS02-030	ポーラ＝フォークス
26RBS02-031	誘引アングラン
26RBS02-032	エラスマ＝ウルス
26RBS02-033	泥濘招きのデイジー
26RBS02-034	八つ裂きバズソーン
26RBS02-035	ノーザステラー
26RBS02-036	妖光セロモア
26RBS02-037	灰波グレイケン
26RBS02-038	ラスレア
26RBS02-039	ブレティ
26RBS02-040	絶盾アルマール
26RBS02-041	アージェントール
26RBS02-042	中継鹿サブリック
26RBS02-043	ファラキャトル
26RBS02-044	モルタライザー
26RBS02-045	白炉ブレストン
26RBS02-046	リカオ＝クルス
26RBS02-047	刃脚グラスラナー
26RBS02-048	迷彩カムフラン
26RBS02-049	突出レイダラス
26RBS02-050	孤独なツノワラシ
26RBS02-051	ソードオネット
26RBS02-052	カースポーン
26RBS02-053	雷輪オレオル
26RBS02-054	雷爪ジノリス
26RBS02-055	ダイアグラム・ドラゴン
26RBS02-056	グレイトズーク
26RBS02-057	艶舞ワルタナ
26RBS02-058	カルノコンカラー
26RBS02-059	五寸杭ビスキュラー
26RBS02-060	鹵獲者トルタザード
26RBS02-061	甦るミライーマ
26RBS02-062	メガロディアス
26RBS02-063	萎縮するディーバグ
26RBS02-064	ベアラマ
26RBS02-065	ムー＝ステラ
26RBS02-066	モーラ・マイラ
26RBS02-067	密集陣のファロテス
26RBS02-068	ディパード
26RBS02-069	一足飛びのペディエス
26RBS02-070	棘突マンデア
26RBS02-071	散弾樹ハノーキ
26RBS02-072	ヌータリウス
26RBS02-073	暴樹オルドリリー
26RBS02-074	戦局：浮岩装天
26RBS02-075	浮岩城塞
26RBS02-076	戦局：鱗粉防壁
26RBS02-077	バイオレットホール
26RBS02-078	戦局：水泡大盾
26RBS02-079	深孔ホール
26RBS02-080	ガードタワー
26RBS02-081	戦局：太陽大破
26RBS02-082	戦局：真門鹵獲
26RBS02-083	覇王樹壁
26RBS02-084	群青の林檎
26RBS02-085	戦局：樹根隆起
26RBS02-086	記憶の宮殿
26RBS02-087	フレイムサモニング
26RBS02-088	アンマスク
26RBS02-089	ラピッドリッパー
26RBS02-090	ラッシュアウト
26RBS02-091	ポータルハック
26RBS02-092	ブーストエナジー
26RBS02-X01	ジーン・ローズ
26RBS02-X02	大焔精フレンディス
26RBS02-X03	断罪者コンシュラー
26RBS02-X04	待命ロマスリカ
26RBS02-X05	悠々たるムルナー
26RBS02-X06	黒の暗殺者オ＝セロ
26RBS02-X07	偉大なるエイペラン
26RBS02-X08	三叉槍カリカオン
26RBS02-X09	海神レヴィアクラン
26RBS02-X10	球凶ホワイトベアド
26RBS02-X11	光輝ペパーズティラノ
26RBS02-X12	漂硝姫ファサリリ
26RBS02-X13	操者マリネル
26RBS02-X14	閃烈姫ソルジュレト
26RBS02-X15	百雷ガノトール
26RBS02-X16	五煙吐息ガラージャ
26RBS02-X17	極爪ギガスロス
26RBS02-X18	蒼き獣牙ガオガザン
26RBS02-CP01	ゲートオープン、界放
SD01-001	エリマキリザード
SD01-002	カタナカサゴ
SD01-003	アンキラーザウルス
SD01-004	雑兵ドラグロン
SD01-005	タルタルガー
SD01-006	晴天竜ウィンドレイク
SD01-007	スティラホーン
SD01-008	雷皇龍ジークヴルム
SD01-009	ボーン・ドッグ
SD01-010	コウモリブレラ
SD01-011	冥闘士バラム
SD01-012	双頭ヘビ
SD01-013	冥剣士ベリト
SD01-014	スカンクス
SD01-015	ハッチドリ
SD01-016	アメンボーグ
SD01-017	重装蟲キャタバルガ
SD01-018	草原の狩人キングゲパルド
SD01-019	モモンガル
SD01-020	ヒトデム
SD01-021	神機グングニル
SD01-022	グラスカルゴ
SD01-023	機人ドロイデン
SD01-024	人馬機兵アトリーズ
SD01-025	鎧装獣スコール
SD01-026	鉄騎皇イグドラシル
SD01-027	溶岩の大瀑布
SD01-028	呪われし神殿
SD01-029	蠢く地下墓地
SD01-030	豊穣の大地
SD01-031	朝焼け岬
SD01-032	機械神の加護
SD01-033	ヴィクトリーファイア
SD01-034	エクストラドロー
SD01-035	サドンデスドロー
SD01-036	カースエンチャント
SD01-037	キャリーコア
SD01-038	エメラルドブースト
SD01-039	ブリザードウォール
SD01-040	アーマーパージ
SD02-001	奇獣プーシャン
SD02-002	ミザール
SD02-003	天使デュナミス
SD02-004	神獣ハクタク
SD02-005	天使ヘルヴィム
SD02-006	鼬の暗殺者ウィゼーブ
SD02-007	犬兵バーナルド
SD02-008	犀銃士グライノス
SD02-009	獣将軍クジャルタ
SD02-010	轟剣士レーヴェン
SD02-011	獣皇子バハムンド
SD02-012	天の城門
SD02-013	転召の祭壇
SD02-014	魔法監視塔
SD02-015	フレンドリーパワー
SD02-016	ウィングブーツ
SD02-017	ストロングドロー
SD02-018	猛将ドラグロン
SD02-019	黒騎士シュヴァルト
SD02-020	虹翼のジュエルグ
SD02-021	獣機セイ・ドリル
SD03-001	ブレイドラ
SD03-002	剣竜人ステゴラス
SD03-003	モルゲザウルス
SD03-004	角獣ガルナール
SD03-005	ビッグ・ホーン
SD03-006	太陽龍ジーク・アポロドラゴン
SD03-007	戦竜エルギニアス
SD03-008	棟梁マッコイ
SD03-009	星海獣シー・サーペンダー
SD03-010	砲竜バル・ガンナー
SD03-011	鎧殻竜グラウン・ギラス
SD03-012	牙皇ケルベロード
SD03-013	炎の楽園
SD03-014	オリンスピア競技場
SD03-015	ブレイヴドロー
SD03-016	サジッタフレイム
SD03-017	ブルースプラッシュ
SD06-001	オードラン
SD06-002	サラマントル
SD06-003	ワン・ケンゴー
SD06-004	ドス・モンキ
SD06-005	ツインブレード・ドラゴン
SD06-006	イカヅチ・ヴルム
SD06-007	英雄龍ロード・ドラゴン
SD06-008	アルマジトカゲ
SD06-009	キジ・トリア
SD06-010	海皇龍シーマ・クリーク
SD06-011	英雄皇の神剣
SD06-012	英雄皇の御盾
SD06-013	双翼乱舞
SD06-014	爆烈十紋刃
SD06-015	覇王爆炎撃
SD06-016	絶甲氷盾
SD06-017	甲竜封絶破
SD10-001	ライト・ブレイドラ
SD10-002	グローリー・ガードラー
SD10-003	ミラージュ・ワイバーン
SD10-004	蒸気竜シースモーカー
SD10-005	ブロンズ・ヴルム
SD10-006	モン・ドスーン
SD10-007	火旋竜ファイアーストーム
SD10-008	ドラゴン・アンヌラー
SD10-009	サンピラー・ドラゴン
SD10-010	荒天竜スーパーセル・ドラグーン
SD10-011	ダストワール
SD10-012	噴き上がるマグマの星都
SD10-013	天目指す竜射台
SD10-014	ツインフレイム
SD10-015	ファイアーウォール
SD10-016	チャージドロー
SD10-X01	輝龍シャイニング・ドラゴン
SD10-X02	輝きの聖剣シャイニング・ソード
SD11-001	シュライクン
SD11-002	ボブキャッツ
SD11-003	ダーク・カリブー
SD11-004	ライノゴルド
SD11-005	ダーク・ガドファント
SD11-006	ブラン・ファルコン
SD11-007	ベア・ポーラー
SD11-008	ワイズ・モンキー
SD11-009	猟機獣シルバー・ジャッカル
SD11-010	ダーク・ウラノス
SD11-011	ジェット・ガネット
SD11-012	氷刃の地底湖
SD11-013	迷子水晶
SD11-014	ウィンドウォール
SD11-015	ドリームホライゾン
SD11-016	バーストブレイク
SD11-X01	闇皇ナインテイル・ダーク
SD11-X02	白夜の宝剣ミッドナイト・サン
SD13-001	アメジスバット
SD13-002	ボーン・キャット
SD13-003	ボーン・バイソン
SD13-004	ゾンビ・ホーク
SD13-005	骸龍伯ドクー・ロン
SD13-006	死獣公デスリオン
SD13-007	シャドウ・メイデン
SD13-008	ソウルリープ
SD13-X01	邪龍王カースドラゴン
SD14-001	槍兵アントマン
SD14-002	タケヤンマ
SD14-003	イネゴバッタ
SD14-004	ダーク・ジガワスプ
SD14-005	タランシダー
SD14-006	双刃蟲ノコギラファ
SD14-007	飛甲虫ニトウクワガタ
SD14-008	インセクトアッセンブル
SD14-X01	甲樹神ヘラク・ダイナス
SD15-001	天使パティエル
SD15-002	天使マカエル
SD15-003	天使アーチェル
SD15-004	天使アクセラ
SD15-005	天使ブラスティエル
SD15-006	エンジェロイド
SD15-007	アセンションゼロ
SD15-008	マジカルドロー
SD15-X01	戦天使イクセル
SD16-001	巨人小隊
SD16-002	豪拳のロジャー
SD16-003	重槍巨人ランス
SD16-004	戦鎚のゴードン
SD16-005	双首竜使いのバーンハード
SD16-006	魔剣使いのクローヴィス
SD16-007	ローダー・アームズ
SD16-008	鉄壁なる巨人城塞
SD16-X01	巨人帝王アレクサンダー13世
SD17-001	ピナコチャザウルス
SD17-002	ダーク・ディノニクソー
SD17-003	刀竜ステゴディータ
SD17-004	ブロンソードザウルス
SD17-005	羽竜ペドペンナー
SD17-006	激竜ランベオス
SD17-007	プテラスラッシャー
SD17-008	モノフォースザウルス
SD17-009	突竜スティラゴーン
SD17-010	ランスモザウルス
SD17-011	鎧機竜シルヴィード
SD17-012	原始の森
SD17-013	黄昏の暗黒銀河
SD17-014	ジュラシックフレイム
SD17-015	ディノクライシス
SD17-016	ラッシュドロー
SD17-X01	闇龍ダーク・ティラノザウラー
SD17-X02	暗黒の魔剣ダーク・ブレード
SD19-001	ファイザード
SD19-002	ムゲンドラ
SD19-003	ルーキー・リューマン
SD19-004	バズ・リューマン
SD19-005	エッジ・ウルフ
SD19-006	ドラゴナイト
SD19-007	アイゼンドラゴン
SD19-008	アルティメット・ゴラドン
SD19-009	ドラグノ究極兵
SD19-010	アルティメット・マ・グー
SD19-011	狩る者の集落
SD19-012	赤き黎明の空
SD19-013	ネオ・ダブルドロー
SD19-014	ブレイジングバースト
SD19-015	フレイムスパーク
SD19-016	ネオ・フレイムテンペスト
SD19-X01	アルティメット・ジークフリード
SD20-001	ミサイルモービル
SD20-002	ムゲンドラ
SD20-003	ディフェンザード
SD20-004	シールドモービル
SD20-005	トルーパーモービル
SD20-006	ウィングソルジャー
SD20-007	ホワイトジェットドラグーン
SD20-008	アルティメットキャノン・ベル
SD20-009	アルティメット・アスク
SD20-010	アルティメット・スルト
SD20-011	ローガルド北方指令部
SD20-012	落ちゆく世界
SD20-013	アルティメットパワー
SD20-014	バーストシールド
SD20-015	ラストリベリオン
SD20-016	ブリッツオーダー
SD20-X01	アルティメット・オーディーン
SD22-001	スピアント
SD22-002	レディバド
SD22-003	クローフォックス
SD22-004	ノコギールクワガタ
SD22-005	ヴァルト・イエーガー
SD22-006	ムゲンドラゴン
SD22-007	グラディタイガー
SD22-008	アルティメット・ティガルド
SD22-009	アルティメット・モノケイロス
SD22-010	アルティメット・ジェン・フー
SD22-011	クラウデッド高地
SD22-012	大地茂る大樹
SD22-013	トライアングルバースト
SD22-014	ハイスタンピード
SD22-015	ネオ・ハンドリバース
SD22-016	ネオ・バインディングソーン
SD22-X01	アルティメット・キングタウロス
SD23-001	ハネッポ
SD23-002	妖精モナ
SD23-003	天使イヴェール
SD23-004	天使アエスタ
SD23-005	天使グレット
SD23-006	妖精アクティア
SD23-007	天使ライエル
SD23-008	アルティメット・クレイオ
SD23-009	アルティメット・バーチュ
SD23-010	アルティメット・エクスシア
SD23-011	エイレインの雲上要塞
SD23-012	イエローアラート
SD23-013	シンフォニックバースト
SD23-014	バーストスナップ
SD23-015	エンジェルストライク
SD23-016	リバーサルフォース
SD23-X01	アルティメット・ヴァリエル
SD24-001	巨人兵士マキウス
SD24-002	黒き戦士クレイトス
SD24-003	巨人教師アリストテレス
SD24-004	騎将フィロタス
SD24-005	戦馬ブケファロス
SD24-006	勇将クラテロス
SD24-007	ムゲンドラゴン・ノヴァ
SD24-008	剣将スティオン
SD24-009	知将プトレマイオス
SD24-010	烈将アンティゴノス
SD24-011	首都アレクサンドーラ
SD24-012	ガルガンドの城門
SD24-013	キングスコマンド
SD24-014	フラッドストリーム
SD24-015	マッスルウォール
SD24-016	スパークバースト
SD24-X01	アルティメット・アレクサンダー
SD25-001	ルクバート・ドラゴン
SD25-002	アスケラ・ドラゴン
SD25-003	星弓竜カウス・ワイバーン
SD25-004	メテオドライアン
SD25-005	アルティメット・シュリケラプトル
SD25-006	フレイムブラスト
SD25-007	エナジーバースト
SD25-X01	南斗六星ブレイジング・ドラゴン
SD25-X02	アルティメット・サジット・アポロドラゴン
SD26-001	スラスト・シェパード
SD26-002	リューマン・チャージャー
SD26-003	リューマン・ウィソード
SD26-004	リューマン・リベリオン
SD26-005	テスタロッサ・ドラゴン
SD26-006	アルティメット・ブロンズ・ヴルム
SD26-007	リューマン・スカイハイ
SD26-008	アルティメット・ドラコレックス
SD26-009	火槍アルタイル
SD26-010	炎星斧エルナト
SD26-011	燃える竜人の聖地
SD26-012	大旗艦ドラグニック
SD26-013	フェイタルドロー
SD26-014	ドラゴニックウォール
SD26-015	サンブレイカー
SD26-X01	アルティメット・アーク
SD26-X02	太陽神剣ソルキャリバー
SD27-001	ピクシスリザード
SD27-002	ワイバーン・ベラ
SD27-003	エリダヌス・ドラゴン
SD27-004	時の監視者ホロロ・ギウム
SD27-005	創星龍バイアー
SD27-006	光導星剣ゾディアックソード
SD27-X01	創星龍トレミー
SD27-X02	究極星アルティメット・ゾディアック
SD28-001	ギガンティア・カミキリー
SD28-002	コクワン
SD28-003	ウスバアゲハ
SD28-004	アカガネ
SD28-005	ゴロンゴロー
SD28-006	閃の剣聖ドルサリス
SD28-007	コガネヒメ
SD28-008	剛の剣聖ルビート
SD28-009	終焉甲帝
SD28-010	翼刃グライド
SD28-011	星獣刃プロキオン
SD28-012	翡翠の剣刃探知機
SD28-013	カウンターバインド
SD28-014	エグゾーストエンド
SD28-015	アルティメットゲイン
SD28-X01	アルティメット・ウシワカ
SD28-X02	地球神剣ガイアノホコ
SD29-001	イクサトカゲ
SD29-002	ムシャダリュー
SD29-003	オオソデプテラ
SD29-004	ジンライドラゴン
SD29-005	夜天竜
SD29-006	シップウドラゴン
SD29-007	ムシャドラコ
SD29-008	ムラクモドラゴン
SD29-009	若武者 飛輪丸
SD29-010	荒武者マ・ゾゥ
SD29-011	激龍城
SD29-012	No.13 イーストキャピタル
SD29-013	炎刃ストライク
SD29-014	陀武竜ドロー
SD29-015	紅蓮フレイム
SD29-X01	センゴク・グレンドラゴン
SD29-CP01	アシガルラプター
SD29-CP02	ムシャモサウルス
SD30-001	鋼刃竜カリヴォロス
SD30-002	双角竜ダブホーン
SD30-X01	戦国ジークフリード
SD31-001	甲蛾忍ノミカゲ
SD31-002	甲蛾忍ナミテント
SD31-003	忍法師ヒグラシ
SD31-004	異牙忍カタナゼル
SD31-005	シノビコガネ
SD31-006	甲蛾忍ギリゾウ
SD31-007	風魔ベニマトイ
SD31-008	異牙忍センドウギツネ
SD31-009	風魔上忍ハイウインド
SD31-010	忍将軍クロハガネ
SD31-011	異牙上忍ヒョウソウガ
SD31-012	テッポウナナフシ
SD31-013	土遁之術
SD31-014	千枚手裏剣
SD31-015	双身転化
SD31-X01	烈風忍者キリカゲ
SD32-001	さまよう甲冑
SD32-002	イチバンスピアー
SD32-003	機巧武者ジャコ
SD32-004	機巧武者イテカゼ
SD32-005	折神アントラー
SD32-006	朱に染まる六天城
SD32-007	魔王刃
SD32-X01	黒皇武将ダークネス・グリフォン
SD32-X02	天魔王ゴッド・ゼクス
SD33-001	コレオン
SD33-002	ビーバン
SD33-003	壬獣ジャガーエッジ
SD33-004	ポニシード
SD33-005	甲獣サイオウ
SD33-006	破壊獣サーベルガイ
SD33-007	剛腕マウンテン
SD33-008	激走ダッシュランナー
SD33-009	丙獣王ブレイゾーマ
SD33-010	十二神皇の社
SD33-011	獣王の爪痕谷
SD33-012	ブロークンバッシュ
SD33-013	エンペラーフレイム
SD33-014	ダイナバースト
SD33-X01	午の十二神皇エグゼシード
SD34-001	クリスタニードル
SD34-002	シャズネーク
SD34-003	蛇僧侶ハリム
SD34-004	蛇拳士ジャギー
SD34-005	ダークネスワイバーン
SD34-006	デスクロードラゴン
SD34-007	フライングスネーク
SD34-008	水晶龍アメジスト・ドラゴン
SD34-009	魔竜デスラー
SD34-010	死龍大帝バスカール
SD34-011	紫水晶の古宮殿
SD34-012	ネクロリバース
SD34-013	ナイトメアドレイン
SD34-014	デスシュート
SD34-X01	龍魔神
SD35-001	ネザドワ
SD35-002	ウサコウモリ
SD35-003	乙の跳獣ドロップロップ
SD35-004	拳闘獣オー・ガンガル
SD35-005	ムサザビー
SD35-006	癸の槍獣ヤリアラシ
SD35-007	丁の跳獣ロケット・レッキス
SD35-008	己の跳獣皇ライオ・ビット
SD35-009	大跳獣フレミッシュベース
SD35-010	兎魔神
SD35-011	No.46 ディアチャイルドアイランド
SD35-012	ジャンピングバインド
SD35-013	ワイルドライド
SD35-014	ミストラルフィニッシュ
SD35-015	エメロードバリア
SD35-X01	卯の十二神皇ミストラル・ビット
SD36-001	バーゴイル
SD36-002	ビートルゴン
SD36-003	闇騎士ダスクドラゴン
SD36-004	邪神官クリケッツ
SD36-005	邪神域
SD36-006	イビルドロー
SD36-X01	龍魔皇イビルフリード
SD36-X02	獄炎の四魔卿ブラム・ザンド
SD36-X03	甲殻伯メタリフェル
SD37-001	ドロージェネット
SD37-002	パイル・ピューマ
SD37-003	ヒートエッジウルフ
SD37-004	ロイヤルタイガーキッド
SD37-005	煌炎狐サンビフォックス
SD37-006	ルビークロージャガー
SD37-007	盾獣シールダーテル
SD37-008	新星砲皇エヴォル・ティーガ
SD37-009	煌獅子ディバレオン
SD37-010	赤の聖遺物
SD37-011	寅の穴
SD37-012	アドベントドロー
SD37-013	レッドライトニング
SD37-014	エヴォリューションアタック
SD37-X01	砲撃の神皇リボル・ティーガ・零式
SD38-001	シロエナ
SD38-002	オハヤシバード
SD38-003	アオレッグゥ
SD38-004	グラスワロー
SD38-005	シルバーリーフイーグル
SD38-006	風煌鳥ペレグリーフ
SD38-007	拳闘鳥ブルース・ケー
SD38-008	煌翼鳥グリューゲル
SD38-009	酋鳥タイランバード
SD38-010	シムルグ煌帝
SD38-011	不死鳥の尾羽
SD38-012	バードキック
SD38-013	ソニックウィンド
SD38-014	バインディングペタル
SD38-X01	翼龍皇ジークフリード・ヴェール
SD39-001	SD0-L9
SD39-002	秩序軍オブリ・ガード
SD39-003	秩序軍ソルダー・アズール
SD39-004	愛国の機士パトリオート
SD39-005	白の探索者WG-7
SD39-006	戦乙女機シュベルトラウテ
SD39-007	秩序軍 白炎機神ローゲ
SD39-008	防衛の神皇グロリアス・シープType-F
SD39-009	栄光の機士オー・スペリア
SD39-010	グロリアス・フリューゲル
SD39-011	煌龍銃剣ガンズ・バルムンク
SD39-012	ラインの黄金
SD39-013	ランパートウォール
SD39-014	バルムンクショット
SD39-X01	秩序龍機νジークフリード
SD40-001	焔三忍 邪心のサイゾー
SD40-002	焔三忍 発破のカヤク
SD40-003	焔三忍 大手裏剣のイザヨイ
SD40-004	甲蛾忍バラキリ
SD40-005	風魔カキツブリ
SD40-006	風魔イカルガ
SD40-007	異牙忍タチカゲ
SD40-008	忍刀・裏炎陽
SD40-X01	忍頭領ソウルドラゴン・焔影
SD40-X02	四十四代目異牙忍頭首シシノビ
SD40-X03	三十三代目風魔頭首ヤタガライ
SD41-001	デスリターナー
SD41-002	魔界霧竜ミストヴルム
SD41-003	スモッグハンド
SD41-004	魔界兵カースソーズマン
SD41-005	ジャッガス
SD41-006	魔界竜鬼ダークヴルム
SD41-007	魔界皇龍ダークヴルム・レガリア
SD41-008	天冥銃アーミラリー・スフィア
SD41-X01	魔界幻龍ジークフリード・ネクロ
SD41-X02	魔界元帥ブルグハーツ
SD41-RVX01	滅神星龍ダークヴルム・ノヴァ
SD42-001	ディケイド響鬼
SD42-002	ディケイド龍騎
SD42-003	ディケイドブレイド
SD42-004	ディケイドクウガ
SD42-005	ディケイドアギト
SD42-006	仮面ライダーディケイド
SD42-007	ディケイド電王
SD42-008	ディケイドカブト
SD42-009	ディケイドファイズ
SD42-010	仮面ライダーディケイド -ライドブッカー装備-
SD42-011	ディケイドキバ
SD42-012	ライドブッカー
SD42-013	マシンディケイダー
SD42-014	ディケイドイリュージョン
SD42-015	ディメンションキック
SD42-X01	仮面ライダーディケイド コンプリートフォーム
SD42-CP01	仮面ライダーゴースト オレ魂
SD42-CP02	仮面ライダーエグゼイド アクションゲーマー レベル2
SD42-CP03	仮面ライダードライブ タイプスピード
SD42-CP04	仮面ライダーフォーゼ ベースステイツ
SD42-CP05	仮面ライダーオーズ タトバ コンボ
SD42-CP06	仮面ライダーウィザード フレイムスタイル
SD42-CP07	仮面ライダー鎧武 オレンジアームズ
SD42-CP08	仮面ライダービルド ラビットタンクフォーム
SD42-CP09	仮面ライダーW ジョーカージョーカー
SD42-CP10	仮面ライダーW サイクロンサイクロン
SD43-001	イグア・ドラゴン
SD43-002	ドラド・ドラゴン
SD43-003	照準機兵ミューゼス
SD43-004	スライダーベア
SD43-005	砲凰機神フェニック・セイザー
SD43-006	王蛇ペンド・ヴァイパー
SD43-007	白砲凰フェニック・ブラスター
SD43-008	双牙皇オルト・ロード
SD43-009	ブレイドロー
SD43-010	ライジングフレイム
SD43-RV001	ブレイドラ
SD43-RV002	炎星神龍マルス・ドラグーン
SD43-RV003	天王神獣スレイ・ウラノス
SD43-RV004	砲竜バル・ガンナー
SD43-X01	太陽龍ジーク・アポロドラゴンX
SD43-X02	月光龍ストライク・ジークヴルムX
SD43-CP01	馬神 弾
SD43-CP02	月光のバローネ
SD44-001	ボーライド・ドラゴン
SD44-002	太陽の守護者オーレオール・ドラゴン
SD44-003	光の剣聖グランドクロス・ドラゴン
SD44-004	飛刃の剣使いエッジマスター
SD44-005	ダークネス・コカドリーユ
SD44-006	闇の剣聖トータルエクリプス
SD44-007	竜射砲台
SD44-008	氷刃の大空洞
SD44-009	シャイニングバースト
SD44-010	エッジドリーム
SD44-RV001	魔炎の剣使いシュマルド
SD44-RV002	機甲剣聖ミノタウロス
SD44-RV003	輝きの聖剣シャイニング・ソード
SD44-RV004	白夜の宝剣ミッドナイト・サン
SD44-X01	龍輝神シャイニング・ドラゴン・オーバーレイX
SD44-X02	黒皇機獣ダークネス・グリフォンX
SD44-CP01	ツルギ・タテワキ
SD44-CP02	白夜王ヤイバ
SD45-001	アグモン [2]
SD45-002	グレイモン [2]
SD45-003	メタルグレイモン [2]
SD45-004	レオモン [2]
SD45-005	ウォーグレイモン [2]
SD45-006	オメガモン [2]
SD45-007	ガブモン [2]
SD45-008	ガルルモン [2]
SD45-009	ワーガルルモン [2]
SD45-010	メタルガルルモン [2]
SD45-011	勇気の紋章
SD45-012	友情の紋章
SD45-013	エボリューションドロー
SD45-014	エボリューションシュート
SD45-X01	オメガモン マーシフルモード
SD45-CP01	ホウオウモン
SD45-CP02	ヘラクルカブテリモン
SD45-CP03	ロゼモン
SD45-CP04	セラフィモン
SD45-CP05	ホーリードラモン
SD45-CP06	ヴァイクモン
SD46-001	サンダー・Z・ピューマ
SD46-002	サンダー・Z・ギボン
SD46-003	サンダー・Z・グリズリー
SD46-004	サンダー・Z・ヒポグリフ
SD46-005	壬雷の三馬神バイアリー・ダーク・Z
SD46-006	鋼鉄雷機士リコスピロス
SD46-007	鋼鉄雷機士ティグリゴレウス
SD46-X01	蒼き雷神皇ブリッツ・ティーガ・Z
SD46-X02	紅き雷神皇リボル・ティーガ・Z
SD46-X03	鋼鉄雷王イグリディオス・Z
SD46-CP01	茂上 駿太
SD47-001	天空勇士ノースリー
SD47-002	メジェフクロウ
SD47-003	ウジャバト
SD47-004	ヤツギョリュウ
SD47-005	天空勇士フェニックジャク
SD47-006	天空勇姫ネフェルス
SD47-007	天空勇士サクル・ホーク
SD47-X01	天空神皇バッジー・ペセド
SD47-X02	天空戦艦ピラミッドウィング
SD47-X03	天空神皇ゲイル・フェニックス・ホルス
SD47-CP01	ヨク・アルバトロサ
SD48-001	小古龍シャルラ・ハロート
SD48-002	仙龍シュローカ
SD48-003	鉄爪竜ナーティ・ヤダルニ
SD48-004	火槍龍ティール・マーナム
SD48-005	四拳龍ムドラー
SD48-006	溶弾龍ジャティス・ワラム
SD48-007	古代象龍マンモ・ラーガ
SD48-008	古龍隊長ソルカットゥ
SD48-009	轟天龍マ・シード -人態-
SD48-010	剣舞龍皇マ・ザイン -人態-
SD48-011	神拳甲ガンドレット
SD48-012	神環杖リガ・シャクティ
SD48-013	グランドロー
SD48-014	イグニートフレイム
SD48-X01	創造龍ジェネレイタードラゴン
SD48-X02	大神剣アラマンディー
SD48-X03	創界神ブラフマー
SD49-001	水瓶竜アクエリジャードラゴン
SD49-002	甲冑双魚ピスケ・オステウス
SD49-003	蟹甲竜キャンサー・ドラゴン
SD49-004	鋼鉄双士ジェミニコス
SD49-005	十二星槍ゾディアックランサー
SD49-006	サジットノヴァアロー
SD49-007	キャンサーシェル
SD49-X01	月紅龍ストライク・ジークヴルム・サジッタ
SD49-X02	天蠍機動スコルビウム
SD49-X03	光星神ゾディアック・レムリア
SD49-X04	光導創神アポローン
SD49-CP01	モルゲザウルスX
SD50-001	［スターライト学園制服］霧矢あおい
SD50-002	［天の川コズミックコーデ］霧矢あおい
SD50-003	［スターライト学園制服］有栖川おとめ
SD50-004	［トロピカルバスケットコーデ］有栖川おとめ
SD50-005	［スターライト学園制服］北大路さくら
SD50-006	［ブルーミングコーデ］北大路さくら
SD50-007	［スターライト学園制服］一ノ瀬かえで
SD50-008	［ピエロカーニバルコーデ］一ノ瀬かえで
SD50-009	［スターライト学園制服］紫吹 蘭
SD50-010	［ローズボンボンコーデ］紫吹 蘭
SD50-011	［スターライト学園制服］星宮いちご
SD50-012	［スターライト学園制服］藤堂ユリカ
SD50-013	［ゴスマジックコーデ］藤堂ユリカ
SD50-014	［スターライト学園制服］神崎美月
SD50-X01	［オーロラキスコーデ］星宮いちご
SD50-X02	［ロイヤルムーンコーデ］神崎美月
SD50-CP01	ジョニー別府
SD50-CP02	光石織姫
SD50-CP03	アイドル活動！
SD50-CP04	Signalize!
SD50-CP05	カレンダーガール
SD51-001	ゴッドシーカー 超星使徒ペルディータ
SD51-002	煌星第三使徒ガニメデ
SD51-003	白き超星使徒ホワイトヴルム
SD51-004	超星使徒コーディリア
SD51-005	ゴッドシーカー 超星使徒タルボス
SD51-006	煌星第九使徒フェーベ
SD51-007	黒き超星使徒ブラックヴルム
SD51-008	神星ラニアケア
SD51-009	ノヴァドロー
SD51-010	ソウルクランチ
SD51-X01	超神星龍ジークヴルム・ノヴァX
SD51-X02	滅神星龍ダークヴルム・ノヴァX
SD51-X03	超星使徒スピッツァードラゴン
SD51-CP01	ヴィオレ魔ゐ -魔族side-
SD52-001	スカイグラスパー
SD52-002	デュエルガンダム
SD52-003	ブリッツガンダム
SD52-004	ストライクガンダム［ディアクティブモード］
SD52-005	ストライクガンダム
SD52-006	エールストライクガンダム
SD52-007	ソードストライクガンダム
SD52-008	ランチャーストライクガンダム
SD52-009	イージスガンダム
SD52-010	バスターガンダム
SD52-011	アスラン・ザラ
SD52-012	キラ・ヤマト
SD52-013	ハロ
SD52-014	アークエンジェル
SD52-015	あなたを守るから
SD52-016	舞い降りる剣
SD52-X01	ジャスティスガンダム
SD52-X02	フリーダムガンダム
SD53-001	ガンダムキュリオス
SD53-002	ガンダムヴァーチェ
SD53-003	ガンダムデュナメス
SD53-004	ガンダムナドレ
SD53-005	ガンダムキュリオス［トランザム］
SD53-006	ガンダムヴァーチェ［トランザム］
SD53-007	ガンダムデュナメス［トランザム］
SD53-008	アレルヤ・ハプティズム
SD53-009	刹那・F・セイエイ
SD53-010	ティエリア・アーデ
SD53-011	ロックオン・ストラトス［ニール・ディランディ］
SD53-012	GNアームズ TYPE-E
SD53-013	ハロ
SD53-014	プトレマイオス
SD53-015	トマラナイ
SD53-016	私たちはソレスタルビーイング
SD53-X01	ガンダムエクシア
SD53-X02	ガンダムエクシア［トランザム］
SD54-001	ロト
SD54-002	ギラ・ズール
SD54-003	スタークジェガン
SD54-004	ジェガン
SD54-005	リゼル
SD54-006	デルタプラス
SD54-007	ユニコーンガンダム［ユニコーンモード］
SD54-008	ユニコーンガンダム2号機バンシィ［ユニコーンモード］
SD54-009	クシャトリヤ
SD54-010	バナージ・リンクス
SD54-011	マリーダ・クルス
SD54-012	ハロ
SD54-013	ガランシェール
SD54-014	ネェル・アーガマ［UC］
SD54-015	宇宙世紀憲章
SD54-016	ビーム・マグナム
SD54-X01	ユニコーンガンダム［デストロイモード］
SD54-X02	ユニコーンガンダム2号機バンシィ［デストロイモード］
SD55-001	ゴッドシーカー ロロドラ
SD55-002	道化竜メルトドラゴン
SD55-003	道化竜ドヴェルグドラゴン
SD55-004	道化竜ドラゴ・フランケリー
SD55-005	道化竜ポルドラ＆カスタードラ
SD55-006	時砂の龍子サンドラグラス
SD55-007	道化竜トリックスタードラゴン
SD55-008	道化竜ギンガードラゴン
SD55-009	道化竜フール・ジョーカードラゴン
SD55-010	百識の書架渓谷／百識の主ウィズダンブール
SD55-011	新しき世界／風雅龍エレア・ラグーン
SD55-012	クリメイションフレイム
SD55-013	フォースブライトドロー
SD55-TX01	時空龍クロノ・ドラゴン／時空龍皇クロノバース・ドラグーン
SD55-X01	放浪の創界神ロロ
SD56-001	無頼漢オニ・ドラゴン／無頼武者オニ・ドラゴン
SD56-002	はなさかドラゴン
SD56-003	海皇龍シーマ・クリークII／竜宮城
SD56-RV001	オードラン
SD56-RV002	ドス・モンキ
SD56-RV003	ワン・ケンゴー
SD56-RV004	皇牙獣キンタローグ・ベアー
SD56-RV005	キジ・トリア
SD56-RV006	英雄皇の神剣
SD56-RV007	英雄皇の御盾
SD56-RV008	覇王爆炎撃
SD56-RV009	絶甲氷盾
SD56-RV010	甲竜封絶破
SD56-TX01	英雄龍ロード・ドラゴンX／爆炎の覇王ロード・ドラゴン・バゼルX
SD56-X01	超覇王ロード・ドラゴン・セイバーX
SD56-X02	爆氷の覇王ロード・ドラゴン・グレイザーX
SD56-CP01	覇王 陽昇 ハジメ
SD57-001	ロクテンヘイ
SD57-002	ロクテンハヤブサ
SD57-003	ロクテンヘッド
SD57-004	ロクテン・コンジュラー
SD57-005	天魔王ウェポンズ
SD57-006	オワリノ世界／天魔王ゴッド・ゼクス -焉ノ型-
SD57-RV001	天魔王ゴッド・ゼクス -零ノ型-
SD57-RV002	犀ボーグ
SD57-RV003	ギュウキ
SD57-RV004	天魔王降臨
SD57-RV005	魔王刃
SD57-TX01	天魔王ゴッド・ゼクス -地ノ型-／天魔王ゴッド・ゼクス -天ノ型-
SD57-X01	クィーン・お市
SD57-X02	天魔王ゴッド・ゼクス -影ノ型-
SD57-CP01	天魔 信長
SD58-001	［スクールバンド］ローリア・シープス
SD58-002	［スクールバンド］ラビィ・ダーリン「Ba」
SD58-003	［スクールバンド］ジャンヌ・ドラニエス「Dr」
SD58-004	［スクールバンド］フォンニーナ「Dr」
SD58-005	［スクールバンド］グリーフィア・ダルク「Key」
SD58-006	［スクールバンド］ネイ・ランテイル「Ba」
SD58-007	［スクールバンド］ジャコミーナ・キット「Gt」
SD58-008	［スクールバンド］リアス・ウロヴォルン「Ba」
SD58-009	［スクールバンド］スピニア・スコール「Vo/Gt」
SD58-010	［スクールバンド］セイクレア・メトゥーム「Vo/Gt」
SD58-011	［スクールバンド］リオル・ティーダ「Vo/Gt」
SD58-012	［スクールバンド］モモ・ギュウモンジェ「Gt」
SD58-013	開演！ スクールバンド「Vo/Gt/Key/Ba/Dr」
SD58-014	ピックシュート「Gt」
SD58-015	スパイラルスティック「Dr」
SD58-X01	［スクールバンド］レイ・オーバ「Vo/Gt」
SD58-X02	［スクールバンド］ディアナ・フルール「Key」
SD58-X03	［スクールバンド］ノア・フルール「Vo/Gt」
SD58-CP01	プロデューサーアレックス
SD59-001	キャメロット・クイーン
SD59-002	竜騎士ハルヴァーディス／竜騎士ハルヴァーディス -竜化絶晶-
SD59-003	竜騎士グロスマッド
SD59-004	竜騎士専用ワイバーン／竜騎士リヴァルジード
SD59-005	カクメイミラージュ
SD59-006	キャメロットアライブ
SD59-007	ドラグーンドライブ
SD59-RV001	闇騎士ガヘリス
SD59-RV002	闇騎士ラモラック
SD59-RV003	闇騎士ボールス
SD59-RV004	闇騎士ガウェイン
SD59-RV005	黄昏のキャメロット城
SD59-X01	聖杯の闇騎士ギャラハッド
SD59-TX01	竜騎士ソーディアス・ドラグーン／竜騎士王ソーディアス・ドラグーン・ケーニヒ
SD59-CP01	モーブ学園制服ガレット・レヴォ
SD60-001	ハーミット・ポーン
SD60-002	冥機士グングニル
SD60-003	竜魔法の隠者騎士レジェリス
SD60-004	戦車合体コンドル
SD60-005	戦車合体ティーガーMk-I
SD60-006	戦車合体プーマ
SD60-007	冥機士グングニル -魔槍モード-
SD60-008	ナイトミラージュ
SD60-009	ハーミットラッシュ
SD60-010	パンツァーオーラ
SD60-RV001	ナイト・ブレイドラ
SD60-RV002	ボーン・ダイル
SD60-RV003	龍の聖剣
SD60-X01	冥神機ヤヴン・ハール
SD60-TX01	冥騎皇ドラゴニック・アーサー／翼神機グラン・ウォーデン・ツヴァイ
SD60-CP01	ガレット・レヴォ［バトルスピリッツミラージュ］
SD61-001	サポートロボ L.I.F.
SD61-002	神機レーヴァテインX
SD61-003	光盾神機ヒャールムベリ
SD61-004	戦乙女機ゲルヒルデ
SD61-005	王神機アルダフェズル
SD61-006	蝶神機グラプスヴィズ
SD61-007	紅炎の戦乙女機ブリュンヒルデ
SD61-008	ガードミラージュ
SD61-009	ロマンシアドリーム
SD61-010	ヴァルハラウォール
SD61-RV001	秩序戦艦バチマン・ド・ゲール
SD61-RV002	秩序軍神グレイス・オーダー
SD61-X01	鎧神機ヴァルハランスX
SD61-TX01	鉄騎皇イグドラシルX／終焉の騎神ラグナ・ロックX
SD61-CP01	百瀬 勇貴［バトルスピリッツミラージュ］
SD62-001	エヴァンゲリオン 正規実用型 2号機 -状況終了-
SD62-002	エヴァンゲリオン 正規実用型 2号機 -S型装備-
SD62-003	エヴァンゲリオン 正規実用型 2号機
SD62-004	エヴァンゲリオン 試験初号機 -リフトオフ-
SD62-005	エヴァンゲリオン 試験初号機 -プログレッシブナイフ-
SD62-006	エヴァンゲリオン 局地仕様 仮設5号機
SD62-007	エヴァンゲリオン 試作零号機 -凍結中-
SD62-008	エヴァンゲリオン 試作零号機 -ヤシマ作戦-
SD62-009	エヴァンゲリオン 試作零号機（改）
SD62-010	真希波・マリ・イラストリアス
SD62-011	式波・アスカ・ラングレー
SD62-012	碇シンジ
SD62-013	綾波レイ
SD62-014	特務機関NERV
SD62-015	人類補完計画
SD62-016	A.T.フィールド全開！
SD62-X01	エヴァンゲリオン 試験初号機
SD62-TX01	エヴァンゲリオン 試験初号機 -決意の出撃-／エヴァンゲリオン 試験初号機 疑似シン化第1覚醒形態
SD62-CP01	葛城ミサト
SD63-001	天照武者イグナイト・ドラゴン
SD63-002	天照覇龍エクスプロード・ドラゴン
SD63-003	天照機巧・五誓君アマツ・ヒコネ
SD63-004	天照機巧・五誓君クマノ・クスビ
SD63-RV001	凍れる火山
SD63-X01	天照龍公ダイナスティ・ドラゴン
SD63-TX01	翼神機巧グラン・ウォーデン・ツヴァイ／天照騎皇ドラゴニック・アーサー
SD63-CP01	創界神ガレット＆ヴァルト
SD63-TCP01	塔神機兵ソリドゥス・ゴレム／帝王機龍ダイナスティ・ドラゴン
SD63-TCP02	ワールドミラージュ／オラクル二十一柱 XXI ザ・ワールド
SD64-001	リューマン・ポラリス
SD64-002	リューマン・メディーバル
SD64-003	トリニティスター
SD64-RV001	ファイザード
SD64-RV002	ムゲンドラ
SD64-RV003	エッジ・ウルフ
SD64-RV004	ムゲンドラゴン
SD64-RV005	アイゼンドラゴン
SD64-RV006	ムゲンドラゴン・ノヴァ
SD64-RV007	赤き黎明の空
SD64-RV008	狩る者の集落
SD64-RV009	ネオ・ダブルドロー
SD64-RV010	フレイムスパーク
SD64-CX01	ムゲン
SD64-X01	ムゲンドラゴン・ザ・ファーストスター
SD64-CP01	アルティメット・ムゲンドラゴン
SD65-001	獄炎伯ザン・ジヴァル
SD65-002	獄土伯グレイ・チュード
SD65-003	四魔卿を統べる者ロード・ジャバド
SD65-004	獄風伯ヌーヴェル・ヴァーグ
SD65-005	獄海伯イラ・リーヴァ
SD65-006	辺獄の四塔
SD65-RV001	バーゴイル
SD65-RV002	イビルドロー
SD65-RV003	イビルフレイム
SD65-CX01	相棒魔卿ジャバド
SD65-X01	獄炎の四魔卿ブラム・ザッファーグ
SD65-X02	獄土の四魔卿マグナザッパー
SD65-X03	獄風の四魔卿ヴァン＝トゥース
SD65-X04	獄海の四魔卿イル・デザール
SD65-RVX01	次代機獣ブリザ・ライガ
SD66-001	ゴラドン15th
SD66-002	タウロスナイト15th
SD66-003	スケルトン・ジョウ15th
SD66-004	頂天恐龍ジュラシックル・ゼニス
SD66-005	頂天竜魔人マ・グー・ゼニス
SD66-006	要塞龍ギガ15th
SD66-007	頂きの景色
SD66-008	15の赤輝石
SD66-009	ニューダブルドロー
SD66-RV001	ダークゴラドン
SD66-RV002	ディノハウンド
SD66-RV003	ダークディノハウンド
SD66-RV004	クロスファイア
SD66-RV005	セブンスクリムゾン
SD66-CX01	テッペンバディ アイボウ
SD66-X01	頂天龍皇ジークフリード・ゼニス
SD66-CP01	突破刀バトル・セイヴァー
SD67-001	アルティメット・ベルゼビート・エクエス
SD67-002	アルティメット・ムゲンドラ
SD67-003	アルティメット・オーディーン・ストライカー
SD67-004	アルティメット・リーン・マキナ
SD67-005	アルティメット・ムゲンドラゴン・コズモ
SD67-006	デブリ岩礁
SD67-007	宇宙ステーション・キラボシ
SD67-008	アルティメットクロススラッシュ
SD67-RV001	冥騎獅アロケイン
SD67-RV002	ヴァルト・イエーガー
SD67-RV003	ディフェンザード
SD67-RV004	レイキ
SD67-RV005	戦馬ブケファロス
SD67-RV006	ネオ・フレイムテンペスト
SD67-CX01	スターバディ ムゲン
SD67-X01	アルティメット・ムゲンドラゴン・マックスター
SD67-CP01	アルティメット・ジークフリード
SD68-001	太陽竜ドラゴ・ゾーレ
SD68-002	トライブ・スタードラゴン
SD68-003	フォーク・スタードラゴン
SD68-004	烈星龍ゾン・バルファード
SD68-005	スタードラゴンドロー
SD68-006	スターダストフレイム
SD68-007	暗黒の塔
SD68-RV001	彗星竜サングレーザー
SD68-RV002	ホワイトホール・ドラゴン
SD68-RV003	太陽皇ヘリオスフィア・ドラゴン
SD68-RV004	エクリプス・ドラゴン
SD68-CX01	炎輪の契約神アポローン
SD68-X01	太陽の締皇龍アポロニア・ヴァーン
SD68-RVX01	太陽神星龍アポロヴルム
SD69-001	撃古竜バーヴァナー
SD69-002	采古竜タットヴァ
SD69-003	聖仙龍マ・プラハ -人態-
SD69-004	仙龍マ・ディガ -人態-
SD69-005	六剣輪宝
SD69-006	アバタークリエイト
SD69-RV001	宮殿龍タージドラゴン
SD69-RV002	聖仙龍マ・リーチ -人態-
SD69-CX01	創聖の契約神ブラフマー
SD69-X01	創聖天龍ジェネレイタードラゴン・シュルティ
SD69-X02	聖蓮神杵アタルヴァ・ヴェーダ
SD69-RVX01	創聖神龍ジェネレイタードラゴン・ゼロ
SD69-RVX02	三龍宝剣 エンシェントキャリバー
SD69-T001	リグ・アバタードラゴン
SD70-001	オルフェウス
SD70-002	［月光館学園制服］岳羽 ゆかり
SD70-003	［S.E.E.S.制式戦闘服］岳羽 ゆかり
SD70-004	イオ
SD70-005	イシス
SD70-006	［月光館学園制服］伊織 順平
SD70-007	［S.E.E.S.制式戦闘服］伊織 順平
SD70-008	ヘルメス
SD70-009	トリスメギストス
SD70-010	［月光館学園制服］山岸 風花
SD70-011	［S.E.E.S.制式戦闘服］山岸 風花
SD70-012	アギ
SD70-CX01	［S.E.E.S.制式戦闘服］主人公
SD70-X01	［死神］タナトス
26RSD01-001	ムーシャッコ
26RSD01-002	ゲン＝ボー
26RSD01-003	ロワミーク
26RSD01-004	ハーリア
26RSD01-005	グン＝ガタ
26RSD01-006	キュペル
26RSD01-007	グライファー
26RSD01-008	セルタリウス
26RSD01-009	飛傑レウファルス
26RSD01-010	最奥：風牙岩
26RSD01-011	浮遊岩域
26RSD01-012	ブレイククロー
26RSD01-013	オフェリングドロー
26RSD01-014	フレイムハリケーン
26RSD01-X01	飛赫レンシス
26RSD01-X02	飛剛アクライ
26RSD02-001	スクルース
26RSD02-002	フィラルバ
26RSD02-003	メディチ・キャタリー
26RSD02-004	ガルシス
26RSD02-005	ブギールガー
26RSD02-006	ラム・トーカー
26RSD02-007	ラミーカ女史
26RSD02-008	オーグル
26RSD02-009	最奥：血醒連峰
26RSD02-010	紫枯れ領
26RSD02-011	ダークハング
26RSD02-012	ブラッドシップ
26RSD02-013	レイニーポイズン
26RSD02-014	ソウルバイト
26RSD02-X01	ネフィラー婦長
26RSD02-X02	ペリゴルージュ帝
26RSD03-001	フラッティ
26RSD03-002	パッファー
26RSD03-003	ラスヘッド
26RSD03-004	ストラレイ
26RSD03-005	モラモーラ
26RSD03-006	海幻コエラ＝カンサス
26RSD03-007	ガリザロト
26RSD03-008	重顎ドロゴリアス
26RSD03-009	透笠オリンディアス
26RSD03-010	最奥：緑淵深
26RSD03-011	水泡群域
26RSD03-012	ハンドモルト
26RSD03-013	ボルテクスシェイブ
26RSD03-014	テンタクルアタック
26RSD03-X01	甲手スクィード
26RSD03-X02	深巣ダンテクレオ
26RSD04-001	アトゥン
26RSD04-002	ノンリル
26RSD04-003	アーシヌス
26RSD04-004	重爪フォークロアー
26RSD04-005	チムニルガ
26RSD04-006	ダビティ
26RSD04-007	ジャンクス
26RSD04-008	豪腕アナトマ
26RSD04-009	石切平原
26RSD04-010	最奥：白天平
26RSD04-011	立石円陣
26RSD04-012	ロックドリリング
26RSD04-013	ドリームローター
26RSD04-014	ディフェンシブゲート
26RSD04-X01	陸舟マテンダー
26RSD04-X02	真門官サヴァトマ
26RSD05-001	クイール
26RSD05-002	アマール
26RSD05-003	ラニラヤ
26RSD05-004	ディヴァエス
26RSD05-005	ルクアンス
26RSD05-006	セマローグ
26RSD05-007	雷探ペルボーグ
26RSD05-008	雷天拳ウィーギル
26RSD05-009	雷坑道
26RSD05-010	最奥：大雷山嶺
26RSD05-011	ファイアピラー
26RSD05-012	リバースサンダー
26RSD05-013	ネストリング
26RSD05-014	トリプルサンダー
26RSD05-X01	雷噴ペールクアール
26RSD05-X02	雷術ルクーナス
26RSD06-001	ナウサ
26RSD06-002	ディアトラ
26RSD06-003	メルラク
26RSD06-004	ライセロス
26RSD06-005	スロウス
26RSD06-006	スヴァリス
26RSD06-007	アルマリト
26RSD06-008	樹影フェリオ
26RSD06-009	雲霧森林
26RSD06-010	最奥：極大樹
26RSD06-011	砲森弾林
26RSD06-012	フィーディングドロー
26RSD06-013	ステムランス
26RSD06-014	フルストマック
26RSD06-X01	盾角ギガンテリオン
26RSD06-X02	極樹エレファス
26RSD07-001	司令官ゼロ
26RSD07-002	仮面ライダーゼッツ フィジカムインパクト
26RSD07-003	仮面ライダーゼッツ フィジカムウイング
26RSD07-004	仮面ライダーゼッツ フィジカムトランスフォーム
26RSD07-005	仮面ライダーゼッツ テクノロムストリーム
26RSD07-006	仮面ライダーゼッツ テクノロムマシーナリー
26RSD07-007	仮面ライダーゼッツ エスプリムリカバリー
26RSD07-008	仮面ライダーゼッツ エスプリムバリア
26RSD07-009	仮面ライダーゼッツ パラダイムグラビティ
26RSD07-010	仮面ライダーゼッツ パラダイムワンダー
26RSD07-011	コードゼロイダー
26RSD07-012	カプセムドロッパー
26RSD07-013	カタストロム・クラッシャー
26RSD07-014	ブレイカムスラッシュ
26RSD07-X01	仮面ライダーゼッツ カタストロム
26RSD07-X02	仮面ライダーゼッツ オルデルム
26RSD08-001	アマールナ
26RSD08-002	［凶神オリジン］カオリ・ペガサロス
26RSD08-003	［銀猫オリジン］ジャコミーナ・キット
26RSD08-004	［七星オリジン］ホクト・アポロニア
26RSD08-005	ルクシア・ランス
26RSD08-006	［大天オリジン］ララファ・エル
26RSD08-007	［断罪オリジン］ジャンヌ・ドラニエス
26RSD08-008	［黒皇オリジン］グリーフィア・ダルク
26RSD08-009	［闇龍オリジン］ティアラ・ノーザウラン
26RSD08-010	イエローライズステージ
26RSD08-011	イエローライズ：ソーディアン公演
26RSD08-012	エンジェリックフェザーソング
26RSD08-013	トワイライトファンタジアソング
26RSD08-014	シャイニングソードソング
26RSD08-X01	［巨雷オリジン］ゼーロティア
26RSD08-X02	［輝きオリジン］レイ・オーバ
BSC05-001	ソウルホース
BSC05-002	魔術師ドラゴナーガ
BSC05-003	冥獅士マルバレオン
BSC05-004	森林のセッコーキジ
BSC05-005	火縄ザル
BSC05-006	武神獣タイガード・シンゲン
BSC05-007	イグア・バギー
BSC05-008	移動砲獣グリプドン
BSC05-009	竜機合神ソードランダー
BSC05-010	イーズナ
BSC05-011	電精ビリット
BSC05-012	雷の獣ライジュール
BSC05-013	黒翼竜バーン・クロウ
BSC05-014	刃狼ベオ・ウルフ
BSC05-015	獣装甲メガバイソン
BSC05-016	天角獣バイコーン
BSC05-017	古の魔王城
BSC05-018	動かざる山の本陣
BSC05-019	絶望壁の要塞
BSC05-020	星空の冠
BSC05-021	グリムリーパー
BSC05-022	グリーディコア
BSC05-023	グラストラップ
BSC05-024	ラピッドウィンド
BSC05-025	マジックブースト
BSC05-026	ミラージュコート
BSC05-027	エレキトリック
BSC05-028	サンダーブランチ
BSC15-001	リューマン・ハマー
BSC15-002	ゴズデーモン
BSC15-003	サトリデーモン
BSC15-004	ハナノマンティス
BSC15-005	ソーグリズリー
BSC15-006	ヘヴィ・タンクモービルT-35
BSC15-007	トルマリンドラグーン
BSC15-008	ネメアーリオン
BSC15-009	天使デルエル
BSC15-010	ブリガン・ゴレム
BSC15-011	フリゲート・ゴレム
BSC15-012	フレイムバースト
BSC15-013	デスバースト
BSC15-014	バーストバリア
BSC15-015	レゾナンスバースト
BSC15-X01	リューマン・ゴッドブレイカー
BSC16-001	ラン・ブレイセア
BSC16-002	［スマイルガール］ラン・ブレイセア
BSC16-003	ラビィ・ダーリン
BSC16-004	［プリティーガール］ラビィ・ダーリン
BSC16-005	サヤ・シャイン
BSC16-006	［純白の乙女］サヤ・シャイン
BSC16-007	セイナ・リューミン
BSC16-008	［烈の女王］セイナ・リューミン
BSC16-009	ノア・フルール
BSC16-010	ヒルダ・マーガレット
BSC16-011	［パペットアイドル］ヒルダ・マーガレット
BSC16-012	デリス・ペルティオ
BSC16-013	［アイドル七将］デリス・ペルティオ
BSC16-014	ミリア・サンデー
BSC16-015	［アイドル三巨頭］ミリア・サンデー
BSC16-016	フォンニーナ
BSC16-017	［情熱ダンサー］フォンニーナ
BSC16-018	リーファ・シアーズ
BSC16-019	［森羅の歌い手］リーファ・シアーズ
BSC16-020	オルティーナ・クラン
BSC16-021	［白き翼］オルティーナ・クラン
BSC16-022	リューネ・マト
BSC16-023	ペンタン大好きラクェル
BSC16-024	プリム・アンジュ
BSC16-025	休日のアーシア
BSC16-026	歌姫エンジュ
BSC16-027	歌姫アヴリエル
BSC16-028	歌姫カトレア
BSC16-029	歌姫ヴィエルジェ
BSC16-030	ゴールデンウィングマイク
BSC16-031	きぐるみペンタン
BSC16-032	ソロウィング
BSC16-033	ディーバの休日
BSC16-034	ディーバステージ
BSC16-035	ファン感謝祭
BSC16-036	ツインパフォーマンス
BSC16-037	スイートハート
BSC16-038	ディーバメドレー
BSC16-039	ハードビート
BSC16-X01	［超神星アイドル］ノア・フルール
BSC16-X02	［歌の姫巫女］リューネ・マト
BSC16-X03	歌姫トリックスター
BSC17-001	アルティメット・ブレイドラ
BSC17-002	アルティメット・ソードマスター・ドラゴン
BSC17-003	アルティメット・ソウルホース
BSC17-004	アルティメット・ドン・ディエゴッド
BSC17-005	アルティメット・セッコーキジ
BSC17-006	アルティメット・グラント・ベンケイ
BSC17-007	アルティメット・イグア・バギー
BSC17-008	アルティメット・サンク・シャイン
BSC17-009	究極元帥アルティメット・レイ・ザウラー
BSC17-010	アルティメット・ヒポグリフィー
BSC17-011	アルティメット・タマモノイン
BSC17-012	アルティメット・シー・サーペンダー
BSC17-013	アルティメット・ゴルディアス
BSC17-014	アルティメット・オライオン
BSC17-X01	究極の爆炎アルティメット・バゼル
BSC17-X02	骸皇アルティメット・ギ・ガッシャ
BSC17-X03	アルティメット・オニクワガー
BSC17-X04	アルティメット・トリックスター
BSC18-001	［オレンジスマイル］ラン・ブレイセア
BSC18-002	［グリーンバンビーナ］ラビィ・ダーリン
BSC18-003	［グレーエンジェル］サヤ・シャイン
BSC18-004	ローラ・ビャクラン
BSC18-005	［パープルタイガー］ローラ・ビャクラン
BSC18-006	ポロン・サジータ
BSC18-007	［トライセーラー］デリス・ペルティオ
BSC18-008	［イノセントウェーブ］ミリア・サンデー
BSC18-009	［スプラッシュダンサー］フォンニーナ
BSC18-010	ローズ・ベリィ
BSC18-011	［アイドルクィーン］ローズ・ベリィ
BSC18-012	ガーネット・ルーティ
BSC18-013	［薫風の舞姫］ガーネット・ルーティ
BSC18-014	レオナ・ライクブーム
BSC18-015	［はにかみライオン］レオナ・ライクブーム
BSC18-016	ウェンディ・ケイト
BSC18-017	［パワフルドッグ］ウェンディ・ケイト
BSC18-018	ダイヤ・ルーン
BSC18-019	［レディークロコダイル］ダイヤ・ルーン
BSC18-020	セフィ・アリエス
BSC18-021	［もふもふひつじ］セフィ・アリエス
BSC18-022	シュウ
BSC18-023	［カウガール］シュウ
BSC18-024	キャシー・レイム
BSC18-025	［極北の女王］キャシー・レイム
BSC18-026	ネイ・ランテイル
BSC18-027	［黒曜石の乙女］ネイ・ランテイル
BSC18-028	ディアナ・フルール
BSC18-029	［木漏れ日の休日］セイナ・リューミン
BSC18-030	［闇夜の微風］セイナ・リューミン
BSC18-031	マイ・アスカ
BSC18-032	［幻の姫君］マイ・アスカ
BSC18-033	歌姫ロメーダ
BSC18-034	歌姫カノン
BSC18-035	［アルティメットスタイル］ラクェル
BSC18-036	サンタコスチューム
BSC18-037	ゴールデンウィングV
BSC18-038	ウェルカム トゥ ペンタンランド
BSC18-039	バックステージ
BSC18-040	ギャラクシーエキスポ
BSC18-041	コスチュームチェンジ
BSC18-042	ヒーリングメロディ
BSC18-043	いたずらエンジェル
BSC18-044	キュート×キュート
BSC18-045	ディーバシンフォニー
BSC18-X01	［クリムゾンシューター］ポロン・サジータ
BSC18-X02	［漆黒の女神］ディアナ・フルール
BSC18-X03	［トップアイドル］トリックスター
BSC19-001	デストロイア（幼体）
BSC19-002	エビラ［2004］
BSC19-003	ミニラ［2004］
BSC19-004	アンギラス［2004］
BSC19-005	リトルゴジラ
BSC19-006	婆羅護吽
BSC19-007	ドラット
BSC19-008	ラドン［2004］
BSC19-009	モンスターX
BSC19-010	ガイガン［2004］
BSC19-011	ゴジラジュニア
BSC19-012	デストロイア（集合体）
BSC19-013	ファイヤーラドン
BSC19-014	千年竜王・魏怒羅
BSC19-015	カイザーギドラ
BSC19-016	オルガ
BSC19-017	妖精モスラ
BSC19-018	カマキラス［2004］
BSC19-019	モスラ（幼虫）［1992］
BSC19-020	キングシーサー［2004］
BSC19-021	メガギラス
BSC19-022	ビオランテ（花獣形態）
BSC19-023	最珠羅
BSC19-024	ビオランテ（植獣形態）
BSC19-025	鎧モスラ
BSC19-026	バトラ（幼虫）
BSC19-027	バトラ
BSC19-028	ランドモゲラー
BSC19-029	スターファルコン
BSC19-030	スーパーXIII
BSC19-031	MOGERA
BSC19-032	メカゴジラ［1974］
BSC19-033	ジェット・ジャガー［1973］
BSC19-034	新轟天号
BSC19-035	メカゴジラ［1993］
BSC19-036	改造ガイガン［2004］
BSC19-037	3式機龍
BSC19-038	メカキングギドラ
BSC19-039	ガルーダ
BSC19-040	結晶地帯
BSC19-041	妖星ゴラス
BSC19-042	目覚めの時
BSC19-043	インファント島
BSC19-044	メカゴジラ格納庫
BSC19-045	Gサミット
BSC19-046	引力光線
BSC19-047	オキシジェン・デストロイヤー
BSC19-048	モスラの羽化
BSC19-049	モスラの歌
BSC19-050	新都心崩壊
BSC19-051	3式絶対零度砲
BSC19-052	全武装攻撃
BSC19-X01	キングギドラ［1991］
BSC19-X02	スペースゴジラ
BSC19-X03	デストロイア（完全体）
BSC19-X04	モスラ［1992］
BSC19-X05	3式機龍〈改〉
BSC20-001	征矢龍ビョウハ
BSC20-002	炎神獣ホムラウルフ
BSC20-003	猛龍将ハグンドラゴン
BSC20-004	ボーン・ウィゼル
BSC20-005	蛇法師ズダ
BSC20-006	妖術師ムメイ
BSC20-007	風魔アマツバ
BSC20-008	異牙忍タチカゼウルフ
BSC20-009	甲蛾忍トビカゲ
BSC20-010	機巧獣ショウジョウ
BSC20-011	機巧武者ザンテツ
BSC20-012	機巧武者シラヌイ
BSC20-013	機巧獣ヨロイファント
BSC20-014	フーリン
BSC20-015	戦国姫 餡子
BSC20-016	ツキウサギ
BSC20-017	イヌガミ
BSC20-018	青剣明王
BSC20-019	青碧のミツマタオロチ
BSC20-020	刀将鎧アシュ・ライオン
BSC20-021	鎧鷹スイラン・ホーク
BSC20-022	翠遁之術
BSC20-X01	戦国金龍ラゴウ
BSC20-X02	鬼神バサラ
BSC20-X03	蒼炎明王アグニアス
BSC21-001	剣聖幽鬼イーグレン
BSC21-002	機巧剣聖リョウダンオウ
BSC21-003	剣聖明王シュラ
BSC21-004	獅子王
BSC21-005	妖刀ムラサメ
BSC21-006	蛍丸
BSC21-007	風翼刀ドウジキリ
BSC21-008	一期一振
BSC21-009	姫鶴一文字
BSC21-010	雷命刀ミカヅキ
BSC21-011	大倶梨伽羅
BSC21-012	水覇刀ジュズマル
BSC21-X01	剣聖武龍ミツルギ・ドラゴン
BSC21-X02	剣聖武将カイドウ ツノシゲ
BSC21-X03	剣聖姫ツル
BSC21-X04	地神刀オオテンタ
BSC22-001	ゴラドン
BSC22-002	ロクケラトプス
BSC22-003	テラノセイバー
BSC22-004	ドラグノ偵察兵
BSC22-005	アイバーン
BSC22-006	メラット
BSC22-007	ハンマドレイク
BSC22-008	メタルバーン
BSC22-009	ヴォルク・バブーン
BSC22-010	チャクラムバット
BSC22-011	ドラグサウルス
BSC22-012	トライソードン
BSC22-013	タウロスナイト
BSC22-014	ドラグノ祈祷師
BSC22-015	スピノアックス
BSC22-016	スケルトン・ジョウ
BSC22-017	ランスラプトル
BSC22-018	リザードマン
BSC22-019	ジュラシックル
BSC22-020	翼刃竜スティラノドン
BSC22-021	焔竜魔人マ・グー
BSC22-022	大鎌フール・ジョーカー
BSC22-023	原始鳥フェニキオス
BSC22-024	晶輝龍ディアマット
BSC22-025	要塞龍ギガ
BSC22-026	フォッガー
BSC22-027	ウィル・オーブ
BSC22-028	スカルデビル
BSC22-029	リブ・リーパー
BSC22-030	グリプ・ハンズ
BSC22-031	デス・ハーデス
BSC22-032	ガウルム
BSC22-033	ディザスター
BSC22-034	バイ・パイソン
BSC22-035	ボーン・グラディエイター
BSC22-036	シャ・ズー
BSC22-037	イリュージョナ
BSC22-038	スケル・バイパー
BSC22-039	怪人ディオネマン
BSC22-040	ダークウィッチ
BSC22-041	コブライガ
BSC22-042	ミストウィゼル
BSC22-043	ドラキュリウス
BSC22-044	牛霊スモゥグ
BSC22-045	切り裂きヘディレス
BSC22-046	幻龍シェイロン
BSC22-047	魔女ナージャ
BSC22-048	吸血姫ヴァンピレス
BSC22-049	幽騎士ナイトライダー
BSC22-050	ビートビートル
BSC22-051	フライングミラージュ
BSC22-052	ペリリィフ
BSC22-053	リーヴォルフ
BSC22-054	ショックイーター
BSC22-055	エメアント
BSC22-056	マッチュラ
BSC22-057	グラーバ
BSC22-058	ヘラクレス・ジオ
BSC22-059	シダフクロウ
BSC22-060	イーグラス
BSC22-061	エイプウィップ
BSC22-062	ハングリートゥリー
BSC22-063	エメラルドシーザー
BSC22-064	ジガ・ワスプ
BSC22-065	キリカブト
BSC22-066	スタッグローブ
BSC22-067	スワロウアイヴィー
BSC22-068	風虎ティガルド
BSC22-069	征空の翼アクィリーズ
BSC22-070	月甲モノケイロス
BSC22-071	爆進獣ブランボアー
BSC22-072	ガウシルヴィア
BSC22-073	極彩鳥ヴァルペルチャー
BSC22-074	バーサーカー・ガン
BSC22-075	アイスメイデン
BSC22-076	レイ・ブレット
BSC22-077	ベビー・ロキ
BSC22-078	姫械マーニ
BSC22-079	レインボウパピヨン
BSC22-080	フェンリルキャノン
BSC22-081	銀燐竜ニーズホッグ
BSC22-082	ウル・ディーネ
BSC22-083	ラビクリスタ
BSC22-084	ガトリングスタンド
BSC22-085	エレファンタイト
BSC22-086	クイーン・ワルキューレ
BSC22-087	メタルディー・バグ
BSC22-088	タワーミットクラブ
BSC22-089	デュアルキャノン・ベル
BSC22-090	ヘル・ブリンディ
BSC22-091	機人ラグーナ
BSC22-092	空母鯨モビルフロウ
BSC22-093	甲精ディース
BSC22-094	グラン・ドルバルカン
BSC22-095	鎧装獣ベア・ゲルミル
BSC22-096	妖機妃ソール
BSC22-097	飛龍ヴァルキュリウス
BSC22-098	燃えさかる戦場
BSC22-099	百識の谷
BSC22-100	ルビーの太陽
BSC22-101	古龍の縄張り
BSC22-102	主無き古城
BSC22-103	命を吸う沼
BSC22-104	千本槍の古戦場
BSC22-105	魔帝の墓標
BSC22-106	隠されたる賢者の樹
BSC22-107	命の果実
BSC22-108	無限蟲の蟻塚
BSC22-109	風吹く丘陵
BSC22-110	時止まりの氷原
BSC22-111	ダイヤモンドの月
BSC22-112	千年雪の尖塔
BSC22-113	侵食されゆく銀世界
BSC22-114	バスタースピア
BSC22-115	アウェイクン
BSC22-116	オフェンシブオーラ
BSC22-117	ダブルドロー
BSC22-118	コールオブロスト
BSC22-119	バーストファイア
BSC22-120	バスターファランクス
BSC22-121	フレイムダンス
BSC22-122	フレイムテンペスト
BSC22-123	リターンドロー
BSC22-124	デッドリィバランス
BSC22-125	シャドウエリクサー
BSC22-126	キラーテレスコープ
BSC22-127	カオスドロー
BSC22-128	ポイズンシュート
BSC22-129	チェンジングコア
BSC22-130	ダークコフィン
BSC22-131	ワイルドパワー
BSC22-132	バインディングソーン
BSC22-133	パワーオーラ
BSC22-134	ギャザーフォース
BSC22-135	リレイションソウル
BSC22-136	ハンドリバース
BSC22-137	フェザーバリア
BSC22-138	バインディングウッズ
BSC22-139	ピュアエリクサー
BSC22-140	ディバインチェイン
BSC22-141	サイレントウォール
BSC22-142	ディフェンシブオーラ
BSC22-143	ドリームリボン
BSC22-144	ドリームチェスト
BSC22-145	ラークドライブ
BSC22-146	アタックシフト
BSC22-X01	龍皇ジークフリード
BSC22-X02	魔界七将デスペラード
BSC22-X03	キングタウロス大公
BSC22-X04	要塞皇オーディーン
BSC22-CP01	イビルオーラ
BSC22-CP02	ストームドロー
BSC22-CP03	インビジブルクローク
BSC23-001	［うさみみジャンプ］ラビィ・ダーリン
BSC23-002	［微笑み小町］ラン・ブレイセア
BSC23-003	［神星姫］ノア・フルール
BSC23-004	サイカ・ウンディーネ
BSC23-005	［蒼き歌姫］サイカ・ウンディーネ
BSC23-006	カサネ
BSC23-007	［いたずら子猫］カサネ
BSC23-008	ジークフリーダ
BSC23-009	［戦国龍姫］ジークフリーダ
BSC23-010	レイ・オーバ
BSC23-011	［人形姫］ヒルダ・マーガレット
BSC23-012	［黄金姫］ローズ・ベリィ
BSC23-013	キャンディ・サード
BSC23-014	［全力歌姫］キャンディ・サード
BSC23-015	モモ・ギュウモンジェ
BSC23-016	［猛烈歌姫］モモ・ギュウモンジェ
BSC23-017	［鉄壁女王］リゼ・クロムウェル
BSC23-018	［黒き女王］セイナ・リューミン
BSC23-019	［戦国乙女］ネイ・ランテイル
BSC23-020	レイヤ・クワトロ
BSC23-021	［宵闇の撫子］レイヤ・クワトロ
BSC23-022	ムドゥーニャ
BSC23-023	［戦国六姫］ムドゥーニャ
BSC23-024	ジャンヌ・ドラニエス
BSC23-025	［断罪の歌姫］ジャンヌ・ドラニエス
BSC23-026	［ふわふわ小姫］セフィ・アリエス
BSC23-027	［妖しき黒姫］ダイヤ・ルーン
BSC23-028	ムゥ
BSC23-029	［一番星アイドル］ムゥ
BSC23-030	アン
BSC23-031	［流星アイドル］アン
BSC23-032	ショコ
BSC23-033	［明星アイドル］ショコ
BSC23-034	［剣聖歌姫］ツル
BSC23-035	戦国姫 謡
BSC23-036	戦国姫 萌菜可
BSC23-037	戦国姫 由月
BSC23-038	［ペンタン祭り］ラクェル
BSC23-039	シャイニング・ガンタン
BSC23-040	［敏腕マネージャー］リリ
BSC23-041	きぐるみフーリン
BSC23-042	桜戦華の扇
BSC23-043	星華のかんざし
BSC23-044	戦国トロフィー
BSC23-045	戦国フェス メインステージ
BSC23-046	熱響のアブソリューツステージ
BSC23-047	夢幻のシャイニーハーツステージ
BSC23-048	夜想のトワイライトゴシックステージ
BSC23-049	溢れる奇跡
BSC23-050	ネバーアゲイン もう一度
BSC23-051	跪いて エブリワン
BSC23-052	戦乱魂歌
BSC23-X01	［輝き天女］レイ・オーバ
BSC23-X02	リゼ・クロムウェル
BSC23-X03	［戦国の女神］ディアナ・フルール
BSC23-X04	戦国姫 真姫奈
BSC23-X05	［戦国艶姫］ブラックスター
BSC23-CP01	七美の歌姫モモミン
BSC23-CP02	七代目最可愛将 孫市
BSC23-CP03	誠魂の戦乙女ミズノ
BSC24-001	友好珍獣ピグモン
BSC24-002	古代怪獣ツインテール
BSC24-003	カプセル怪獣アギラ
BSC24-004	宇宙大怪獣ベムスター
BSC24-005	超古代怪獣ゴルザ
BSC24-006	変身怪人ゼットン星人
BSC24-007	閻魔分身獣ゴーグファイヤーゴルザ
BSC24-008	用心棒怪獣ブラックキング
BSC24-009	閻魔分身獣ツルギデマーガ
BSC24-010	どくろ怪獣レッドキング
BSC24-011	宇宙恐竜ハイパーゼットン（イマーゴ）
BSC24-012	閻魔獣ザイゴーグ
BSC24-013	コイン怪獣カネゴン
BSC24-014	三面怪人ダダ
BSC24-015	亡霊怪獣シーボーズ
BSC24-016	幻覚宇宙人メトロン星人
BSC24-017	分身宇宙人ガッツ星人
BSC24-018	奇獣ガンQ
BSC24-019	閻魔分身獣ゴーグアントラー
BSC24-020	悪質宇宙人メフィラス星人
BSC24-021	炎魔戦士キリエロイド
BSC24-022	地獄星人ヒッポリト星人
BSC24-023	宇宙剣豪ザムシャー
BSC24-024	宇宙忍者バルタン星人ベーシカルバージョン
BSC24-025	うす怪獣モチロン
BSC24-026	カプセル怪獣ウインダム
BSC24-027	宇宙ロボットキングジョーブラック
BSC24-028	無双鉄神インペライザー
BSC24-029	電脳怪獣サイバーゴモラ
BSC24-030	ダークロプスゼロ
BSC24-031	宇宙ロボットキングジョー
BSC24-032	異次元超人エースキラー
BSC24-033	オイル怪獣タッコング
BSC24-034	超古代尖兵怪獣ゾイガー
BSC24-035	カプセル怪獣ミクラス
BSC24-036	棲星怪獣ジャミラ
BSC24-037	一角超獣バキシム
BSC24-038	暴君怪獣タイラント
BSC24-039	宇宙怪獣エレキング
BSC24-040	暗黒破壊神ダークザギ
BSC24-041	破壊された城
BSC24-042	科学特捜隊基地
BSC24-043	怪獣墓場
BSC24-044	狙われた街
BSC24-045	防衛センター急襲
BSC24-046	超古代遺跡ルルイエ
BSC24-047	一兆度の火球
BSC24-048	溶岩熱線
BSC24-049	ベリアルジェノサンダー
BSC24-050	バルタン星人の分身
BSC24-051	ペンシル爆弾
BSC24-052	電気ショック
BSC24-X01	古代怪獣ゴモラ
BSC24-X02	宇宙恐竜ゼットン
BSC24-X03	ウルトラマンベリアル
BSC24-X04	宇宙忍者バルタン星人
BSC24-X05	邪神ガタノゾーア
BSC25-001	モダニック・ドラゴン
BSC25-002	甲馬ペルシュロン
BSC25-003	丙の黒皇馬アンダルーシャ
BSC25-004	コリトザウラー
BSC25-005	ケラトザウラー
BSC25-006	ドラゴノイド・ファイア
BSC25-007	ドラゴノイド・ブリザード
BSC25-008	泰平龍ピースメーカー
BSC25-009	大戦龍ウォーモンガー
BSC25-010	丙の白皇馬リピッツナー
BSC25-011	蛇司祭ライノラ
BSC25-012	紫煙鰐
BSC25-013	骨門番エスクーダ
BSC25-014	骨門番ランケア
BSC25-015	聖魔デスペリア
BSC25-016	聖魔エスペランサ
BSC25-017	双璧武者シバタ・ガーディアン
BSC25-018	双璧武者サクマ・ガーディアン
BSC25-019	聖龍騎パラディウム
BSC25-020	暗黒龍騎ダークス
BSC25-021	疾走猫デボン
BSC25-022	クルマホッパー
BSC25-023	辛騎士アルバ・ゼピュロス
BSC25-024	辛騎士ブラスト・コンドル
BSC25-025	空の騎士ゴルド・フェザント
BSC25-026	空の騎士シルバ・クレイン
BSC25-027	疾走猫ソマリリィ
BSC25-028	疾走猫メインクー
BSC25-029	甲蛾忍ヒゲナガ
BSC25-030	甲蛾忍ノコギリ
BSC25-031	一角魔神
BSC25-032	双頭魔神
BSC25-033	恐竜魔神
BSC25-034	呪魔神
BSC25-035	竜機魔神
BSC25-036	聖魔神
BSC25-037	骨獣魔神
BSC25-038	殻蟲魔神
BSC25-039	豹魔神
BSC25-040	鷲魔神
BSC25-041	目覚める炎の異魔神
BSC25-042	聖と魔の凱旋門
BSC25-043	眠れる風の異魔神
BSC25-044	イマジンドロー
BSC25-045	フレイムブロウ
BSC25-046	イマジンリターン
BSC25-047	デスハザード
BSC25-048	ダブルソニック
BSC25-049	アッセンブルウィンド
BSC25-X01	庚炎皇ブレイゼル
BSC25-X02	魔神竜騎ガルデア
BSC25-X03	白凰孔雀シルヴィアス
BSC25-X04	炎魔神
BSC25-X05	風魔神
BSC26-001	海竜マンダ
BSC26-002	シン・ゴジラ（第1形態）
BSC26-003	ゴジラ［1954］
BSC26-004	ゴジラ［1965］
BSC26-005	シン・ゴジラ（第2形態）
BSC26-006	破壊神スペースゴジラ
BSC26-007	ゴジラ［1971］
BSC26-008	空の大怪獣ラドン
BSC26-009	宇宙超怪獣キングギドラ
BSC26-010	怪獣王ゴジラ［2000］
BSC26-011	デストロイア（飛翔体）
BSC26-012	シン・ゴジラ（第3形態）
BSC26-013	魔海獣ダガーラ
BSC26-014	宇宙超魔獣デスギドラ
BSC26-015	ゴジラ［1989］
BSC26-016	魔王八岐大蛇
BSC26-017	公害怪獣ヘドラ
BSC26-018	完全生命体デストロイア
BSC26-019	サイボーグ怪獣ガイガン
BSC26-020	マタンゴ
BSC26-021	原始モスラ
BSC26-022	光速モード・モスラ
BSC26-023	守護神獣モスラ
BSC26-024	クモンガ
BSC26-025	ガイラ
BSC26-026	サンダ
BSC26-027	巨蛾モスラ
BSC26-028	水中モード・モスラ
BSC26-029	昆虫怪獣メガロ
BSC26-030	守護神獣レインボーモスラ
BSC26-031	破壊の魔獣バトラ
BSC26-032	ロボット怪獣モゲラ
BSC26-033	ガルガル
BSC26-034	サイボーグ怪獣メカゴジラ
BSC26-035	92式メーサー戦車
BSC26-036	にせゴジラ
BSC26-037	スーパーXII
BSC26-038	特殊戦闘機グリフォン
BSC26-039	ガルガルII
BSC26-040	MOGERAII-SRF
BSC26-041	対G特殊兵器3式機龍（暴走）
BSC26-042	対G特殊兵器3式機龍〈改〉
BSC26-043	シン・ゴジラの侵攻
BSC26-044	怪獣王出現
BSC26-045	湖に咲く薔薇
BSC26-046	メカキングギドラ頭部残骸
BSC26-047	シン・ゴジラ撃退作戦
BSC26-048	鱗粉＆プリズム光線
BSC26-049	レーザー引力光線
BSC26-X01	シン・ゴジラ（第4形態）
BSC26-X02	怪獣王バーニングゴジラ
BSC26-X03	バイオ怪獣ビオランテ
BSC26-X04	対G兵器スーパーメカゴジラ
BSC26-X05	サイボーグ怪獣メカキングギドラ
BSC28-001	［学園制服］レイ・オーバ
BSC28-002	［学園制服］グリーフィア・ダルク
BSC28-003	［学園制服］ラビィ・ダーリン
BSC28-004	［学園制服］エマ・ジーン
BSC28-005	［みんなのお姉さん］エマ・ジーン
BSC28-006	［学園制服］バンリ・ソラ
BSC28-007	［学園制服］センリ・タイガ
BSC28-008	［焔姫］センリ・タイガ
BSC28-009	［学園制服］ホクト・アポロニア
BSC28-010	［赤き星装］ホクト・アポロニア
BSC28-011	［学園制服］リゼ・クロムウェル
BSC28-012	［学園制服］キャンディ・サード
BSC28-013	［学園制服］フォンニーナ
BSC28-014	［学園制服］デリス・ペルティオ
BSC28-015	［学園制服］フリーダ・ライファ
BSC28-016	［ネクストディーバ］フリーダ・ライファ
BSC28-017	［学園制服］ゼクシア・テンマ
BSC28-018	［学園制服］マリモ・イーディス
BSC28-019	［応援大使］マリモ・イーディス
BSC28-020	［学園制服］ナナカ・シロナガ
BSC28-021	［グランブルー］ナナカ・シロナガ
BSC28-022	［学園制服］ネイ・ランテイル
BSC28-023	［学園制服］ジャンヌ・ドラニエス
BSC28-024	［学園制服］キャシー・レイム
BSC28-025	［学園制服］セイナ・リューミン
BSC28-026	［学園制服］ソニア・A・ワスプ
BSC28-027	［音速の歌姫］ソニア・A・ワスプ
BSC28-028	［学園制服］リアス・ウロヴォルン
BSC28-029	［学園制服］シエラ・ムルセーヌ
BSC28-030	［歌姫戦姫］シエラ・ムルセーヌ
BSC28-031	［学園制服］フラム・サンドリア
BSC28-032	［学園の四魔女］フラム・サンドリア
BSC28-033	［学園制服］ダイヤ・ルーン
BSC28-034	［学園制服］セフィ・アリエス
BSC28-035	［学園制服］アン
BSC28-036	［学園制服］ショコ
BSC28-037	［学園制服］ムゥ
BSC28-038	［学園制服］フーガ・リン
BSC28-039	［可愛さリンリン］フーガ・リン
BSC28-040	［学園制服］ローリア・シープス
BSC28-041	［シャイガール］ローリア・シープス
BSC28-042	［学園制服］ミスティ・ライルビット
BSC28-043	［学園制服］リオル・ティーダ
BSC28-044	［ブリッツガール］リオル・ティーダ
BSC28-045	［学園制服］フロマージュ
BSC28-046	［学園制服］イエロー・マーリン
BSC28-047	［学園制服］ペンタンリュックのラクェル
BSC28-048	詩姫学園生徒手帳
BSC28-049	詩姫学園指定ジャージ
BSC28-050	詩姫学園指定学生鞄
BSC28-051	思い出の修学旅行
BSC28-052	学園祭へようこそ
BSC28-053	白熱する体育祭
BSC28-054	詩姫学園
BSC28-055	ロマンティックフライト
BSC28-056	魂のリフレイン
BSC28-057	イージーダンス
BSC28-058	ラブウィンズ
BSC28-X01	［学園制服］ノア・フルール
BSC28-X02	［烈火の戦国姫］バンリ・ソラ
BSC28-X03	［歌姫神］ゼクシア・テンマ
BSC28-X04	［儚き闇姫］リアス・ウロヴォルン
BSC28-X05	［ホップステップ］ミスティ・ライルビット
BSC28-X06	［学園制服］トリックスター
BSC28-CP01	［謎の転校生］サワエル
BSC28-CP02	［虹色の才覚］キリカ
BSC28-CP03	トイレのミズノさん
BSC29-001	丁未機グロリアス・ラクーン
BSC29-002	庚申師オンコット・マーリン
BSC29-003	癸亥坊カラミティ・ウリ
BSC29-004	茂上家の晩餐
BSC29-005	黎明
BSC29-006	コケツにいらずんばコージを得ず
BSC29-007	アイツのカード
BSC29-008	ぱーぷるとーく
BSC29-009	光と闇の聖剣
BSC29-010	始まりのカード
BSC29-011	苦渋の決断
BSC29-012	バトルウサギー先生のバトスピ講座！
BSC29-013	究極の力
BSC29-014	神皇の時計台
BSC29-015	クリムゾンストライク
BSC29-016	ビビッとビクトリー!!
BSC29-017	ライジングサン
BSC29-018	勝ちへの固執
BSC29-019	大切なもの
BSC29-020	ヴァイオレットニードル
BSC29-021	卯咲ウサギの試練
BSC29-022	エメラルドブレス
BSC29-023	ズバッとビシッと大勝利!!
BSC29-024	親子の絆
BSC29-025	ホワイトリターン
BSC29-026	減点
BSC29-027	イエローホールド
BSC29-028	ブルーインパクト
BSC29-029	お告げ
BSC29-030	・・・
BSC30-001	起導武者ホクシン
BSC30-002	豪傑武将センリョウ
BSC30-003	口寄せ恐龍 須帝羅號
BSC30-004	魔界刃鬼アゴン
BSC30-005	雷雲鵺
BSC30-006	魔界拳鬼ナム
BSC30-007	魔界武将シキジョウ
BSC30-008	風魔ツバクラ・クロー
BSC30-009	異牙忍クロキバ
BSC30-010	九代目甲蛾頭首アケクワガ
BSC30-011	機巧忍者ウラカゲ
BSC30-012	サトリモンキ
BSC30-013	戦国姫 凪沙
BSC30-014	戦国姫 火華
BSC30-015	煌臨童子
BSC30-016	海賊衆頭領ムラカミキリ
BSC30-017	煌臨明王
BSC30-018	双銃リボルティーガン
BSC30-019	魔界銃ソワカ
BSC30-020	翼銃ツバサマル
BSC30-021	装甲銃バイソンブラスター
BSC30-022	機巧大筒 国崩
BSC30-023	姫銃-雅-
BSC30-024	巨人兵器タイタスバズーカ
BSC30-X01	戦国将軍ジークフリード・魁
BSC30-X02	初代甲蛾頭首クワガオキナ
BSC30-X03	源氏将軍ムリョウ
BSC30-X04	華王 千伽耶
BSC31-001	［夏休み］ラビィ・ダーリン
BSC31-002	［夏休み］エマ・ジーン
BSC31-003	［夏休み］グリーフィア・ダルク
BSC31-004	［夏休み］ジークフリーダ
BSC31-005	［サマーフレンド］センリ・タイガ
BSC31-006	［サマーフレンド］バンリ・ソラ
BSC31-007	［学園制服］ライザ・ダイノーブ
BSC31-008	［恐龍歌姫］ライザ・ダイノーブ
BSC31-009	［学園制服］バンリ・ゼル
BSC31-010	［歌姫の覇王］バンリ・ゼル
BSC31-011	［夏休み］フォンニーナ
BSC31-012	［夏休み］キャンディ・サード
BSC31-013	［サマーフレンド］ゼクシア・テンマ
BSC31-014	ジャコミーナ・キット
BSC31-015	［学園制服］ジャコミーナ・キット
BSC31-016	［学園制服］ローズ・ベリィ
BSC31-017	［学園制服］アメディス・ソーニャック
BSC31-018	［水晶の歌姫］アメディス・ソーニャック
BSC31-019	［学園制服］タウリース・キング
BSC31-020	［歌姫大公］タウリース・キング
BSC31-021	［夏休み］ソニア・A・ワスプ
BSC31-022	［夏休み］ジャンヌ・ドラニエス
BSC31-023	［夏休み］ネイ・ランテイル
BSC31-024	［夏休み］フラム・サンドリア
BSC31-025	［学園制服］ムドゥーニャ
BSC31-026	［学園制服］レイヤ・クワトロ
BSC31-027	［学園制服］マイ・アスカ
BSC31-028	［学園制服］マグノリリア・マイザー
BSC31-029	［学園の四魔女］マグノリリア・マイザー
BSC31-030	［学園制服］ルーナ・ヴァンディル
BSC31-031	［学園の四魔女］ルーナ・ヴァンディル
BSC31-032	［学園制服］イルマ・イマージュ
BSC31-033	［学園の四魔女］イルマ・イマージュ
BSC31-034	［夏休み］ダイヤ・ルーン
BSC31-035	［夏休み］リオル・ティーダ
BSC31-036	［夏休み］ローリア・シープス
BSC31-037	［学園制服］ドーラ・クルセイル
BSC31-038	［リトルシスター］ドーラ・クルセイル
BSC31-039	［学園制服］マウ・チュッチュ
BSC31-040	［アイドルマジシャン］マウ・チュッチュ
BSC31-041	［学園制服］シシノ・クワトロ
BSC31-042	［四天童女］シシノ・クワトロ
BSC31-043	［学園制服］フォーミュリア・エグゼシータ
BSC31-044	［学園制服］ゲイル・フェニーク
BSC31-045	［学園制服］アリス
BSC31-046	［うきうきペンタンボート］ラクェル
BSC31-047	［煌く歌天使］ソフィア
BSC31-048	波に踊る浮き輪
BSC31-049	ラブリーウォーターガン
BSC31-050	ドリーミングビーチボール
BSC31-051	真夏の学園 ～南国プライベートビーチ～
BSC31-052	美しきダイビングスポット
BSC31-053	ビーチでBBQ
BSC31-054	二つの水上コテージ
BSC31-055	キラキラ軌跡
BSC31-056	私のグリモワール
BSC31-057	おしおきぱ～んちっ！
BSC31-X01	［夏休み］レイ・オーバ
BSC31-X02	［学園制服］リューネ・マト
BSC31-X03	［学園制服］ディアナ・フルール
BSC31-X04	［サマードライブ］フォーミュリア・エグゼシータ
BSC31-X05	［サマードライブ］ゲイル・フェニーク
BSC31-X06	［夏休み］トリックスター
BSC31-CP01	極炎の新入生リリカ・レム
BSC31-CP02	仮面女子Rockな萌姫モア
BSC31-CP03	聡明叡智ブレイン雪
BSC31-CP04	駆け抜ける八咫烏の煌き 孫市
BSC32-001	焔皇虎神ブレイズ・タイガー
BSC32-002	紫炎の賢聖デンハム
BSC32-003	［五穀豊穣］コガネヒメ
BSC32-004	灼熱の蟻王アント・レス
BSC32-005	ペディラ・マイ
BSC32-006	七代目最可愛将 八咫烏孫市
BSC32-007	南海の守護者カンクウ
BSC32-008	晴天のカリスマ アグレッシブちゅるぱ
BSC32-009	蒼海の神域
BSC32-010	カリスマ☆オールスターズ
BSC32-011	ブリンガー
BSC32-012	炎 利家
BSC32-013	タツミ
BSC32-014	兵堂 剣蔵
BSC32-015	ゴーディ・ダーイン
BSC32-016	宝緑院 兼続
BSC32-017	J
BSC32-018	メイ・メリーハッダ
BSC32-019	クラッキー・レイ
BSC32-020	硯 秀斗
BSC32-021	スイレン
BSC32-022	ヴィオレ魔ゐ
BSC32-023	巽 キマリ
BSC32-024	百瀬 華実
BSC32-025	日下 チヒロ
BSC32-026	明の明星のエリス
BSC32-027	ライラ・エイプリル
BSC32-028	キキ・ベーレシア
BSC32-029	キョーカ
BSC32-030	群青 早雲
BSC32-031	やっぱ拾ったカードは弱い
BSC32-032	人形の心と命
BSC32-033	ソードブレイヴアタック
BSC32-034	敗者必滅
BSC32-035	ワンドロー！
BSC32-036	銀河三羽がらす参上
BSC32-037	転校生
BSC32-038	ターンエンドだ虫けら。ターンエンドしろ
BSC32-039	いけいけスピリットやってちょーだい
BSC32-040	俺たちのキセキ
BSC33-001	［冬の装い］エマ・ジーン
BSC33-002	［冬の装い］ラビィ・ダーリン
BSC33-003	［冬の装い］バンリ・ゼル
BSC33-004	［冬の装い］バンリ・ソラ
BSC33-005	［冬の装い］センリ・タイガ
BSC33-006	［冬の装い］グリーフィア・ダルク
BSC33-007	［学園制服］ポロン・サジータ
BSC33-008	［冬の装い］フォンニーナ
BSC33-009	［冬の装い］ゼクシア・テンマ
BSC33-010	［学園制服］オージェリア・ディーン
BSC33-011	［要塞王子？］オージェリア・ディーン
BSC33-012	［学園制服］ヴァレリー・ヴァース
BSC33-013	［雷轟姫］ヴァレリー・ヴァース
BSC33-014	［金牛歌姫］ドラゴモニカ・タウラス
BSC33-015	［学園の四魔女 ～冬の装い～］マグノリリア・マイザー
BSC33-016	［冬の装い］ムドゥーニャ
BSC33-017	［冬の装い］ジャンヌ・ドラニエス
BSC33-018	［冬の装い］ネイ・ランテイル
BSC33-019	［学園制服］ベルゼリア・ビート
BSC33-020	［アイドル七将］ベルゼリア・ビート
BSC33-021	［磨羯歌姫］ボル美
BSC33-022	［冬の装い］ドーラ・クルセイル
BSC33-023	［冬の装い］ダイヤ・ルーン
BSC33-024	［冬の装い］ムゥ
BSC33-025	［冬の装い］ローリア・シープス
BSC33-026	［冬の装い］リオル・ティーダ
BSC33-027	［学園制服］レオナ・ライクブーム
BSC33-028	［冬の装い］フォーミュリア・エグゼシータ
BSC33-029	［学園制服］ウィーゼ・Z・サンダー
BSC33-030	［執事娘］ウィーゼ・Z・サンダー
BSC33-031	［学園制服］ネガズボッ子
BSC33-032	［探してアルテミス］ネガズボッ子
BSC33-033	［学園制服］コフィーナ
BSC33-034	［子フィンクスアイドル］コフィーナ
BSC33-035	［学園制服］ケリュネ・ライトニング
BSC33-036	［神聖少女］ケリュネ・ライトニング
BSC33-037	［学園制服］セイクレア・メトゥーム
BSC33-038	［学園制服］リュキア・オース
BSC33-039	［龍星姫］リュキア・オース
BSC33-040	［学園制服］サンディ・Z・レオノーラ
BSC33-041	［冬の装い］ペンタンコートのラクェル
BSC33-042	［冬の装い］トリックスター
BSC33-043	［学園制服］グリムの歌姫シンデレラ
BSC33-044	［学園制服］アーシア
BSC33-045	［学園の熾天使］ラムディエル
BSC33-046	［学園の熾天使］エアリフェル
BSC33-047	［学園の熾天使］アラフィエル
BSC33-048	［学園の熾天使］ミレディエル
BSC33-049	ウィンディスケートシューズ
BSC33-050	お願い絵馬
BSC33-051	暴走ソリ
BSC33-052	詩姫学園カードゲーム部 ～冬～
BSC33-053	みんなで作ったかまくら
BSC33-054	詩姫学園雪祭り
BSC33-055	学園神話
BSC33-056	グロリアスシールド
BSC33-RV001	スイートハート
BSC33-RV002	ディーバメドレー
BSC33-X01	［冬の装い］レイ・オーバ
BSC33-X02	［冬の装い］ノア・フルール
BSC33-X03	［学園の四魔女 ～冬の装い～］フラム・サンドリア
BSC33-X04	［冬の装い］リアス・ウロヴォルン
BSC33-X05	［太陽女王］セイクレア・メトゥーム
BSC33-X06	［雷神乙女］サンディ・Z・レオノーラ
BSC33-CP01	プロデューサーアレックス
BSC33-CP02	プロデューサーリリ
BSC34-001	星渡竜コロニックドラゴン
BSC34-002	古王龍マ・ドゥーラ -人態-
BSC34-003	神陽竜サーガドラゴン
BSC34-004	ウシルコブラ
BSC34-005	神蛇王スネフェル
BSC34-006	破壊魔龍ナトゥ・ヴァンガー
BSC34-007	辛撃の勇者レイジングワスプ・A
BSC34-008	斬騎士ウスバロウ
BSC34-009	猟機獣アルテミックセッター
BSC34-010	神華の妖精ナデシコ
BSC34-011	東風獣ヘヌキセスウイ
BSC34-012	ひとり神海賊デルファイナス
BSC34-013	神海賊剣士ハンドリス
BSC34-014	天秤ロボRe-BuLa
BSC34-015	獅子光皇レディアント・レオ
BSC34-016	天空勇士ヤツガヘッダー
BSC34-017	聖刻騎兵プロト・イアーフ
BSC34-018	聖刻騎兵ディフェンダー・ゲレフ
BSC34-019	太陽神弓サンバースト
BSC34-020	妖蛇神杖オグドアド
BSC34-021	蠱霊剣カミキリブレード
BSC34-022	月翼刃クレセントブーメラン
BSC34-023	生命護符アンク
BSC34-024	神海錨ポセイドンアンカー
BSC34-X01	創龍皇ジェネレイター・ジークフリード
BSC34-X02	破壊龍皇ジークフリード・ルドラ
BSC34-X03	天空龍皇ジークフリード＝ホルス
BSC34-X04	聖刻龍皇ジェフティック＝ジークフリード
BSC34-X05	神華龍皇ジークフリード・アプロダイティ
BSC34-X06	神海賊龍皇ジークフリード・エナリオス
BSC35-001	［スターフェス］ラビィ・ダーリン
BSC35-002	［スターフェス］バンリ・ソラ
BSC35-003	［スターフェス］フォンニーナ
BSC35-004	［スターフェス］リューネ・マト
BSC35-005	［スターフェス］ローズ・ベリィ
BSC35-006	［スターフェス］ネイ・ランテイル
BSC35-007	［スターフェスの四魔女］フラム・サンドリア
BSC35-008	［スターフェス］ジャンヌ・ドラニエス
BSC35-009	［スターフェス］リアス・ウロヴォルン
BSC35-010	［スターフェス］リオル・ティーダ
BSC35-011	［スターフェス］フォーミュリア・エグゼシータ
BSC35-012	［スターフェス］ゲイル・フェニーク
BSC35-013	［スターフェス］ネガズボッ子
BSC35-014	［スターフェス］サンディ・Z・レオノーラ
BSC35-015	［スターフェス］セイクレア・メトゥーム
BSC35-016	［学園制服］アシュタリア・インボルフィード・ラグランツェルミ
BSC35-017	［学園制服］ドラゴモニカ・タウラス
BSC35-018	［スターフェス］ドラゴモニカ・タウラス
BSC35-019	［スターフェス］ヴィエルジェ
BSC35-020	［スターフェス］セフィ・アリエス
BSC35-021	［スターフェス］レオナ・ライクブーム
BSC35-022	［スターフェス］キャンディ・サード
BSC35-023	［スターフェス］ポロン・サジータ
BSC35-024	［学園制服］ジェミナ＆ナイズル
BSC35-025	［双星歌姫］ジェミナ＆ナイズル
BSC35-026	［学園制服］アクアエール・シオン
BSC35-027	［水瓶の踊り子］アクアエール・シオン
BSC35-028	［学園制服］ピスティナ・ガレオン
BSC35-029	［片翼の双魚］ピスティナ・ガレオン
BSC35-030	［学園制服］スピニア・スコール
BSC35-031	［蠍座の歌姫］スピニア・スコール
BSC35-032	［学園制服］リヴィー・ラ・フォーレム
BSC35-033	スターフェス リストバンド
BSC35-034	コンサートライト
BSC35-035	スターフェス会場
BSC35-036	プロデューサーアルテミス
BSC35-037	プロデューサーヘラ
BSC35-038	ピザシュート
BSC35-039	ハイファイブ
BSC35-X01	［スターフェス］レイ・オーバ
BSC35-X02	［スターフェス］リゼ・クロムウェル
BSC35-X03	［スターフェスの四魔女］マグノリリア・マイザー
BSC35-X04	［天秤女王］リヴィー・ラ・フォーレム
BSC35-A001	［ピオニーマーチングコーデ］七倉小春
BSC35-A002	［ブルーマーチングコーデ］桜庭ローラ
BSC35-A003	［ライムマーチングコーデ］早乙女あこ
BSC35-A004	［ライラックマーチングコーデ］香澄真昼
BSC35-A005	［ライラックプリズムコーデ］氷上スミレ
BSC35-A006	［アルメリアプリズムコーデ］大空あかり
BSC35-A007	［マーガレットプリズムコーデ］新条ひなき
BSC35-A008	［サンライズコーデ］霧矢あおい
BSC35-A009	［サンシャインコーデ］星宮いちご
BSC35-A010	［サンセットコーデ］紫吹 蘭
BSC35-A011	［サマーナイトミラクルコーデ］夏樹みくる
BSC35-A012	［サマーナイトムーンコーデ］神崎美月
BSC35-A013	［ヘヴンリールビーコーデ］天翔ひびき
BSC35-A014	［グロリアスエメラルドコーデ］アリシア シャーロット
BSC35-A015	［ラブデスティニーコーデ］神城カレン
BSC35-A016	［ソウルデスティニーコーデ］明日香ミライ
BSC35-A017	クリスマスの斧
BSC35-A018	アイカツ！システム
BSC35-A019	アイドル活動！オンパレード！ver.
BSC35-XA01	［パステルパープルラインコーデ］姫石らき
BSC35-XA02	［メロディダイヤモンドコーデ］友希あいね
BSC35-XA03	［マテリアルサファイアコーデ］湊 みお
BSC35-XA04	［レインボーエトワールコーデ］虹野ゆめ
BSC35-XXA01	マスカレード
BSC37-001	［救世の歌姫］バンリ・ゼル
BSC37-002	［聖剣アイドル］ジャコミーナ・キット
BSC37-003	［エアリーダンサー］フォンニーナ
BSC37-004	［天地ノ歌姫］ゼクシア・テンマ
BSC37-005	［堕天戦姫］シエラ・ムルセーヌ
BSC37-006	［四魔女ノワール］フラム・サンドリア
BSC37-007	［もう迷わないよ］リオル・ティーダ
BSC37-008	［冬の装い］セイクレア・メトゥーム
BSC37-009	［深紅のドレス］サンディ・Z・レオノーラ
BSC37-010	ダメダメッ！ こないでー
BSC37-RV001	グリーフィア・ダルク
BSC37-RV002	レイ・オーバ
BSC37-RV003	リューネ・マト
BSC37-RV004	［学園制服］フラム・サンドリア
BSC37-RV005	ディアナ・フルール
BSC37-RV006	ジャンヌ・ドラニエス
BSC37-RV007	レオナ・ライクブーム
BSC37-RV008	キャンディ・サード
BSC37-RV009	［学園制服］キャンディ・サード
BSC37-RV010	セフィ・アリエス
BSC37-RV011	［学園制服］セフィ・アリエス
BSC37-RV012	ポロン・サジータ
BSC37-X01	［黒天姫］ネイ・ランテイル
BSC37-X02	［レイさんロックオン］ジャンヌ・ドラニエス
BSC37-X03	［みんなの歌姫］トリックスター
BSC37-RVX01	［輝き天女］レイ・オーバ
BSC37-RVX02	［烈火の戦国姫］バンリ・ソラ
BSC37-RVX03	［儚き闇姫］リアス・ウロヴォルン
BSC37-XX01	［神星女神］ノア・フルール
BSC39-001	［オフショット］エマ・ジーン
BSC39-002	［真炎の歌姫］エマ・ジーン
BSC39-003	［オフショット］ホクト・アポロニア
BSC39-004	［翠の星装］ホクト・アポロニア
BSC39-005	［オフショット］ラビィ・ダーリン
BSC39-006	［1000%チャージ］ラビィ・ダーリン
BSC39-007	［オフショット］レイ・オーバ
BSC39-008	［赤き詩姫神］シンリィ・オーリュー／［龍皇転醒・赤き詩姫神］シンリィ・オーリュー
BSC39-009	スピッツ・ドラコニー
BSC39-010	［オフショット］フォンニーナ
BSC39-011	キャロン・ポーン
BSC39-012	［ファーストステップ］キャロン・ポーン
BSC39-013	レーヴァ・ティーン
BSC39-014	［終演の守り手］レーヴァ・ティーン
BSC39-015	［青き詩姫神］ミナレア・アオキ／［異海転醒・青き詩姫神］ミナレア・アオキ
BSC39-016	ソルディシア・A・ペンドラゴン
BSC39-017	［剣の歌姫］ソルディシア・A・ペンドラゴン
BSC39-018	［終演の歌姫］ラグナリア・ロックウェル
BSC39-019	［オフショット］ネイ・ランテイル
BSC39-020	［ドリームオブライブラリー］ネイ・ランテイル
BSC39-021	［四魔女のオフショット］フラム・サンドリア
BSC39-022	［深紅ノ四魔女］フラム・サンドリア
BSC39-023	［オフショット］ジャンヌ・ドラニエス
BSC39-024	［紫の詩姫神］アクシェラ・マシュルーン／［悪魔転醒・紫の詩姫神］アクシェラ・マシュルーン
BSC39-025	［オフショット］ローリア・シープス
BSC39-026	［オフショット］リオル・ティーダ
BSC39-027	［ゼロ・クラリティ］リオル・ティーダ
BSC39-028	［ワンダーランド］リアス・ウロヴォルン
BSC39-029	［緑の詩姫神］シンラ・シージェン／［自然転醒・緑の詩姫神］シンラ・シージェン
BSC39-030	［オフショット］リュキア・オース
BSC39-031	［サンセットブリーズ］リュキア・オース
BSC39-032	［オフショット］サンディ・Z・レオノーラ
BSC39-033	［オフショット］セイクレア・メトゥーム
BSC39-034	［ソングオブテスタメント］セイクレア・メトゥーム
BSC39-035	［白き詩姫神］シルキー・サンセット／［機界転醒・白き詩姫神］シルキー・サンセット
BSC39-036	［オフショット］ピスティナ・ガレオン
BSC39-037	［オフショット］アクアエール・シオン
BSC39-038	［ナースディーバ］アクアエール・シオン
BSC39-039	［オフショット］スピニア・スコール
BSC39-040	［蒼きアンタレス］スピニア・スコール
BSC39-041	［黄の詩姫神］キリン・ムソーシン／［夢想転醒・黄の詩姫神］キリン・ムソーシン
BSC39-042	［オフショット］フォーミュリア・エグゼシータ
BSC39-043	［スクールバンド］ムドゥーニャ「Ba」
BSC39-044	［スクールバンド］センリ・タイガ「Dr」
BSC39-045	［スクールバンド］バンリ・ソラ「Vo/Ba」
BSC39-046	［スクールバンド］バンリ・ゼル「Vo/Gt」
BSC39-047	［スクールバンド］ゼクシア・テンマ「Key」
BSC39-048	［オフショット］ラクェル
BSC39-049	［オフショット］トリックスター
BSC39-050	［オフショット］クラーラ
BSC39-051	お忍びサングラス
BSC39-052	オフショットミラージュ
BSC39-053	オフの日の遊園地
BSC39-054	プロデューサーサラスヴァティー
BSC39-055	幻桜奇譚
BSC39-056	テンプテーションアイズ
BSC39-RV001	［漆黒の女神］ディアナ・フルール
BSC39-RV002	［断罪の歌姫］ジャンヌ・ドラニエス
BSC39-RV003	［シャイガール］ローリア・シープス
BSC39-RV004	跪いて エブリワン
BSC39-X01	［星の歌姫］スピッツ・ドラコニー
BSC39-X02	ラグナリア・ロックウェル
BSC39-X03	［オフショット］ディアナ・フルール
BSC39-X04	［オフショット］リアス・ウロヴォルン
BSC39-X05	［詩姫化神］ガーヤトリー・フォックス
BSC39-X06	［アルレシャ・スター］ピスティナ・ガレオン
BSC39-XX01	［シャイニングソング］レイ・オーバ
BSC39-CP01	［新しき日々］リリカ・レム
BSC39-CP02	新世代最可愛将孫市 黒曜の徒
BSC39-CP03	［大空舞う翼］ウィンディ・ベヒモス様
BSC40-001	［オフショット］ローラ・ビャクラン
BSC40-002	［白黒幻奏・月雅］ローラ・ビャクラン
BSC40-003	［オフショット］グリーフィア・ダルク
BSC40-004	［白黒幻奏］グリーフィア・ダルク
BSC40-005	［オフショット］ノア・フルール
BSC40-006	［白黒幻奏］ラビィ・ダーリン
BSC40-007	［白黒幻奏にして白き星装］ホクト・アポロニア
BSC40-008	［白黒幻奏］スピッツ・ドラコニー
BSC40-009	［オフショット］クインステル・メドゥーク
BSC40-010	［オフショット］バロレッタ・ボルドー
BSC40-011	［白黒幻奏のアイドル三巨頭］バロレッタ・ボルドー
BSC40-012	［オフショット］ローズ・ベリィ
BSC40-013	［白黒幻奏］キャロン・ポーン
BSC40-014	［ダンシングビー］フォンニーナ
BSC40-015	［白黒幻奏］フォンニーナ
BSC40-016	［白黒幻奏］ラグナリア・ロックウェル
BSC40-017	［白黒幻奏］ソルディシア・A・ペンドラゴン
BSC40-018	［オフショット］ベルゼリア・ビート
BSC40-019	［白黒幻奏］ベルゼリア・ビート
BSC40-020	［白黒幻奏］ネイ・ランテイル
BSC40-021	［白黒幻奏］ジャンヌ・ドラニエス
BSC40-022	［白黒幻奏］ディアナ・フルール
BSC40-023	［四魔女のオフショット］イルマ・イマージュ
BSC40-024	［四魔女のオフショット］マグノリリア・マイザー
BSC40-025	［白黒幻奏の四魔女］マグノリリア・マイザー
BSC40-026	［四魔女のオフショット］ルーナ・ヴァンディル
BSC40-027	［白黒幻奏の四魔女］ルーナ・ヴァンディル
BSC40-028	［白黒幻奏の四魔女］フラム・サンドリア
BSC40-029	［オフショット］ダイヤ・ルーン
BSC40-030	［白黒幻奏］ダイヤ・ルーン
BSC40-031	［オフショット］アン
BSC40-032	［ザ・シューティングスター］アン
BSC40-033	［オフショット］ショコ
BSC40-034	［ザ・モーニングスター］ショコ
BSC40-035	［オフショット］ムゥ
BSC40-036	［ザ・ファーストスター］ムゥ
BSC40-037	［サイバーメロディ］リアス・ウロヴォルン
BSC40-038	［白黒幻奏］リアス・ウロヴォルン
BSC40-039	［白黒幻奏］ローリア・シープス
BSC40-040	［オフショット］コフィーナ
BSC40-041	［白黒幻奏］コフィーナ
BSC40-042	［白黒幻奏］サンディ・Z・レオノーラ
BSC40-043	［白黒幻奏］セイクレア・メトゥーム
BSC40-044	［オフショット］ドラゴモニカ・タウラス
BSC40-045	［オフショット］ジェミナ＆ナイズル
BSC40-046	［白黒幻奏］ジェミナ＆ナイズル
BSC40-047	［オフショット］ポロン・サジータ
BSC40-048	［白黒幻奏］ポロン・サジータ
BSC40-049	［オフショット］センリ・タイガ
BSC40-050	［白黒幻奏］センリ・タイガ
BSC40-051	［オフショット］ゼクシア・テンマ
BSC40-052	［白黒幻奏］ゼクシア・テンマ
BSC40-053	［オフショット］バンリ・ゼル
BSC40-054	［白黒幻奏］バンリ・ゼル
BSC40-055	［白黒幻奏］フェニル
BSC40-056	［ペンタンの為の白黒幻奏］ラクェル
BSC40-057	ブラックステージ
BSC40-058	ホワイトステージ
BSC40-059	モノクロームフォー
BSC40-RV001	シスターズシンドローム
BSC40-CX01	［ずっと一緒に］フォンニーナ
BSC40-CX02	［ずっと一緒に］リアス・ウロヴォルン
BSC40-X01	［白黒幻奏］ノア・フルール
BSC40-X02	［白黒幻奏のアイドル三巨頭］クインステル・メドゥーク
BSC40-X03	［白黒幻奏］ローズ・ベリィ
BSC40-X04	［白黒幻奏の四魔女］イルマ・イマージュ
BSC40-X05	［白黒幻奏］リオル・ティーダ
BSC40-X06	［白黒幻奏］ドラゴモニカ・タウラス
BSC40-XX01	［白黒幻奏］トリックスター
BSC42-001	ゴラドンLT
BSC42-002	ナイフ投げのジャグリーンLT
BSC42-003	ロクケラトプスLT
BSC42-004	ドラグノ突撃兵LT
BSC42-005	骸竜ゾン・サウルLT
BSC42-006	ドラグサウルスLT
BSC42-007	妖狐キュービックLT
BSC42-008	昇龍バルムンクLT
BSC42-009	プテラトマホークLT
BSC42-010	焔竜魔人マ・グーLT
BSC42-011	要塞龍ギガLT
BSC42-012	一角竜ヴォルスングLT
BSC42-013	フォッガーLT
BSC42-014	シャドウジャグラーLT
BSC42-015	レッドキャップLT
BSC42-016	ハンプダンプLT
BSC42-017	グリプ・ハンズLT
BSC42-018	シャ・ズーLT
BSC42-019	スケル・バイパーLT
BSC42-020	マミーラLT
BSC42-021	髑髏騎士ズ・ガインLT
BSC42-022	幻龍シェイロンLT
BSC42-023	吸血鬼ダンピールLT
BSC42-024	王蛇ケツァルカトルLT
BSC42-025	シープルLT
BSC42-026	マッハジーLT
BSC42-027	バットホッパーLT
BSC42-028	マッチュラLT
BSC42-029	シダフクロウLT
BSC42-030	兵隊アントマンLT
BSC42-031	水馬ケルピーLT
BSC42-032	ヘラクレス・ジオLT
BSC42-033	エメラルドシーザーLT
BSC42-034	ブラックモノケイロスLT
BSC42-035	漆黒鳥ヤタグロスLT
BSC42-036	爆進獣ブランボアーLT
BSC42-037	カイザレオン大帝LT
BSC42-038	アンジェラフィッシュLT
BSC42-039	機人エムブラLT
BSC42-040	笛吹きのヘイムダルLT
BSC42-041	機人アスクLT
BSC42-042	宝石虫スカラベールLT
BSC42-043	ライオライダーLT
BSC42-044	鋼人スルトLT
BSC42-045	甲精ディースLT
BSC42-046	ワルキューレ・ヒルドLT
BSC42-047	魔神機ビッグ・ロキLT
BSC42-048	硝子の女神フレイアLT
BSC42-049	竜戦車アースガルドLT
BSC42-050	コリスタルLT
BSC42-051	チュンポポLT
BSC42-052	シーサーズLT
BSC42-053	天使クレイオLT
BSC42-054	ポムLT
BSC42-055	百面相のフラットフェイスLT
BSC42-056	フロッガーLT
BSC42-057	妖精女王ティ・ターニャLT
BSC42-058	ペンタンLT
BSC42-059	チワールLT
BSC42-060	トリックスターLT
BSC42-061	天使長セラフィーLT
BSC42-062	ストン・スタチューLT
BSC42-063	鼠人チューリヒLT
BSC42-064	爪剣のラザラスLT
BSC42-065	二刀流のアムブローズLT
BSC42-066	ロック・ゴレムLT
BSC42-067	巨猫ブリンクスLT
BSC42-068	MCパンサーLT
BSC42-069	戦闘獣ライノ・セーラスLT
BSC42-070	狼人ウルフィLT
BSC42-071	巨人王ランドルフLT
BSC42-072	鉄槌のオズワルドLT
BSC42-073	武器コレクターのゴドフリーLT
BSC42-074	決闘台地LT
BSC42-075	紫水晶の森LT
BSC42-076	隠されたる賢者の樹LT
BSC42-077	生み出される尖兵LT
BSC42-078	祝福されし大聖堂LT
BSC42-079	崩壊する戦線LT
BSC42-080	フレイムサイクロンLT
BSC42-081	フレイムテンペストLT
BSC42-082	リアニメイトLT
BSC42-083	ヴェノムショットLT
BSC42-084	ハンドリバースLT
BSC42-085	サイレントウォールLT
BSC42-086	ハイエリクサーLT
BSC42-087	エンジェルボイスLT
BSC42-088	スリーカードLT
BSC42-089	マジックハンマーLT
BSC42-090	デルタクラッシュLT
BSC42-X01	暴双龍将ディラノトロード
BSC42-X02	魔界凍将パンデ・モール
BSC42-X03	魔龍皇帝カイザー・フリード
BSC42-X04	巨神要塞トール・キャッスル
BSC42-X05	蛮天使ヴァーキュリー
BSC42-X06	超幻獣王リーンドス
BSC43-001	［10thディーバ］ラン・ブレイセア
BSC43-002	［10thディーバ］ラビィ・ダーリン
BSC43-003	［10thディーバ］グリーフィア・ダルク
BSC43-004	［10thディーバ］スピッツ・ドラコニー
BSC43-005	［10thディーバ］ローラ・ビャクラン
BSC43-006	［黄の星装纏いし10thディーバ］ホクト・アポロニア
BSC43-007	［10thディーバ］ジークフリーダ
BSC43-008	［10thディーバ］リゼ・クロムウェル
BSC43-009	［10thディーバ］ヒルダ・マーガレット
BSC43-010	［10thディーバ］キャロン・ポーン
BSC43-011	［10thディーバ］ジャコミーナ・キット
BSC43-012	［10thディーバ］レーヴァ・ティーン
BSC43-013	［10thディーバ］オージェリア・ディーン
BSC43-014	［10thディーバ］タウリース・キング
BSC43-015	［10thディーバ］デリス・ペルティオ
BSC43-016	［10thディーバ］ローズ・ベリィ
BSC43-017	［10thディーバのアイドル三巨頭］クインステル・メドゥーク
BSC43-018	［10thディーバのアイドル三巨頭］バロレッタ・ボルドー
BSC43-019	［10thディーバのアイドル三巨頭］ミリア・サンデー
BSC43-020	［10thディーバ］ラグナリア・ロックウェル
BSC43-021	［10thディーバ］ソルディシア・A・ペンドラゴン
BSC43-022	［10thディーバ］ネイ・ランテイル
BSC43-023	［10thディーバ］ジャンヌ・ドラニエス
BSC43-024	［10thディーバ］ベルゼリア・ビート
BSC43-025	［10thディーバ］キャシー・レイム
BSC43-026	［10thディーバ］シエラ・ムルセーヌ
BSC43-027	［10thディーバ］マイ・アスカ
BSC43-028	［10thディーバの四魔女］イルマ・イマージュ
BSC43-029	［10thディーバの四魔女］フラム・サンドリア
BSC43-030	［10thディーバの四魔女］マグノリリア・マイザー
BSC43-031	［10thディーバの四魔女］ルーナ・ヴァンディル
BSC43-032	［10thディーバ］ダイヤ・ルーン
BSC43-033	［10thディーバ］シュウ
BSC43-034	［10thディーバ］ローリア・シープス
BSC43-035	［10thディーバ］リオル・ティーダ
BSC43-036	［10thディーバ］ドーラ・クルセイル
BSC43-037	［10thディーバ］アン
BSC43-038	［10thディーバ］ショコ
BSC43-039	［10thディーバ］ムゥ
BSC43-040	［10thディーバ］コフィーナ
BSC43-041	［10thディーバ］ウィーゼ・Z・サンダー
BSC43-042	［10thディーバ］ネガズボッ子
BSC43-043	［10thディーバ］リュキア・オース
BSC43-044	［10thディーバ］サンディ・Z・レオノーラ
BSC43-045	［10thディーバ］セイクレア・メトゥーム
BSC43-046	［10thディーバ］レオナ・ライクブーム
BSC43-047	［10thディーバ］セフィ・アリエス
BSC43-048	［10thディーバ］ピスティナ・ガレオン
BSC43-049	［10thディーバ］アクアエール・シオン
BSC43-050	［10thディーバ］ボル美
BSC43-051	［10thディーバ］ジェミナ＆ナイズル
BSC43-052	［10thディーバ］ポロン・サジータ
BSC43-053	［10thディーバ］ヴィエルジェ
BSC43-054	［10thディーバ］スピニア・スコール
BSC43-055	［10thディーバ］マウ・チュッチュ
BSC43-056	［10thディーバ］アメディス・ソーニャック
BSC43-057	［10thディーバ］フーガ・リン
BSC43-058	［10thディーバ］シシノ・クワトロ
BSC43-059	［10thディーバ］カサネ
BSC43-060	［10thディーバ］サイカ・ウンディーネ
BSC43-061	［10thディーバ］ゼクシア・テンマ
BSC43-062	［10thディーバ］レイヤ・クワトロ
BSC43-063	［10thディーバ］モモ・ギュウモンジェ
BSC43-064	［10thディーバ］センリ・タイガ
BSC43-065	［10thディーバ］バンリ・ゼル
BSC43-066	［10thディーバ］ムドゥーニャ
BSC43-067	［10thディーバ］アーシア
BSC43-068	［ペンタンと10thディーバ］ラクェル
BSC43-069	［10thディーバ］ソフィア
BSC43-070	レイさんぬいぐるみ
BSC43-071	シャイニング・マイク
BSC43-072	ディーバ10thパーティー記念オブジェ
BSC43-073	ディーバ10thパーティー：ビュッフェエリア
BSC43-074	ディーバ10thパーティー：メインエリア
BSC43-075	キス・ミー・レイさん
BSC43-076	ジャンピングステップ
BSC43-077	ディーバネバーエンズ
BSC43-078	メルトアタラクシア
BSC43-RV001	［放課後の約束］レイ・オーバ
BSC43-RV002	［みんなのお姉さん］エマ・ジーン
BSC43-RV003	ミリア・サンデー
BSC43-RV004	［白き翼］オルティーナ・クラン
BSC43-RV005	［ホップステップ］ミスティ・ライルビット
BSC43-RV006	［神聖少女］ケリュネ・ライトニング
BSC43-RV007	［全力歌姫］キャンディ・サード
BSC43-RV008	［スターフェス］ゲイル・フェニーク
BSC43-RV009	［夏休み］トリックスター
BSC43-RV010	［トップアイドル］トリックスター
BSC43-CX01	［ずっと一緒に］レイ・オーバ
BSC43-CX02	［ずっと一緒に］トリックスター
BSC43-CX03	［敏腕プロデューサー］サラスヴァティー
BSC43-X01	［10thディーバ］ノア・フルール
BSC43-X02	［10thディーバ］フォンニーナ
BSC43-X03	［10thディーバ］ディアナ・フルール
BSC43-X04	［10thディーバ］リアス・ウロヴォルン
BSC43-X05	［10thディーバ］ガーヤトリー・フォックス
BSC43-X06	［10thディーバ］リヴィー・ラ・フォーレム
BSC43-X07	［10thディーバ］フォーミュリア・エグゼシータ
BSC43-X08	［10thディーバ］バンリ・ソラ
BSC43-X09	［10thディーバ］トリックスター
BSC43-XX01	［10thディーバ］レイ・オーバ
BSC43-XX02	天罰の大天使
BSC43-CP01	［地獄からの使者］ミズノ
BSC43-CP02	伝説の詩姫ライラさん
BSC43-CP03	マリー・アント・零須
BSC43-CP04	［打倒キリカ］黒曜の徒
BSC44-001	花翼蛇ショチピリ
BSC44-002	蛇女王チマルマン
BSC44-003	ショチケツァル
BSC44-004	角騎士ピサロ
BSC44-005	黄金騎士ライコガ
BSC44-006	風牙の騎師団長オオキバティウス
BSC44-007	釣甲獣オポチトリ
BSC44-008	鎧装獣オブシディア・マジロ
BSC44-009	霜甲獣イツトラ・コリウキ
BSC44-010	スコロライト・ゴレム
BSC44-011	ギベオン・ゴレム
BSC44-012	ユークレース・ゴレム
BSC44-013	ダリアフィールド
BSC44-014	ガーベラフィールド
BSC44-015	ナデシコフィールド
BSC44-RV001	槍騎士バインライヒ
BSC44-RV002	凸騎士カブドルム
BSC44-RV003	凹騎士クワガダラ
BSC44-RV004	ブラックオニキス・ゴレム
BSC44-RV005	神変形アックス・アームズ
BSC44-RV006	神変形ハンマー・アームズ
BSC44-RV007	神鎚メテオフォージ
BSC44-RV008	バグズリバース
BSC44-RV009	プリムローズフィールド
BSC44-RV010	クローバーフィールド
BSC44-RV011	ベラドンナフィールド
BSC44-CX01	翼蛇の契約神ククルカン
BSC44-CX02	戦殻の契約神アレス
BSC44-CX03	黒甲の契約神テスカトリポカ
BSC44-CX04	神華の契約神アプロディーテ
BSC44-CX05	炉神の契約神ヘファイストス
BSC44-X01	創世王蛇グクマッツ
BSC44-X02	殻騎士帝ウェストウッド
BSC44-X03	赤星甲帝カマシュトリ
BSC44-X04	神華女帝アプロ・パンデーモス
BSC44-X05	聖導人形ターロス・ゴレム
BSC44-RVX01	殻神騎士ナイト・オブ・グラディウス
BSC44-RVX02	神華聖霊アプロ・ウラニアー
BSC44-RVX03	蒼白造兵アゼツライト・ゴレム
BSC45-001	リザドエッジLT
BSC45-002	レイニードルLT
BSC45-003	天槍の勇者アークLT
BSC45-004	猛角獣ホーングリズリーLT
BSC45-005	恐竜姫ジュラLT
BSC45-006	アンキラーザウルスLT
BSC45-007	恐竜人ティラノイドLT
BSC45-008	サーベカウラスLT
BSC45-009	銀河竜アンドロメテオスLT
BSC45-010	戦斧のアポロディノスLT
BSC45-011	黒皇龍ダークヴルムLT
BSC45-012	雷皇龍ジークヴルムLT
BSC45-013	烈火の勇者皇アークLT
BSC45-014	剣龍皇エクス・キャリバスLT
BSC45-015	ピジョンヘディレスLT
BSC45-016	デモ・ボーンLT
BSC45-017	ストレイソウルLT
BSC45-018	ブロンズメイデンLT
BSC45-019	天鎌の勇者ザンバLT
BSC45-020	冥将アマイモンLT
BSC45-021	冥闘士バラムLT
BSC45-022	斬首刀のシャドウスライサーLT
BSC45-023	双頭ヘビLT
BSC45-024	冥勇士デスカラビアLT
BSC45-025	冥剣士ベリトLT
BSC45-026	闇騎士モルドレッドLT
BSC45-027	暗空の勇者皇ザンバLT
BSC45-028	骸蛇スカルピオーネLT
BSC45-029	蛇凰神バァラルLT
BSC45-030	メェ～ポンLT
BSC45-031	アメンボーグLT
BSC45-032	カラカロッサムLT
BSC45-033	ディオ・マンティスLT
BSC45-034	メイパロットLT
BSC45-035	働きアントマンLT
BSC45-036	ブラックカラカロッサムLT
BSC45-037	虹翼のジュエルグLT
BSC45-038	天刃の勇者ヴォルザLT
BSC45-039	ミツジャラシLT
BSC45-040	ガブノハシLT
BSC45-041	重装蟲キャタバルガLT
BSC45-042	女王アントレーヌLT
BSC45-043	密林の勇者皇ヴォルザLT
BSC45-044	輝虹翼戦士ジュエルグΣLT
BSC45-045	キグナ・スワンLT
BSC45-046	神機レーヴァテインLT
BSC45-047	一角魚モノケロックLT
BSC45-048	機人フィアラルLT
BSC45-049	デュラクダールLT
BSC45-050	天弓の勇者ウルLT
BSC45-051	神機グングニルLT
BSC45-052	機人ドロイデンLT
BSC45-053	鍵鎚のヴァルグリンドLT
BSC45-054	盾機兵バルドルLT
BSC45-055	氷雪の勇者皇ウルLT
BSC45-056	鉄騎皇イグドラシルLT
BSC45-057	巨獣皇スミドロードLT
BSC45-058	機神獣インフェニット・ヴォルスLT
BSC45-059	キカザールLT
BSC45-060	ミザールLT
BSC45-061	イワザールLT
BSC45-062	占いペンタンLT
BSC45-063	天剣の勇者リュートLT
BSC45-064	パオ・ペイールLT
BSC45-065	神獣ハクタクLT
BSC45-066	細剣の猫騎士ケット・シーLT
BSC45-067	犬将クー・シーLT
BSC45-068	妖精騎士ピーターLT
BSC45-069	天使長ソフィアLT
BSC45-070	光輝の勇者皇リュートLT
BSC45-071	賢獣アイベリックスLT
BSC45-072	神帝獣スフィン・クロスLT
BSC45-073	鼬の暗殺者ウィゼーブLT
BSC45-074	豹人ベルセルカスLT
BSC45-075	ガラドルグLT
BSC45-076	犀銃士グライノスLT
BSC45-077	天斧の勇者カイオーLT
BSC45-078	古将ドグウ・ゴレムLT
BSC45-079	重槍のモーガンLT
BSC45-080	爆砕巨人ダグラスLT
BSC45-081	轟剣士レーヴェンLT
BSC45-082	蒼嵐の勇者皇カイオーLT
BSC45-083	異神獣クトゥルムLT
BSC45-084	神凰兵フェニックス・ゴレムLT
BSC45-085	太陽石の神殿LT
BSC45-086	暴かれた墓石LT
BSC45-087	賢者の樹の実LT
BSC45-088	機械神の加護LT
BSC45-089	鳳翼の聖剣LT
BSC45-090	夢中漂う桃幻郷LT
BSC45-091	転召の祭壇LT
BSC45-092	五行寺院LT
BSC45-093	名誉ある御前試合LT
BSC45-094	エクストラドローLT
BSC45-095	ヴィクトリーファイアLT
BSC45-096	ブラッディコフィンLT
BSC45-097	ソーンプリズンLT
BSC45-098	ダイヤモンドストライクLT
BSC45-099	ブリザードウォールLT
BSC45-100	ウィングブーツLT
BSC45-101	トランスフォーメーションLT
BSC45-102	ウィリアンスラッシュLT
BSC45-XV01	龍星皇メテオヴルムXV
BSC45-XV02	魔界七将ベルゼビートXV
BSC45-XV03	剣王獣ビャク・ガロウXV
BSC45-XV04	鎧神機ヴァルハランスXV
BSC45-XV05	大天使イスフィールXV
BSC45-XV06	巨人大帝アレクサンダーXV
BSC46-001	［10thディーバ・プリマ］ホクト・アポロニア
BSC46-002	［10thディーバ・プリマ］グリーフィア・ダルク
BSC46-003	バーシャ・ダレス
BSC46-004	［10thディーバ・プリマ］キャロン・ポーン
BSC46-005	［10thディーバ・プリマ］ソルディシア・A・ペンドラゴン
BSC46-006	［10thディーバ］リーファ・シアーズ
BSC46-007	［10thディーバ］フリーダ・ライファ
BSC46-008	［10thディーバ］マリモ・イーディス
BSC46-009	［四魔女坂］フラム・サンドリア
BSC46-010	［パンクな四魔女］フラム・サンドリア
BSC46-011	［10thディーバ・プリマの四魔女］マグノリリア・マイザー
BSC46-012	［10thディーバ・プリマの四魔女］イルマ・イマージュ
BSC46-013	［10thディーバ・プリマの四魔女］ルーナ・ヴァンディル
BSC46-014	［10thディーバ・プリマ］ショコ
BSC46-015	［10thディーバ・プリマ］ドーラ・クルセイル
BSC46-016	［宵闇の歌姫］リアス・ウロヴォルン
BSC46-017	［10thディーバ・プリマ］ダイヤ・ルーン
BSC46-018	［10thディーバ・プリマ］ムゥ
BSC46-019	［コズモ・ホラー］ムゥ
BSC46-020	［10thディーバ・プリマ］アン
BSC46-021	［10thディーバ・プリマ］リュキア・オース
BSC46-022	［10thディーバ・プリマ］ジェミナ＆ナイズル
BSC46-023	［10thディーバ・プリマ］ピスティナ・ガレオン
BSC46-024	［10thディーバ・プリマ］ポロン・サジータ
BSC46-025	［10thディーバ・プリマ］スピニア・スコール
BSC46-026	［10thディーバ・プリマ］リヴィー・ラ・フォーレム
BSC46-027	［10thディーバ・プリマ］ゼクシア・テンマ
BSC46-028	［焔ノ装イ］ゼクシア・テンマ
BSC46-029	［天ノ装イ］ゼクシア・テンマ
BSC46-030	［10thディーバ］ウェンディ・ケイト
BSC46-031	［10thディーバ・プリマ］バンリ・ゼル
BSC46-032	［百華の歌姫］バンリ・ソラ
BSC46-033	［10thディーバ］ココ
BSC46-034	［10thディーバ］アヴリエル
BSC46-035	［10thディーバ］ミレファ
BSC46-036	［10thディーバ］マリカ
BSC46-037	［10thディーバ・Next］フェニル
BSC46-038	［10thディーバ・Next］フェルマ
BSC46-039	［10thディーバ・Next］カミュ
BSC46-040	［10thディーバ・Next］ダルニア
BSC46-041	［10thディーバ・Next］フラウ
BSC46-042	プリンセスティアラ
BSC46-043	ディーバ10thパーティー：アフターパーティー
BSC46-044	Nextディーバ準備中
BSC46-045	アルティメットジャンプ
BSC46-046	憧れ超神星！
BSC46-047	フラムフレイム
BSC46-RV001	［プリティーガール］ラビィ・ダーリン
BSC46-RV002	［星の歌姫］スピッツ・ドラコニー
BSC46-RV003	［聖剣の乙女］グリーフィア・ダルク
BSC46-RV004	［黄金姫］ローズ・ベリィ
BSC46-RV005	ラグナリア・ロックウェル
BSC46-RV006	［スプラッシュダンサー］フォンニーナ
BSC46-RV007	ネイ・ランテイル
BSC46-RV008	［スターフェス］ジャンヌ・ドラニエス
BSC46-RV009	［スクールバンド］リオル・ティーダ「Vo/Gt」
BSC46-RV010	［学園制服］セイクレア・メトゥーム
BSC46-RV011	［探してアルテミス］ネガズボッ子
BSC46-RV012	［冬の装い］センリ・タイガ
BSC46-RV013	歌姫ラクェル
BSC46-CX01	［ずっと一緒に］フラム・サンドリア
BSC46-CX02	［ずっと一緒に］ムゥ
BSC46-CX03	［ずっと一緒に］ゼクシア・テンマ
BSC46-CX04	［敏腕プロデューサー］アルテミス
BSC46-X01	［10thディーバ・プリマ］レイ・オーバ
BSC46-X02	［10thディーバ］バーシャ・ダレス
BSC46-X03	［真・獄炎の四魔女］フラム・サンドリア
BSC46-X04	［マックスター］ムゥ
BSC46-X05	［地ノ装イ］ゼクシア・テンマ
BSC46-X06	［10thディーバ］ケリュネ・ライトニング
BSC46-X07	［スターリー・ハマル］セフィ・アリエス
BSC46-X08	プロデューサー兼マネージャープリン・ガーフィールド
BSC46-XX01	［10thディーバ・プリマ］ディアナ・フルール
BSC46-CP01	ベルガモット・ミント
BSC46-CP02	［魅惑のポイズン］Rockな萌姫モア
BSC46-CP03	［新進気鋭］リリカ・レム
BSC46-CP04	うさぎの国のお姫様 リリサ
BSC47-001	黄泉ノ雷神トヨフツ
BSC47-002	神産ノ獣ジュモクノシカ
BSC47-003	神産ノ獣オオヤビコ
BSC47-004	魔導の氷天使ソラヴィス
BSC47-005	騎兵の氷天使イルフェッサ
BSC47-006	預言の氷天使ハルン
BSC47-007	睡蓮女神ガンガー
BSC47-008	ムルガ・チキンナイト
BSC47-009	時の案内人ウォッチャ
BSC47-010	次元龍ウラディノス
BSC47-011	ピンクロータス
BSC47-RV001	神産ノ獣ジュモクウサギ
BSC47-RV002	神産ノ草神カヤノヒメ
BSC47-RV003	零華の姫君ミロスラーヴァ／氷翼零装ミロスラーヴァ
BSC47-RV004	氷女王ヴェルン・フロスト
BSC47-RV005	睡蓮鳥カザリ・オーチュ
BSC47-RV006	睡蓮鳥ウマー
BSC47-RV007	睡蓮鳥アンビカー／睡蓮女神アンビカー
BSC47-RV008	睡蓮女神カルティケーヤ
BSC47-RV009	時間双龍タイムラー・ダイムラー／時空竜軍団長タイムラー・ダイムラー
BSC47-RV010	時の番犬クロノ・ベロス／時の狭間
BSC47-RV011	時の親衛隊クロノ・インペリアルガード
BSC47-RV012	時空の門／時空守護龍ギルタキオン
BSC47-RV013	氷姫の創界石／氷魔神姫
BSC47-RV014	時冠の創界石／時冠魔神
BSC47-RV015	ブリザードテンペスト
BSC47-CX01	元始の契約神イザナギ＆イザナミ
BSC47-CX02	氷創の契約神フレミア
BSC47-CX03	慈愛の契約神パールヴァティー
BSC47-CX04	時空の契約神クロノス
BSC47-X01	神産ノ黄泉鳥アメノトリフネ
BSC47-X02	氷創神姫フレミア
BSC47-X03	融合神アルダナーリーシュヴァラ
BSC47-X04	シン・クロノス・リターナル
BSC47-RVX01	五英雄 氷槍の聖女グラフィーラ
BSC47-RVX02	殺戮の神妃カーリー
BSC47-RVTX01	空牙一閃／ムサシード・アシュライガー・オリジン
BSC47-RVTX02	キャバルリースラッシュ／ソーディアス・アーサー・オリジン
BSC47-RVTX03	風蟲円舞／ドルクス・ウシワカ・オリジン
BSC47-RVTX04	氷刃血解／ミブロック・バラガン・オリジン
BSC47-RVTX05	シーズグローリー／天醒槍ロンゴ・ミニアス
BSC47-RVTX06	ギフト・オブ・ザ・ナイル／クレオパトラス・オリジン
BSC47-RVTX07	轟覇天翔／サイゴード・ゴレム・オリジン
BSC48-001	ホムラグドールLT
BSC48-002	ヤイバードLT
BSC48-003	鉄砲犬ザッシュLT
BSC48-004	側近衆ホムラマンドリルLT
BSC48-005	ホムラチーターLT
BSC48-006	センゴクコンドルLT
BSC48-007	炎神獣ホムラウルフLT
BSC48-008	サンゾック・ベアLT
BSC48-009	天魔王ゴッド・ゼクスLT -焔ノ型-
BSC48-010	さまよう甲冑LT
BSC48-011	天魔王ゴッド・ゼクスLT -零ノ型-
BSC48-012	妖術師ヤクモLT
BSC48-013	ロクテンハヤブサLT
BSC48-014	鉄砲機兵タネガシマLT
BSC48-015	機巧犬キシュードッグLT
BSC48-016	イチバンスピアーLT
BSC48-017	犀ボーグLT
BSC48-018	機巧武者シラヌイLT
BSC48-019	機巧将イチヤ・ジョーLT
BSC48-020	フーリンLT
BSC48-021	ギュウキLT
BSC48-022	小波童子LT
BSC48-023	白空童子LT
BSC48-024	青海童子LT
BSC48-025	降魔明王LT
BSC48-026	紫蓮明王LT
BSC48-027	孔雀明王LT
BSC48-028	救世明王LT
BSC48-029	魂武者リューガLT
BSC48-030	獅子王LT
BSC48-031	炎龍刀オニマルLT
BSC48-032	妖刀ムラサメLT
BSC48-033	風翼刀ドウジキリLT
BSC48-034	一期一振LT
BSC48-035	地神刀オオテンタLT
BSC48-036	姫鶴一文字LT
BSC48-037	雷命刀ミカヅキLT
BSC48-038	水覇刀ジュズマルLT
BSC48-039	朱に染まる六天城LT
BSC48-040	No.32 アイランドルートLT
BSC48-041	鬼岩要塞LT
BSC48-042	機巧城LT
BSC48-043	華黄の城門LT
BSC48-044	暁の寺院城アルンLT
BSC48-045	千間観音堂LT
BSC48-046	芙蓉の五重塔LT
BSC48-047	No.26 キャピタルキャピタルLT
BSC48-048	オワリノセカイLT
BSC48-049	火炎之咆哮LT
BSC48-050	猛き孤高の虎
BSC48-051	焔大傾奇LT
BSC48-052	天魔王降臨LT
BSC48-053	光翼之太刀LT
BSC48-054	絶甲氷盾LT
BSC48-055	魔王刃LT
BSC48-056	ターンエンドだ虫けら。ターンエンドしろLT
BSC48-057	マントラドローLT
BSC48-058	蒼激ブレイズLT
BSC48-059	浜の群青の鬼姫
BSC48-060	ハイドロ曝龍LT
BSC48-CX01	猛虎の契約神 炎 利家
BSC48-CX02	天輪の契約神 大六天魔王
BSC48-CX03	蒼海の契約神 群青 早雲
BSC48-X01	センゴク・タイガーX
BSC48-X02	戦国将軍ジークフリード・魁X
BSC48-X03	烈風忍者キリカゲX
BSC48-X04	天下武者デイブレイク・サードX
BSC48-X05	剣聖姫ツルX
BSC48-X06	蒼海明王X
BSC48-X07	蓮華王センジュX
BSC48-X08	天魔王ゴッド・ゼクスX
BSC48-X09	天魔王ゴッド・ゼクスX -破ノ型-
BSC48-X10	刀将鎧アシュ・ライオンX
BSC48-XX01	天魔王ゴッド・ゼクスX -終ノ型-
BSC48-CP01	炎 利家
BSC48-CP02	群青 早雲
BSC48-CP03	天魔 信長
BSC49-001	シャムシーザーLT
BSC49-002	アクゥイラムLT
BSC49-003	カメレオプスLT
BSC49-004	シュリケラプトルLT
BSC49-005	ヤシウムLT
BSC49-006	星角獣ユニゴーントLT
BSC49-007	獅龍皇子レオグルスLT
BSC49-008	炎星神龍マルス・ドラグーンLT
BSC49-009	ソードールLT
BSC49-010	闇騎士ガヘリスLT
BSC49-011	フライスカルLT
BSC49-012	魔法剣士ドラゴナーガLT
BSC49-013	グラシャハウンドLT
BSC49-014	ジャイナガンLT
BSC49-015	マハーヴァスキLT
BSC49-016	闇騎士アグラヴェインLT
BSC49-017	冥王神獣インフェルド・ハデスLT
BSC49-018	邪眼皇ゼナスLT
BSC49-019	ムシャツバメLT
BSC49-020	ダンデラビットLT
BSC49-021	一番槍のシベルザLT
BSC49-022	くノ一ジョロウLT
BSC49-023	コロコーンLT
BSC49-024	ゴクラクチョーLT
BSC49-025	ヤン・オーガLT
BSC49-026	マウンテン・セイカイLT
BSC49-027	木星神龍ノブナガード・ゼウシスLT
BSC49-028	イグア・バギーLT
BSC49-029	キグナ・スワンMk-IILT
BSC49-030	セイルフィッシュLT
BSC49-031	ムーンショウウオLT
BSC49-032	ドルフィングLT
BSC49-033	剣馬グラニムLT
BSC49-034	ワルキューレ・ミストLT
BSC49-035	天王神獣スレイ・ウラノスLT
BSC49-036	星犬ポメランLT
BSC49-037	星鳥クージャLT
BSC49-038	冥土の魔女ヘレンLT
BSC49-039	ヒポグリフィーLT
BSC49-040	天星馬ペガシーダLT
BSC49-041	天使ティアエルLT
BSC49-042	導化姫トリックスターLT
BSC49-043	金星神龍ヴィーナ・フェーザーLT
BSC49-044	戦竜エルギニアスLT
BSC49-045	吟遊詩人のオルフェLT
BSC49-046	星海獣シー・サーペンダーLT
BSC49-047	シャンターグLT
BSC49-048	フォート・ゴレムLT
BSC49-049	海王神獣トライ・ポセイドスLT
BSC49-050	古代戦艦アルゴ・ゴレムLT
BSC49-051	イリテバンLT
BSC49-052	砲竜バル・ガンナーLT
BSC49-053	アンフィスバエナーLT
BSC49-054	輝竜シャイン・ブレイザーLT
BSC49-055	砲凰竜フェニック・キャノンLT
BSC49-056	骸戦車ゲパルバートLT
BSC49-057	イビル・フィッシャーLT
BSC49-058	鎧骨殻ボーン・ローダーLT
BSC49-059	ズガネークLT
BSC49-060	騎士王蛇ペンドラゴンLT
BSC49-061	シールディバグLT
BSC49-062	オオヅツナナフシLT
BSC49-063	ヒョウ・カッチューLT
BSC49-064	マネキキャットLT
BSC49-065	ジャノメ・シールダーLT
BSC49-066	鎧馬アルファズルLT
BSC49-067	ゲッコ・グライダーLT
BSC49-068	ホーク・ブレイカーLT
BSC49-069	きぐるみクマッターLT
BSC49-070	シユウLT
BSC49-071	神弓鳥ペリュトーンLT
BSC49-072	ショゴルスLT
BSC49-073	バルカン・アームズLT
BSC49-074	トレス・ベルーガLT
BSC49-075	光り輝く大銀河LT
BSC49-076	旅団の摩天楼LT
BSC49-077	戦場に息づく命LT
BSC49-078	月照す氷結湖LT
BSC49-079	白き楯の長城LT
BSC49-080	明星きらめく花園LT
BSC49-081	黄金の鐘楼LT
BSC49-082	星空の冠LT
BSC49-083	未完成の古代戦艦：船尾LT
BSC49-084	未完成の古代戦艦：帆LT
BSC49-085	未完成の古代戦艦：竜骨LT
BSC49-086	未完成の古代戦艦：羅針盤LT
BSC49-087	リバイヴドローLT
BSC49-088	ブレイヴドローLT
BSC49-089	サジッタフレイムLT
BSC49-090	トーテンタンツLT
BSC49-091	トライアングルトラップLT
BSC49-092	ライフチャージLT
BSC49-093	カシオペアシールLT
BSC49-094	リブートコードLT
BSC49-095	デルタバリアLT
BSC49-096	ルナティックシールLT
BSC49-097	ペガサスフラップLT
BSC49-098	ハンドタイフーンLT
BSC49-099	ウィッグバインドLT
BSC49-100	オリオンパワーLT
BSC49-101	アルゴアタックLT
BSC49-102	マーキュリーゴブレットLT
BSC49-XV01	金牛龍神ドラゴニック・タウラスXV
BSC49-XV02	光龍騎神サジット・アポロドラゴンXV
BSC49-XV03	魔羯邪神シュタイン・ボルグXV
BSC49-XV04	双魚賊神ピスケガレオンXV
BSC49-XV05	巨蟹武神キャンサードXV
BSC49-XV06	白羊樹神セフィロ・アリエスXV
BSC49-XV07	宝瓶神機アクア・エリシオンXV
BSC49-XV08	獅機龍神ストライクヴルム・レオXV
BSC49-XV09	戦神乙女ヴィエルジェXV
BSC49-XV10	魔導双神ジェミナイズXV
BSC49-XV11	天蠍神騎スコル・スピアXV
BSC49-XV12	天秤造神リブラ・ゴレムXV
BSC49-CP01	光導龍騎ゾディアックアポロクリムゾン
BSC49-CP02	光導の契約神ダン
BSC49-CP03	創界神ダン
BSC50-001	ブレイドラLT
BSC50-002	ヴェロキ・ハルパーLT
BSC50-003	モルゲザウルスLT
BSC50-004	太陽飛竜フレアドラグーンLT
BSC50-005	神星皇ストライク・アポロドラゴンLT
BSC50-006	ソウルホースLT
BSC50-007	森林のセッコーキジLT
BSC50-008	月光武者ヘイケ・ボルタLT
BSC50-009	月牙龍ストライクヴルム・シリウスLT
BSC50-010	ザニーガンLT
BSC50-011	ガドファントLT
BSC50-012	ノーザンベアードLT
BSC50-013	近衛機クリザンテMk-VIIILT
BSC50-014	月光竜機クレセントールLT
BSC50-015	月影龍ストライクヴルム・ベテルギウスLT
BSC50-016	ニジノコLT
BSC50-017	月光妖精ゲッカLT
BSC50-018	月華龍ストライクヴルム・プロキオンLT
BSC50-019	突機竜アーケランサーLT
BSC50-020	デス・ヘイズLT
BSC50-021	黒翼竜バーン・クロウLT
BSC50-022	武槍鳥スピニード・ハヤトLT
BSC50-023	刃狼ベオ・ウルフLT
BSC50-024	ジェット・レイLT
BSC50-025	獣装甲メガバイソンLT
BSC50-026	セイバーシャークLT
BSC50-027	極星剣機ポーラ・キャリバーLT
BSC50-028	天角獣バイコーンLT
BSC50-029	牙皇ケルベロードLT
BSC50-030	雷神砲カノン・アームズLT
BSC50-031	炎の楽園LT
BSC50-032	闇の聖剣LT
BSC50-033	光の聖剣LT
BSC50-034	ネクサスコラプスLT
BSC50-035	バーニングサンLT
BSC50-036	ビッグバンエナジーLT
BSC50-037	スターリードローLT
BSC50-038	メテオストームLT
BSC50-039	俺はバトルフィールドに帰ってきたんだ
BSC50-040	サザンクロスフレイムLT
BSC50-041	あたし達は、もう大丈夫。
BSC50-042	グリーディコアLT
BSC50-043	アブソリュートストライクLT
BSC50-044	バキュームシンボルLT
BSC50-045	サイレントロックLT
BSC50-046	ああ…ここの月はいけない…
BSC50-CX01	太陽の契約神 馬神 弾
BSC50-CX02	滅神の契約神 紫乃宮 まゐ
BSC50-CX03	月光の契約神バローネ
BSC50-X01	太陽龍神シャイントレス・サジット・アポロドラゴン
BSC50-X02	月光龍神ストライクヴルム・レオ・ホーク
BSC50-XV01	太陽龍ジーク・アポロドラゴンXV
BSC50-XV02	太陽神龍ライジング・アポロドラゴンXV
BSC50-XV03	滅神星龍ダークヴルム・ノヴァXV
BSC50-XV04	月光龍ストライク・ジークヴルムXV
BSC50-XV05	月光神龍ルナテック・ストライクヴルムXV
BSC50-CP01	馬神 弾
BSC50-CP02	月光のバローネ
BSC51-CP01	［白黒幻奏］レイ・オーバ
BSC51-CP02	［サイバーフューチャー］フォンニーナ
BSC51-CP03	［戦国の四魔女］フラム・サンドリア
BSC51-CP04	［アルテミスチェイサー］ムーンライラ・ランドック
BSC51-CP05	［グレイテストウィンド］ゲイル・フェニーク
BSC51-CP06	［ずっと一緒に］ブラックスター
26RDB01-001	ジェーン・ボゥ
26RDB01-002	［星兎オリジン］ラビィ・ダーリン
26RDB01-003	ムーシャ・コッコ
26RDB01-004	［剣雛オリジン］ラン・ブレイセア
26RDB01-005	［絢爛シャイニー］ローラ・ビャクラン
26RDB01-006	［星徒オリジン］スピッツ・ドラコニー
26RDB01-007	［飛剛オリジン］アーク・ライア
26RDB01-008	［赤雲オリジン］ジーン・ローズ
26RDB01-009	［赤導オリジン］シャニエル
26RDB01-010	［戦国オリジン］センリ・タイガ
26RDB01-011	［光騎オリジン］ポロン・サジータ
26RDB01-012	［龍皇オリジン］ジークフリーダ
26RDB01-013	［烈火オリジン］バンリ・ソラ
26RDB01-014	［雷神オリジン］サンディ・Z・レオノーラ
26RDB01-015	［歌神オリジン］サラスヴァティー
26RDB01-016	アロエ・トール
26RDB01-017	［天獣オリジン］ガーヤトリー・フォックス
26RDB01-018	［烈飛オリジン］バーバラ・チョウティ
26RDB01-019	［透笠オリジン］オリンディアス
26RDB01-020	［四魔女オリジン：獄風］ルーナ・ヴァンディル
26RDB01-021	［烈覇オリジン］セイナ・リューミン
26RDB01-022	［甲手オリジン］スクィーディナ
26RDB01-023	［樹花オリジン］フラウ
26RDB01-024	［剣王オリジン］ローラ・ビャクラン
26RDB01-025	［神羊オリジン］セフィ・アリエス
26RDB01-026	［大公オリジン］タウリース・キング
26RDB01-027	［深打オリジン］シーン・エイラ
26RDB01-028	［終焉オリジン］ラグナリア・ロックウェル
26RDB01-029	［皇帝オリジン］カイザリン・アトゥラス
26RDB01-030	［魔宝オリジン］モリガン
26RDB01-031	［断罪レボリューション］ジャンヌ・ドラニエス
26RDB01-032	［黒天オリジン］ネイ・ランテイル
26RDB01-033	［子オリジン］マウ・チュッチュ
26RDB01-034	［辰オリジン］リアス・ウロヴォルン
26RDB01-035	メル・ラック
26RDB01-036	［未オリジン］ローリア・シープス
26RDB01-037	［戌オリジン］マリー・ドッグ
26RDB01-038	［申オリジン］イエロー・マーリン
26RDB01-039	［寅オリジン］リオル・ティーダ
26RDB01-040	［丑オリジン］ファラン・シュバイソン
26RDB01-041	［亥オリジン］カーラミィ・ティボア
26RDB01-042	［卯オリジン］ミスティ・ライルビット
26RDB01-043	［午オリジン］フォーミュリア・エグゼシータ
26RDB01-044	［蒼駆オリジン］ソフィーユ・クルプニール
26RDB01-045	［酉オリジン］ゲイル・フェニーク
26RDB01-046	ライカ・ロンシア
26RDB01-047	［樹林オリジン］クローディア
26RDB01-048	レッドステラステージ
26RDB01-049	レッドステラ：主星公演
26RDB01-050	グリーンウェーブステージ
26RDB01-051	ペンライトウェーブ
26RDB01-052	ブルービートステージ
26RDB01-053	フォートレスステージ
26RDB01-054	アルールメント
26RDB01-055	ハートアロー
26RDB01-056	戦国焔舞
26RDB01-057	ハンドブルーム
26RDB01-058	ハウリングソング
26RDB01-059	ディープストライク
26RDB01-060	ディーバ・オンステージ
26RDB01-061	グレートサクセス
26RDB01-062	グリードシャウト
26RDB01-063	ギガンソング
26RDB01-X01	［轟風オリジン］ヴァルディナ・ガイヤ
26RDB01-X02	［超星オリジン］ノア・フルール
26RDB01-X03	［渦姫オリジン］メルディア・マルルフィン
26RDB01-X04	［蜂王オリジン］フォンニーナ
26RDB01-X05	［クロマティックシャイン］レイ・オーバ
26RDB01-X06	［巳オリジン］ティア・マドゥーラ
26RDB01-X07	［盾角オリジン］ディアン・テリオン
CB01-001	友好巨鳥リドリアス
CB01-002	宇宙恐竜ハイパーゼットン（コクーン）
CB01-003	風ノ魔王獣マガバッサー
CB01-004	宇宙怪獣ベムラー
CB01-005	古代怪獣ゴモラ
CB01-006	火ノ魔王獣マガパンドン
CB01-007	宇宙恐竜ハイパーゼットン（ギガント）
CB01-008	完全生命体イフ（第4型）
CB01-009	土ノ魔王獣マガグランドキング
CB01-010	円盤生物ノーバ
CB01-011	どくろ怪獣レッドキング（二代目）
CB01-012	大魔王獣マガオロチ
CB01-013	光ノ魔王獣マガゼットン
CB01-014	無幻魔人ジャグラス ジャグラー（魔人態）
CB01-015	合体魔王獣ゼッパンドン
CB01-016	分身宇宙人ガッツ星人ドッペル
CB01-017	誘拐怪人ケムール人
CB01-018	極悪宇宙人テンペラー星人バチスタ
CB01-019	地獄星人ヒッポリト星人カリスト
CB01-020	触角宇宙人バット星人
CB01-021	ダークルギエル
CB01-022	炎魔戦士キリエロイドII
CB01-023	暗黒宇宙大皇帝エンペラ星人
CB01-024	百体怪獣ベリュドラ
CB01-025	閻魔獣罪業苦
CB01-026	バルタン星人
CB01-027	奇機械改竜ギャラクトロン
CB01-028	奇機械宇宙人ガピヤ星人サデス
CB01-029	奇機械怪獣デアボリック
CB01-030	愛憎戦士カミーラ
CB01-031	邪悪なる暗黒破壊神ダークザギ
CB01-032	超古代怨霊翼獣シビトゾイガー
CB01-033	ウルトラマンビクトリー
CB01-034	ウルトラマンジャック
CB01-035	月光怪獣再生エレキング
CB01-036	ウルトラマンギンガ
CB01-037	ミサイル超獣ベロクロン
CB01-038	ゾフィー
CB01-039	ウルトラマンエックス
CB01-040	ウルトラマンオーブ エメリウムスラッガー
CB01-041	ウルトラマンオーブ スペシウムゼペリオン
CB01-042	ウルトラセブン
CB01-043	ウルトラマンオーブ ライトニングアタッカー
CB01-044	ウルトラマンメビウス
CB01-045	ウルトラマンゼロ
CB01-046	闇黒魔超獣デモンゾーア
CB01-047	ウルトラマンオーブ オーブオリジン
CB01-048	水ノ魔王獣マガジャッパ
CB01-049	ウルトラマンオーブ サンダーブレスター
CB01-050	銀河皇帝カイザーベリアル
CB01-051	タワーに集まる邪悪
CB01-052	フューチャーアース
CB01-053	宝石になった都市
CB01-054	バルタン星人の宇宙船
CB01-055	絆の力、おかりします！
CB01-056	光の国
CB01-057	コラプサーオーラ
CB01-058	マガタノ迅雷
CB01-059	デスシウム光線
CB01-060	ヒートブラスター
CB01-061	ゼペリオン光線
CB01-062	トリニティウム光輪
CB01-X01	超大魔王獣マガタノオロチ
CB01-X02	滅亡の邪神ハイパーゼットン（イマーゴ）
CB01-X03	超科学星人ダークバルタン
CB01-X04	初代ウルトラマン
CB01-X05	ウルトラマンティガ
CB01-X06	ウルトラマンオーブ オーブトリニティ
CB02-001	アグモン
CB02-002	ピヨモン
CB02-003	バードラモン
CB02-004	グレイモン
CB02-005	メラモン
CB02-006	レオモン
CB02-007	パロットモン
CB02-008	スカルグレイモン
CB02-009	メタルグレイモン
CB02-010	ピコデビモン
CB02-011	ガブモン
CB02-012	ガルルモン
CB02-013	オーガモン
CB02-014	デビモン
CB02-015	パンプモン
CB02-016	レディーデビモン
CB02-017	ワーガルルモン
CB02-018	ヴァンデモン
CB02-019	ヴェノムヴァンデモン
CB02-020	テントモン
CB02-021	パルモン
CB02-022	ウッドモン
CB02-023	トゲモン
CB02-024	カブテリモン
CB02-025	ジュレイモン
CB02-026	ピノッキモン
CB02-027	ゴツモン
CB02-028	ハグルモン
CB02-029	タンクモン
CB02-030	メカノリモン
CB02-031	ベーダモン
CB02-032	メガドラモン
CB02-033	アンドロモン
CB02-034	もんざえモン
CB02-035	ムゲンドラモン
CB02-036	メタルエテモン
CB02-037	パタモン
CB02-038	プロットモン
CB02-039	テイルモン
CB02-040	ユニモン
CB02-041	エンジェモン
CB02-042	ウィザーモン
CB02-043	ピエモン
CB02-044	オタマモン
CB02-045	ゴマモン
CB02-046	ゲコモン
CB02-047	イッカクモン
CB02-048	シードラモン
CB02-049	ホエーモン
CB02-050	メガシードラモン
CB02-051	トノサマゲコモン
CB02-052	メタルシードラモン
CB02-053	ケラモン
CB02-054	スカモン
CB02-055	ヌメモン
CB02-056	クリサリモン
CB02-057	インフェルモン
CB02-058	エテモン
CB02-059	アポカリモン
CB02-060	ディアボロモン
CB02-061	デジタマ
CB02-062	ファイル島
CB02-063	デジヴァイス
CB02-064	ムゲンマウンテン
CB02-065	スパイラルマウンテン
CB02-066	ガイアフォース
CB02-067	ナイトレイド
CB02-068	シャドーウィング
CB02-069	グレイソード
CB02-070	ヘブンズナックル
CB02-071	アルティメットストリーム 
CB02-X01	ウォーグレイモン
CB02-X02	ガルダモン
CB02-X03	メタルガルルモン
CB02-X04	アトラーカブテリモン
CB02-X05	リリモン
CB02-X06	エンジェウーモン
CB02-X07	ホーリーエンジェモン
CB02-X08	ズドモン
CB02-XX01	オメガモン
CB03-CP01	ズバモン
CB04-001	ゴウラム
CB04-002	仮面ライダークウガ グローイングフォーム
CB04-003	仮面ライダークウガ マイティフォーム
CB04-004	仮面ライダークウガ＆トライチェイサー2000
CB04-005	仮面ライダークウガ ペガサスフォーム
CB04-006	仮面ライダークウガ タイタンフォーム
CB04-007	仮面ライダークウガ ドラゴンフォーム
CB04-008	仮面ライダークウガ アメイジングマイティ
CB04-009	仮面ライダービルド ラビットラビットフォーム
CB04-010	仮面ライダークウガ ライジングアルティメット
CB04-011	仮面ライダービルド ホークガトリングフォーム
CB04-012	仮面ライダーW ヒートメタル
CB04-013	メ・バヂス・バ
CB04-014	マスカレイド・ドーパント
CB04-015	クレイドール・ドーパント
CB04-016	スミロドン・ドーパント
CB04-017	ズ・ゴオマ・グ
CB04-018	ゴ・バダー・バ
CB04-019	タブー・ドーパント
CB04-020	仮面ライダーガオウ
CB04-021	ウェザー・ドーパント
CB04-022	ゴ・ガドル・バ
CB04-023	ナスカ・ドーパント
CB04-024	仮面ライダーネガ電王 ネガフォーム
CB04-025	仮面ライダー幽汽 ハイジャックフォーム
CB04-026	テラー・ドーパント
CB04-027	ユートピア・ドーパント
CB04-028	仮面ライダービルド ニンニンコミックフォーム
CB04-029	仮面ライダーアクセル
CB04-030	仮面ライダーアクセルトライアル
CB04-031	仮面ライダーエターナル
CB04-032	仮面ライダーアクセルブースター
CB04-033	仮面ライダーW サイクロンジョーカー
CB04-034	仮面ライダースカル
CB04-035	仮面ライダーW サイクロンジョーカーエクストリーム
CB04-036	仮面ライダー電王 プラットフォーム
CB04-037	仮面ライダーゼロノス アルタイルフォーム
CB04-038	仮面ライダーゼロノス ベガフォーム
CB04-039	仮面ライダー電王 ロッドフォーム
CB04-040	仮面ライダー電王 ウイングフォーム
CB04-041	仮面ライダー電王 ガンフォーム
CB04-042	仮面ライダー電王 ソードフォーム
CB04-043	仮面ライダーG電王
CB04-044	仮面ライダーゼロノス ゼロフォーム
CB04-045	仮面ライダー電王 アックスフォーム
CB04-046	仮面ライダー電王 ライナーフォーム
CB04-047	仮面ライダーW ファングジョーカー
CB04-048	仮面ライダーW ルナトリガー
CB04-049	仮面ライダービルド タンクタンクフォーム
CB04-050	仮面ライダービルド 海賊レッシャーフォーム
CB04-051	仮面ライダークローズ
CB04-052	仮面ライダーグリス
CB04-053	仮面ライダーディエンド
CB04-054	仮面ライダーディエンド コンプリートフォーム
CB04-055	仮面ライダークローズチャージ
CB04-056	4コマ忍法刀
CB04-057	ネガタロス
CB04-058	プリズムビッカー
CB04-059	キンタロス
CB04-060	リュウタロス
CB04-061	ウラタロス
CB04-062	ジーク
CB04-063	デネブ
CB04-064	モモタロス
CB04-065	カイゾクハッシャー
CB04-066	九郎ヶ岳遺跡
CB04-067	園咲家
CB04-068	地球の本棚
CB04-069	風都タワー
CB04-070	デンライナー
CB04-071	時の分岐点
CB04-072	ライジングマイティキック
CB04-073	ネガワイルドショット
CB04-074	ジョーカーエクストリーム
CB04-075	デンライダーキック
CB04-X01	仮面ライダービルド ラビットタンクハザードフォーム
CB04-X02	仮面ライダークウガ ライジングマイティ
CB04-X03	仮面ライダーディケイド 激情態
CB04-X04	ン・ダグバ・ゼバ
CB04-X05	仮面ライダーW サイクロンジョーカーゴールドエクストリーム
CB04-X06	仮面ライダー電王 クライマックスフォーム
CB04-XX01	仮面ライダークウガ アルティメットフォーム
CB05-001	ホークモン
CB05-002	ベアモン
CB05-003	アクィラモン
CB05-004	ティラノモン
CB05-005	ホルスモン
CB05-006	フレイドラモン
CB05-007	サーベルレオモン
CB05-008	トリケラモン
CB05-009	シルフィーモン
CB05-010	ガジモン
CB05-011	バクモン
CB05-012	バケモン
CB05-013	イビルモン
CB05-014	スカルサタモン
CB05-015	マミーモン
CB05-016	デーモン
CB05-017	ベリアルヴァンデモン
CB05-018	デスメラモン
CB05-019	フローラモン
CB05-020	ワームモン
CB05-021	クワガーモン
CB05-022	ピッコロモン
CB05-023	ドクグモン
CB05-024	スティングモン
CB05-025	シュリモン
CB05-026	ライドラモン
CB05-027	アルケニモン
CB05-028	ベタモン
CB05-029	ハックモン
CB05-030	リボルモン
CB05-031	ゴーレモン
CB05-032	サンダーボールモン
CB05-033	ナノモン
CB05-034	ナイトモン
CB05-035	エレキモン
CB05-036	アルマジモン
CB05-037	アンキロモン
CB05-038	ケンタルモン
CB05-039	ディグモン
CB05-040	ネフェルティモン
CB05-041	ペガスモン
CB05-042	ヒポグリフォモン
CB05-043	チンロンモン
CB05-044	シャッコウモン
CB05-045	ギザモン
CB05-046	ブイモン
CB05-047	エクスブイモン
CB05-048	シェルモン
CB05-049	サブマリモン
CB05-050	ダゴモン
CB05-051	オロチモン
CB05-052	インペリアルドラモン ドラゴンモード
CB05-053	クラモン
CB05-054	アーマゲモン
CB05-055	ダークタワー
CB05-056	D-3
CB05-057	オメガブレード
CB05-058	サンクチュアリバインド
CB05-059	アルティメットフレア
CB05-X01	ブラックウォーグレイモン
CB05-X02	ジエスモン
CB05-X03	マグナモン
CB05-X04	パイルドラモン
CB05-X05	インペリアルドラモン ファイターモード
CB05-X06	アルファモン
CB05-XX01	インペリアルドラモン パラディンモード
CB06-001	仮面ライダーファイズ
CB06-002	オートバジン バトルモード
CB06-003	仮面ライダーファイズ ［2］
CB06-004	仮面ライダーゲイツ
CB06-005	仮面ライダーファイズ アクセルフォーム
CB06-006	仮面ライダークウガ ライジングタイタン
CB06-007	仮面ライダークウガ ライジングドラゴン
CB06-008	仮面ライダークウガ ライジングペガサス
CB06-009	仮面ライダーカイザ
CB06-010	仮面ライダーファイズ アクセルフォーム ［2］
CB06-011	仮面ライダーデルタ
CB06-012	仮面ライダービルド ファイヤーヘッジホッグフォーム
CB06-013	仮面ライダービルド ゴリラモンドフォーム
CB06-014	仮面ライダービルド ラビットタンクフォーム ［3］
CB06-015	仮面ライダービルド クローズビルドフォーム
CB06-016	仮面ライダービルド ラビットタンクスパークリングフォーム ［2］
CB06-017	仮面ライダーキバ キバフォーム
CB06-018	仮面ライダージョーカー
CB06-019	クロコダイルオルフェノク 凶暴態
CB06-020	仮面ライダーキバ バッシャーフォーム
CB06-021	仮面ライダーキバ ガルルフォーム
CB06-022	仮面ライダーキバ ドッガフォーム
CB06-023	クレインオルフェノク
CB06-024	センチピードオルフェノク
CB06-025	Rナスカ・ドーパント
CB06-026	仮面ライダーイクサ バーストモード
CB06-027	仮面ライダーサガ
CB06-028	ナイトローグ
CB06-029	ラヴリカバグスター
CB06-030	ウルフオルフェノク
CB06-031	ゴートオルフェノク
CB06-032	ダークグラファイトバグスター
CB06-033	仮面ライダーローグ
CB06-034	仮面ライダーキバ ドガバキフォーム
CB06-035	仮面ライダーライジングイクサ
CB06-036	ブラッドスターク
CB06-037	ドラゴンオルフェノク 魔人態
CB06-038	仮面ライダーダークキバ
CB06-039	アークオルフェノク
CB06-040	仮面ライダークロノス クロニクルゲーマー
CB06-041	ゲムデウスバグスター
CB06-042	ホースオルフェノク
CB06-043	仮面ライダーエボル ブラックホールフォーム
CB06-044	仮面ライダーW サイクロンジョーカー ［2］
CB06-045	仮面ライダーW サイクロンジョーカーエクストリーム ［2］
CB06-046	仮面ライダーエグゼイド アクションゲーマー レベル1
CB06-047	仮面ライダーエグゼイド アクションゲーマー レベル2 ［2］
CB06-048	仮面ライダースナイプ シューティングゲーマー レベル2
CB06-049	仮面ライダーブレイブ クエストゲーマー レベル2
CB06-050	仮面ライダーレーザー バイクゲーマー レベル2
CB06-051	仮面ライダーエグゼイド ハンターアクションゲーマー レベル5
CB06-052	仮面ライダースナイプ ハンターシューティングゲーマー レベル5
CB06-053	仮面ライダーブレイブ ハンタークエストゲーマー レベル5
CB06-054	仮面ライダーレーザー ハンターバイクゲーマー レベル5
CB06-055	仮面ライダー電王 ソードフォーム ［2］
CB06-056	仮面ライダースナイプ シミュレーションゲーマー レベル50
CB06-057	仮面ライダーレーザーターボ バイクゲーマー レベル0
CB06-058	仮面ライダーパラドクス パズルゲーマー レベル50
CB06-059	仮面ライダーパラドクス ファイターゲーマー レベル50
CB06-060	仮面ライダーブレイブ ファンタジーゲーマー レベル50
CB06-061	仮面ライダーエグゼイド マキシマムゲーマー レベル99
CB06-062	仮面ライダーパラドクス パーフェクトノックアウトゲーマー レベル99
CB06-063	仮面ライダー電王 超クライマックスフォーム
CB06-064	仮面ライダーゲンム アクションゲーマー レベル0
CB06-065	仮面ライダーゲンム ゾンビアクションゲーマー レベルX-0
CB06-066	仮面ライダービルド キードラゴンフォーム
CB06-067	仮面ライダークローズマグマ
CB06-068	仮面ライダーグリスブリザード
CB06-069	キバットバットIII世
CB06-070	モモタロス ［2］
CB06-071	オートバジン ビークルモード
CB06-072	スマートブレイン社
CB06-073	キャッスルドラン
CB06-074	ゲームエリア
CB06-075	パンドラボックス
CB06-076	クリムゾンスマッシュ
CB06-077	ダークネスムーンブレイク
CB06-078	ボルテックフィニッシュ
CB06-X01	仮面ライダーファイズ ブラスターフォーム
CB06-X02	仮面ライダーキバ エンペラーフォーム
CB06-X03	ホースオルフェノク 疾走態
CB06-X04	仮面ライダーエグゼイド ムテキゲーマー
CB06-X05	仮面ライダージオウ
CB06-X06	仮面ライダービルド ジーニアスフォーム
CB06-XX01	檀黎斗神
CB06-CP01	仮面ライダージオウ ビルドアーマー
CB06-CP02	新檀黎斗
CB07-001	ギルモン
CB07-002	レオモン（テイマーズ）
CB07-003	ダークティラノモン
CB07-004	グラウモン
CB07-005	ミヒラモン
CB07-006	インダラモン
CB07-007	メガログラウモン
CB07-008	スーツェーモン
CB07-009	メギドラモン
CB07-010	インプモン
CB07-011	ゴブリモン
CB07-012	アイスデビモン
CB07-013	デビドラモン
CB07-014	ドーベルモン
CB07-015	サンティラモン
CB07-016	メフィスモン
CB07-017	マジラモン
CB07-018	ガルフモン
CB07-019	シンドゥーラモン
CB07-020	シェンウーモン
CB07-021	テリアモン
CB07-022	ガードロモン
CB07-023	ガルゴモン
CB07-024	パジラモン
CB07-025	メイルドラモン
CB07-026	ヴァジラモン
CB07-027	ラピッドモン（テイマーズ）
CB07-028	バイフーモン
CB07-029	モノドラモン
CB07-030	サイバードラモン
CB07-031	クンビラモン
CB07-032	レナモン
CB07-033	ロップモン
CB07-034	マクラモン
CB07-035	キュウビモン
CB07-036	ウェンディモン
CB07-037	タオモン
CB07-038	ケルビモン（悪）
CB07-039	アンティラモン（デーヴァ）
CB07-040	チャツラモン
CB07-041	ヴィカラーラモン
CB07-042	マリンエンジェモン
CB07-043	デ・リーパーADR-02 サーチャー
CB07-044	デ・リーパーADR-01 ジュリ
CB07-045	デ・リーパーADR-07 パラティスヘッド
CB07-046	リーパー
CB07-047	マザー デ・リーパー
CB07-048	クルモン
CB07-049	デジノーム
CB07-050	グラニ
CB07-051	ベヒーモス
CB07-052	白い羽
CB07-053	ヒュプノス
CB07-054	デジタルモンスターカードゲーム
CB07-055	シャッガイ
CB07-056	ディーアーク
CB07-057	レッドカード
CB07-058	ファイナル・エリシオン
CB07-059	ダークネスクロウ
CB07-060	プチツイスター
CB07-061	狐葉楔
CB07-062	ブルーカード
CB07-X01	デュークモン
CB07-X02	ベルゼブモン
CB07-X03	ベルゼブモン ブラストモード
CB07-X04	セントガルゴモン
CB07-X05	ジャスティモン
CB07-X06	サクヤモン
CB07-XX01	デュークモン クリムゾンモード
CB07-CP01	松田 啓人
CB07-CP02	李 健良
CB07-CP03	牧野 留姫
CB08-001	仮面ライダージオウ ［2］
CB08-002	仮面ライダーウォズ フューチャーリング クイズ
CB08-003	仮面ライダージオウ フォーゼアーマー
CB08-004	キャッスルハードスマッシュ
CB08-005	仮面ライダーゲイツ ゴーストアーマー
CB08-006	仮面ライダージオウ 鎧武アーマー
CB08-007	仮面ライダーウォズ フューチャーリング シノビ
CB08-008	仮面ライダージオウ ディケイドアーマービルドフォーム
CB08-009	仮面ライダーゲイツ ゲンムアーマー
CB08-010	仮面ライダージオウ クウガアーマー
CB08-011	仮面ライダージオウ ディケイドアーマー
CB08-012	仮面ライダーウォズ フューチャーリング キカイ
CB08-013	仮面ライダーファイズ ブラスターフォーム ［2］
CB08-014	仮面ライダーディケイド（2018ver.）
CB08-015	イカジャガーヤミー
CB08-016	リクガメヤミー
CB08-017	スネークオルフェノク
CB08-018	バッタヤミー
CB08-019	仮面ライダーイクサ セーブモード
CB08-020	サメヤミー
CB08-021	バガモンバグスター
CB08-022	メズール
CB08-023	ガメル
CB08-024	カザリ
CB08-025	プテラノドンヤミー（♂・♀）
CB08-026	ロブスターオルフェノク
CB08-027	スパイダーオルフェノク
CB08-028	ウヴァ
CB08-029	アンク（ロスト）
CB08-030	恐竜グリード
CB08-031	仮面ライダーキバ 飛翔態
CB08-032	ゲムデウスクロノス
CB08-033	超ゲムデウス
CB08-034	仮面ライダーマッドローグ
CB08-035	エボルト（怪人態）
CB08-036	仮面ライダースナイプ シューティングゲーマー レベル1
CB08-037	仮面ライダーブレイブ クエストゲーマー レベル1
CB08-038	仮面ライダーレーザー バイクゲーマー レベル1
CB08-039	仮面ライダーエグゼイド ダブルアクションゲーマー レベルX
CB08-040	仮面ライダーポッピー ときめきクライシスゲーマー レベルX
CB08-041	仮面ライダーエグゼイド ダブルアクションゲーマー レベルXX R
CB08-042	仮面ライダーエグゼイド ダブルアクションゲーマー レベルXX L
CB08-043	仮面ライダーブレイブ レガシーゲーマー レベル100
CB08-044	仮面ライダーゲンム アクションゲーマー レベル1
CB08-045	仮面ライダーゲンム ゴッドマキシマムゲーマー レベルビリオン
CB08-046	仮面ライダーギャレン
CB08-047	仮面ライダーブレイド
CB08-048	仮面ライダーカリス
CB08-049	オウルハードスマッシュ
CB08-050	仮面ライダーレンゲル
CB08-051	仮面ライダーブレイド ［2］
CB08-052	仮面ライダーギャレン ジャックフォーム
CB08-053	仮面ライダーブレイド ジャックフォーム
CB08-054	仮面ライダーブレイド ジャックフォーム ［2］
CB08-055	仮面ライダーワイルドカリス
CB08-056	仮面ライダーレンゲル ［2］
CB08-057	仮面ライダーオーズ タトバ コンボ ［2］
CB08-058	仮面ライダーバース
CB08-059	スタッグハードスマッシュ
CB08-060	仮面ライダーオーズ シャウタ コンボ
CB08-061	仮面ライダーオーズ ガタキリバ コンボ
CB08-062	仮面ライダーオーズ ラトラーター コンボ
CB08-063	仮面ライダーオーズ サゴーゾ コンボ
CB08-064	バース・デイ
CB08-065	仮面ライダーオーズ タジャドル コンボ
CB08-066	仮面ライダーオーズ タトバ コンボ（真のオーズ）
CB08-067	アンク グリード態
CB08-068	仮面ライダービルド トライアルフォーム（ラビットドラゴン）
CB08-069	魔皇剣ザンバットソード
CB08-070	醒剣ブレイラウザー
CB08-071	アンク
CB08-072	タイムマジーン ビークルモード
CB08-073	欲望の館
CB08-074	BOARD
CB08-075	ライドベンダー
CB08-076	タイムブレーク
CB08-077	セルメダル
CB08-078	ライトニングブラスト
CB08-079	タトバキック
CB08-X01	仮面ライダーウォズ
CB08-X02	仮面ライダージオウII
CB08-X03	仮面ライダーブレイド キングフォーム
CB08-X04	仮面ライダーオーズ プトティラ コンボ
CB08-X05	仮面ライダーオーズ タジャドル コンボ（最終回ver.）
CB08-X06	ジョーカー
CB08-XX01	仮面ライダーオーマジオウ
CB09-001	仮面ライダーガタック マスクドフォーム
CB09-002	仮面ライダーカブト マスクドフォーム
CB09-003	仮面ライダークウガ グローイングフォーム ［2］
CB09-004	仮面ライダーサソード ライダーフォーム
CB09-005	仮面ライダーザビー マスクドフォーム
CB09-006	仮面ライダージオウ ［3］
CB09-007	仮面ライダーバロン バナナアームズ
CB09-008	ディケイドウィザード
CB09-009	仮面ライダーカブト ライダーフォーム
CB09-010	仮面ライダーウォズ ［2］
CB09-011	仮面ライダークウガ マイティフォーム ［2］
CB09-012	仮面ライダーゲイツ ウィザードアーマー
CB09-013	仮面ライダードレイク ライダーフォーム
CB09-014	ディケイドゴースト
CB09-015	仮面ライダーガタック ライダーフォーム
CB09-016	仮面ライダーザビー ライダーフォーム
CB09-017	仮面ライダーマリカ ピーチエナジーアームズ
CB09-018	仮面ライダーキックホッパー
CB09-019	仮面ライダーパンチホッパー
CB09-020	仮面ライダーウォズギンガファイナリー
CB09-021	仮面ライダークウガ ライジングマイティ ［2］
CB09-022	仮面ライダーゲイツリバイブ剛烈
CB09-023	仮面ライダーゲイツリバイブ疾風
CB09-024	仮面ライダーガタック ライダーフォーム ［2］
CB09-025	仮面ライダーカブト ライダーフォーム ［2］
CB09-026	仮面ライダージオウII ［2］
CB09-027	仮面ライダークウガ アメイジングマイティ ［2］
CB09-028	仮面ライダーディエンド（ネオディエンドライバーver.）
CB09-029	仮面ライダーバロン レモンエナジーアームズ
CB09-030	仮面ライダージオウトリニティ
CB09-031	ディケイドビルド
CB09-032	仮面ライダー黒影 マツボックリアームズ
CB09-033	スコーピオン・ゾディアーツ
CB09-034	リブラ・ゾディアーツ
CB09-035	キャンサー・ゾディアーツ
CB09-036	ヴァルゴ・ゾディアーツ
CB09-037	仮面ライダーダークカブト ライダーフォーム
CB09-038	カザリ（完全体）
CB09-039	メズール（完全体）
CB09-040	サジタリウス・ゾディアーツ
CB09-041	レオ・ゾディアーツ
CB09-042	ウヴァ（完全体）
CB09-043	ガメル（完全体）
CB09-044	仮面ライダー龍玄 ブドウアームズ
CB09-045	仮面ライダーシグルド チェリーエナジーアームズ
CB09-046	仮面ライダーブラーボ ドリアンアームズ
CB09-047	仮面ライダーフォーゼ ベースステイツ ［2］
CB09-048	仮面ライダーなでしこ
CB09-049	仮面ライダーフォーゼ エレキステイツ
CB09-050	仮面ライダーフォーゼ ロケットステイツ
CB09-051	仮面ライダーフォーゼ ファイヤーステイツ
CB09-052	仮面ライダー斬月 メロンアームズ
CB09-053	仮面ライダーフォーゼ マグネットステイツ
CB09-054	仮面ライダーメテオ
CB09-055	仮面ライダーメテオストーム
CB09-056	仮面ライダー鎧武 オレンジアームズ ［2］
CB09-057	仮面ライダーギャレン ［2］
CB09-058	仮面ライダーグリドン ドングリアームズ
CB09-059	仮面ライダー鎧武 スイカアームズ
CB09-060	仮面ライダー鎧武 ジンバーレモンアームズ
CB09-061	仮面ライダーブレイド キングフォーム ［2］
CB09-062	仮面ライダーオーズ ブラカワニ コンボ
CB09-063	仮面ライダーデューク レモンエナジーアームズ
CB09-064	仮面ライダーオーズ スーパータトバ コンボ
CB09-065	ジカンギレード
CB09-066	ランチャーモジュール
CB09-067	レーダーモジュール
CB09-068	シールドモジュール
CB09-069	ドリルモジュール
CB09-070	ロケットモジュール
CB09-071	大橙丸
CB09-072	重醒剣キングラウザー
CB09-073	カブトエクステンダー
CB09-074	天ノ川学園高校仮面ライダー部
CB09-075	ヘルヘイムの産物
CB09-076	ライダーキック（仮面ライダーカブト）
CB09-077	ライダーロケットドリル宇宙キック
CB09-078	無頼キック
CB09-X01	仮面ライダーカブト ハイパーフォーム
CB09-X02	仮面ライダーグランドジオウ
CB09-X03	サジタリウス・ノヴァ
CB09-X04	仮面ライダーフォーゼ コズミックステイツ
CB09-X05	仮面ライダー鎧武 カチドキアームズ
CB09-X06	仮面ライダーゼロワン ライジングホッパー
CB09-XX01	仮面ライダー鎧武 極アームズ
CB09-CP01	変身!! 仮面ライダーカブト
CB09-CP02	変身!! 仮面ライダーフォーゼ
CB09-CP03	変身!! 仮面ライダー鎧武
CB09-CP04	変身!! 仮面ライダージオウ
CB10-001	仮面ライダーサソード マスクドフォーム
CB10-002	仮面ライダードレイク マスクドフォーム
CB10-003	仮面ライダーカブト ライダーフォーム ［3］
CB10-004	仮面ライダーライア
CB10-005	仮面ライダー龍騎
CB10-006	仮面ライダーナックル クルミアームズ
CB10-007	仮面ライダーバロン マンゴーアームズ
CB10-008	仮面ライダー龍騎 ［2］
CB10-009	仮面ライダーガタック ハイパーフォーム
CB10-010	仮面ライダーバロン リンゴアームズ
CB10-011	仮面ライダーカブト ハイパーフォーム ［2］
CB10-012	仮面ライダージオウ オーマフォーム
CB10-013	ユルセン
CB10-014	仮面ライダーザモナス
CB10-015	仮面ライダーナイト
CB10-016	仮面ライダーゴースト オレ魂 ［2］
CB10-017	カプリコーン・ゾディアーツ
CB10-018	オルタナティブ
CB10-019	仮面ライダースペクター
CB10-020	仮面ライダーゴースト ニュートン魂
CB10-021	仮面ライダー迅 フライングファルコン
CB10-022	仮面ライダーゾンジス
CB10-023	アクエリアス・ゾディアーツ
CB10-024	ジェミニ・ゾディアーツ
CB10-025	仮面ライダーゴースト ムサシ魂
CB10-026	仮面ライダースペクター ツタンカーメン魂
CB10-027	仮面ライダーナイト ［2］
CB10-028	アリエス・ゾディアーツ
CB10-029	仮面ライダーネクロム
CB10-030	ピスケス・ゾディアーツ
CB10-031	仮面ライダーゴースト 闘魂ブースト魂
CB10-032	仮面ライダースペクター ノブナガ魂
CB10-033	仮面ライダー滅 スティングスコーピオン
CB10-034	仮面ライダー王蛇
CB10-035	仮面ライダーゴースト グレイトフル魂
CB10-036	仮面ライダーネクロム サンゾウ魂
CB10-037	仮面ライダーバールクス
CB10-038	仮面ライダーディープスペクター
CB10-039	アナザーディケイド
CB10-040	タウラス・ゾディアーツ
CB10-041	仮面ライダーインペラー
CB10-042	仮面ライダーゼロワン
CB10-043	仮面ライダーバルカン シューティングウルフ
CB10-044	仮面ライダーゼロワン フレイミングタイガー
CB10-045	仮面ライダーバルキリー ラッシングチーター
CB10-046	仮面ライダーゼロワン バイティングシャーク
CB10-047	仮面ライダーバルキリー ライトニングホーネット
CB10-048	仮面ライダー龍玄・黄泉 ヨモツヘグリアームズ
CB10-049	仮面ライダーゼロワン フリージングベアー
CB10-050	仮面ライダーバルカン パンチングコング
CB10-051	仮面ライダーゼロワン シャイニングホッパー
CB10-052	仮面ライダーゼロワン ブレイキングマンモス
CB10-053	パワーダイザー ダイザーモード
CB10-054	仮面ライダーシザース
CB10-055	仮面ライダーガイ
CB10-056	仮面ライダーゾルダ
CB10-057	仮面ライダー斬月・真 メロンエナジーアームズ
CB10-058	仮面ライダー斬月 カチドキアームズ
CB10-059	仮面ライダーフォーゼ メテオなでしこフュージョンステイツ
CB10-060	仮面ライダー鎧武 イチゴアームズ
CB10-061	仮面ライダー鎧武 ジンバーピーチアームズ
CB10-062	仮面ライダー鎧武 ジンバーチェリーアームズ
CB10-063	仮面ライダー鎧武 カチドキアームズ ［2］
CB10-064	仮面ライダータイガ
CB10-065	仮面ライダーデューク ドラゴンエナジーアームズ
CB10-066	カブトクナイガン
CB10-067	ガンガンセイバー
CB10-068	クローモジュール
CB10-069	チェーンソーモジュール
CB10-070	ホッピングモジュール
CB10-071	大天空寺の地下
CB10-072	ライズホッパー
CB10-073	ミラーワールド
CB10-074	ストライクベント
CB10-075	ファイナルベント
CB10-076	ソードベント
CB10-077	オメガドライブ オレ
CB10-078	ライジングインパクト
CB10-079	ガードベント
CB10-X01	仮面ライダー龍騎サバイブ
CB10-X02	ロード・バロン
CB10-X03	仮面ライダーナイトサバイブ
CB10-X04	仮面ライダーゴースト ムゲン魂
CB10-X05	仮面ライダーバルカン アサルトウルフ
CB10-X06	仮面ライダーゼロワン シャイニングアサルトホッパー
CB10-XX01	仮面ライダーオーディン
CB11-001	太一のアグモン
CB11-002	バードラモン ［2］
CB11-003	グレイモン ［3］
CB11-004	メタルグレイモン ［3］
CB11-005	ヤマトのガブモン
CB11-006	ガルルモン ［3］
CB11-007	ワーガルルモン ［3］
CB11-008	賢のワームモン
CB11-009	カブテリモン ［2］
CB11-010	トゲモン ［2］
CB11-011	プロットモン ［2］
CB11-012	大輔のブイモン
CB11-013	イッカクモン ［2］
CB11-014	フレイドラモン ［2］
CB11-015	インペリアルドラモン ドラゴンモード ［2］
CB11-016	逆襲のディアボロモン
CB11-017	メイクラックモン ヴィシャスモード
CB11-018	キメラモン
CB11-019	八神 太一
CB11-020	石田 ヤマト
CB11-021	一乗寺 賢
CB11-022	本宮 大輔
CB11-X01	アグモン -勇気の絆-
CB11-X02	ガブモン -友情の絆-
CB11-X03	インペリアルドラモン ファイターモード ［2］
CB12-001	仮面ライダークウガ マイティフォーム ［3］
CB12-002	仮面ライダーファイズ ［3］
CB12-003	仮面ライダークウガ ペガサスフォーム ［2］
CB12-004	仮面ライダークウガ ドラゴンフォーム ［2］
CB12-005	仮面ライダークウガ タイタンフォーム ［2］
CB12-006	仮面ライダーデルタ ［2］
CB12-007	仮面ライダーファイズ アクセルフォーム ［3］
CB12-008	ズ・グムン・バ
CB12-009	メ・ギノガ・デ
CB12-010	ローズオルフェノク
CB12-011	ゴ・ジャラジ・ダ
CB12-012	ズ・ゴオマ・グ 究極体
CB12-013	クレインオルフェノク 激情態
CB12-014	ホースオルフェノク 激情態
CB12-015	ン・ダグバ・ゼバ ［2］
CB12-016	仮面ライダーオーガ
CB12-017	ヒューマギア
CB12-018	仮面ライダー001
CB12-019	仮面ライダー1型 ロッキングホッパー
CB12-020	仮面ライダーゼロワン シャイニングアサルトホッパー ［2］
CB12-021	仮面ライダーランペイジバルカン
CB12-022	仮面ライダー電王 ソードフォーム ［3］
CB12-023	仮面ライダー電王 ライナーフォーム ［2］
CB12-024	アタッシュカリバー
CB12-025	リュウタロス ［2］
CB12-026	ウラタロス ［2］
CB12-027	キンタロス ［2］
CB12-028	殺人ゲーム“ゲゲル”
CB12-X01	仮面ライダーカイザ ［2］
CB12-X02	仮面ライダークウガ アルティメットフォーム ［2］
CB12-X03	ウルフオルフェノク 疾走態
CB12-X04	仮面ライダーゼロワン メタルクラスタホッパー
CB12-XX01	俺、参上！ モモタロス
CB12-CP01	変身!! 仮面ライダークウガ
CB12-CP02	変身!! 仮面ライダーファイズ
CB12-CP03	変身!! 仮面ライダーゼロワン
CB12-CP04	変身!! 仮面ライダー電王
CB12-CP05	変身!! 仮面ライダー1号
CB13-001	ドラッツェ［袖付き］
CB13-002	ガザD［袖付き］
CB13-003	ジェスタ［ダリル機］
CB13-004	クシャトリヤ・ベッセルング／クシャトリヤ・リペアード
CB13-005	ジェスタ［ナイジェル機］
CB13-006	ドライセン［袖付き］
CB13-007	ギラ・ズール［ギルボア機］
CB13-008	ジェガン［エコーズ仕様 コンロイ機］
CB13-009	ジェスタ［ワッツ機］
CB13-010	ユニコーンガンダム［ユニコーンモード］／ユニコーンガンダム［デストロイモード］
CB13-011	リゼル［隊長機］
CB13-012	ギラ・ズール［アンジェロ・ザウパー専用機］
CB13-013	ユニコーンガンダム［デストロイモード ビーム・ガトリングガン装備］
CB13-014	デルタプラス／デルタプラス［ウェイブライダー形態］
CB13-015	ユニコーンガンダム2号機 バンシィ・ノルン［ユニコーンモード］
CB13-016	ローゼン・ズール
CB13-017	フルアーマー・ユニコーンガンダム［ユニコーンモード］
CB13-018	シナンジュ［ロケット・バズーカ装備］
CB13-019	ユニコーンガンダム2号機 バンシィ・ノルン［デストロイモード］
CB13-020	ジン
CB13-021	グーン
CB13-022	バクゥ
CB13-023	M1アストレイ
CB13-024	シグー
CB13-025	ゾノ
CB13-026	メビウスゼロ
CB13-027	ストライクガンダム／エールストライクガンダム
CB13-028	デュエルガンダム アサルトシュラウド／デュエルガンダム
CB13-029	イージスガンダム／イージスガンダム［MA形態］
CB13-030	エールストライクガンダム／ランチャーストライクガンダム
CB13-031	ソードストライクガンダム／エールストライクガンダム
CB13-032	ラゴゥ
CB13-033	ストライクルージュ
CB13-034	ゲイツ［クルーゼ専用機］
CB13-035	レイダーガンダム
CB13-036	フォビドゥンガンダム
CB13-037	カラミティガンダム
CB13-038	ジャスティスガンダム／ジャスティスガンダム［ミーティア装備］
CB13-039	フリーダムガンダム／フリーダムガンダム［ミーティア装備］
CB13-040	AEUイナクト［デモカラー］
CB13-041	ガンダムキュリオス［飛行形態］
CB13-042	サーシェス専用AEUイナクトカスタム［モラリア開発実験型］
CB13-043	ガンダムスローネアイン
CB13-044	ガンダムスローネツヴァイ
CB13-045	ガンダムスローネドライ
CB13-046	アリオスガンダム／アリオスガンダム［トランザム］
CB13-047	ケルディムガンダム／ケルディムガンダム［トランザム］
CB13-048	ジンクス
CB13-049	セラヴィーガンダム／セラヴィーガンダム［トランザム］
CB13-050	アグリッサ
CB13-051	アルヴァトーレ／アルヴァアロン
CB13-052	ダブルオーガンダム／ダブルオーガンダム［トランザム］
CB13-053	GNアーマー TYPE-E［ガンダムエクシア］
CB13-054	GNアーマー TYPE-D［ガンダムデュナメス］
CB13-055	アンジェロ・ザウパー
CB13-056	リディ・マーセナス
CB13-057	フル・フロンタル
CB13-058	カガリ・ユラ・アスハ
CB13-059	ムウ・ラ・フラガ
CB13-060	イザーク・ジュール
CB13-061	ラウ・ル・クルーゼ
CB13-062	パトリック・コーラサワー
CB13-063	ミハエル・トリニティ
CB13-064	ネーナ・トリニティ
CB13-065	ヨハン・トリニティ
CB13-066	ロックオン・ストラトス［ライル・ディランディ］
CB13-067	刹那・F・セイエイ［西暦2312］
CB13-068	アリー・アル・サーシェス
CB13-069	レウルーラ［UC］
CB13-070	ラー・カイラム［UC］
CB13-071	クサナギ
CB13-072	ヴェサリウス
CB13-073	プトレマイオス2
CB13-074	大人の特権
CB13-075	怨念返し
CB13-076	SEEDを持つ者
CB13-077	終末の光
CB13-078	滅びの道
CB13-079	俺たちがガンダムだ
CB13-X01	シナンジュ
CB13-X02	フルアーマー・ユニコーンガンダム［デストロイモード］
CB13-X03	プロヴィデンスガンダム
CB13-X04	フリーダムガンダム［ハイマットフルバースト］
CB13-X05	アルケーガンダム
CB13-X06	ダブルオーライザー
CB13-XX01	ユニコーンガンダム［覚醒］
CB14-001	［ドリームアカデミー制服］音城ノエル
CB14-002	［ドリームアカデミー制服］姫里マリア
CB14-003	［チロリアンアリエスコーデ］姫里マリア
CB14-004	［ドリームアカデミー制服］音城セイラ
CB14-005	［ミュージカルスコーピオンコーデ］音城セイラ
CB14-006	［ドリームアカデミー制服］風沢そら
CB14-007	［オリエンタルリブラコーデ］風沢そら
CB14-008	［ユニコーンサジットコーデ］冴草きい
CB14-009	［クリスタルアクエリアスコーデ］霧矢あおい
CB14-010	［ロリポップタウルスコーデ］有栖川おとめ
CB14-011	［マーメードピスケスコーデ］星宮いちご
CB14-012	［リゾートキャンサーコーデ］夏樹みくる
CB14-013	［キングレオコーデ］紫吹 蘭
CB14-014	［ナイトメアカプリコーンコーデ］藤堂ユリカ
CB14-015	［ミステリアスヴァルゴコーデ］神崎美月
CB14-016	［シルキーラブデビルコーデ］白樺リサ
CB14-017	［シルキーラブデビルコーデ］大地のの
CB14-018	［エンジェルアリスコーデ］天羽まどか
CB14-019	［ソウルマリオネットコーデ］黒沢 凛
CB14-020	［セニョリータシェヘラコーデ］紅林珠璃
CB14-021	［ストリートアートコーデ］新条ひなき
CB14-022	［ブルーエンプレスコーデ］氷上スミレ
CB14-023	［四ツ星学園幹部制服］七倉小春
CB14-024	［レインボーシェリーパープルコーデ］七倉小春
CB14-025	［四ツ星学園幹部制服］桜庭ローラ
CB14-026	［四ツ星学園S4制服］香澄真昼
CB14-027	［デイライトフェスティバルコーデ］香澄真昼
CB14-028	［四ツ星学園S4制服］早乙女あこ
CB14-029	［スイートライムライトコーデ］早乙女あこ
CB14-030	［四ツ星学園S4制服］虹野ゆめ
CB14-031	［エターナルレインボーコーデ］虹野ゆめ
CB14-032	［ロゼッタソーンコーデ］白銀リリィ
CB14-033	［アジアンナイトコーデ］香澄夜空
CB14-034	［オーロラバタフライコーデ］白鳥ひめ
CB14-035	［ガールズフラッグコーデ］如月ツバサ
CB14-036	［トロピカルフラガールコーデ］二階堂ゆず
CB14-037	［トロピカルビーチコーデ］二階堂ゆず
CB14-038	［スイートドリームスコーデ］花園きらら
CB14-039	［イノセントプリンスコーデ］騎咲レイ
CB14-040	［フローラルファンタジアコーデ］双葉アリア
CB14-041	［スターハーモニー学園制服］友希あいね
CB14-042	［ブルームパレットコーデ］友希あいね
CB14-043	［スターハーモニー学園制服］湊 みお
CB14-044	［アクアパレットコーデ］湊 みお
CB14-045	［スパイシーキティコーデ］蝶乃舞花
CB14-046	［プリティキティコーデ］日向エマ
CB14-047	［ノワールプリュムコーデ］白百合さくや
CB14-048	［ブランプリュムコーデ］白百合かぐや
CB14-049	［スターハーモニー学園制服］姫石らき
CB14-050	［チアフルピンキッシュコーデ］姫石らき
CB14-051	［チアフルスプラッシュコーデ］春風わかば
CB14-052	ドリームアカデミー
CB14-053	スターライト学園
CB14-054	四ツ星学園
CB14-055	スターハーモニー学園
CB14-056	ココ
CB14-057	［ドリームアカデミー制服］冴草きい
CB14-058	君のEntrance
CB14-059	スタートライン！
CB14-060	ありがと⇔大丈夫
CB14-061	SHINING LINE*
CB14-062	ハッピィクレッシェンド
CB14-X01	［ドリームエミネンスコーデ］音城ノエル
CB14-X02	［ホワイトスカイヴェールコーデ］大空あかり
CB14-X03	［ロックマイハートコーデ］桜庭ローラ
CB14-X04	［エターナルプリンセスコーデ］白鳥ひめ
CB14-X05	［ブルーミングクイーンコーデ］エルザ フォルテ
CB14-X06	［リルリボンストーリーコーデ］姫石らき
CB14-XX01	［リラフェアリーコーデ］星宮いちご
CB14-CP01	［エンジェリージェミニコーデ］星宮いちご
CB14-CP02	［スイングジェミニコーデ］音城セイラ
CB15-001	仮面ライダーウィザード フレイムスタイル
CB15-002	仮面ライダー龍騎 ブランク体
CB15-003	仮面ライダーウィザード フレイムドラゴン
CB15-004	仮面ライダー龍騎／仮面ライダー龍騎サバイブ
CB15-005	ヒート・ドーパント
CB15-006	ベローサマギア
CB15-007	ルナ・ドーパント
CB15-008	仮面ライダー迅 フライングファルコン ［2］
CB15-009	トリガー・ドーパント
CB15-010	メタル・ドーパント
CB15-011	仮面ライダーゴースト リョウマ魂
CB15-012	ドードーマギア
CB15-013	仮面ライダー雷
CB15-014	仮面ライダー亡
CB15-015	ホッパー・ドーパント
CB15-016	仮面ライダーダークゴースト
CB15-017	サイクロン・ドーパント
CB15-018	オルタナティブ・ゼロ
CB15-019	仮面ライダーナイト／仮面ライダーナイトサバイブ
CB15-020	ファイティングジャッカルレイダー
CB15-021	ドードーマギア改
CB15-022	仮面ライダーアークゼロ
CB15-023	仮面ライダーリュウガ
CB15-024	テラー・ドーパント ［2］
CB15-025	仮面ライダー迅 バーニングファルコン
CB15-026	仮面ライダーアークワン
CB15-027	仮面ライダーネクロム 友情バースト魂
CB15-028	テラードラゴン
CB15-029	仮面ライダーシンスペクター
CB15-030	仮面ライダーゴースト テンカトウイツ魂
CB15-031	ケツァルコアトルス・ドーパント
CB15-032	仮面ライダーウィザード ハリケーンスタイル
CB15-033	仮面ライダーゼロワン ライジングホッパー／仮面ライダーゼロワン シャイニングホッパー
CB15-034	仮面ライダーW サイクロントリガー／仮面ライダーW サイクロンジョーカー
CB15-035	仮面ライダーゼロワン フライングファルコン ［2］
CB15-036	仮面ライダーW ヒートトリガー
CB15-037	仮面ライダースカル ［2］
CB15-038	仮面ライダーW サイクロンメタル
CB15-039	仮面ライダーW ヒートジョーカー／仮面ライダーW ヒートメタル
CB15-040	仮面ライダーW ルナジョーカー／仮面ライダーW ルナトリガー
CB15-041	仮面ライダーW ルナメタル
CB15-042	仮面ライダーアクセル／仮面ライダーアクセル バイクフォーム
CB15-043	仮面ライダーウィザード ハリケーンドラゴン
CB15-044	仮面ライダーW サイクロンジョーカー／仮面ライダーW サイクロンジョーカーエクストリーム
CB15-045	仮面ライダーベルデ
CB15-046	仮面ライダーバルカン アサルトウルフ ［2］
CB15-047	仮面ライダーW サイクロンジョーカーエクストリーム ［3］
CB15-048	仮面ライダーW ファングジョーカー ［2］
CB15-049	仮面ライダーバルキリー ライトニングホーネット ［2］
CB15-050	仮面ライダーゼロワン メタルクラスタホッパー ［2］
CB15-051	仮面ライダーランペイジバルカン ［2］
CB15-052	仮面ライダーファム
CB15-053	仮面ライダービースト
CB15-054	仮面ライダーウィザード ランドスタイル
CB15-055	仮面ライダービースト カメレオマント
CB15-056	仮面ライダービースト ファルコマント
CB15-057	仮面ライダーウィザード ランドドラゴン
CB15-058	仮面ライダーメイジ
CB15-059	白い魔法使い
CB15-060	仮面ライダーウィザード オールドラゴン
CB15-061	仮面ライダーウィザード ウォータースタイル
CB15-062	仮面ライダーブレイズ ライオン戦記
CB15-063	仮面ライダーウィザード ウォータードラゴン
CB15-064	仮面ライダーサウザー
CB15-065	ドラグレッダー
CB15-066	ダークウイング
CB15-067	ハードボイルダー
CB15-068	ウィザーソードガン
CB15-069	衛星アーク
CB15-070	倒壊する風都タワー
CB15-071	衛星ゼア
CB15-072	鳴海探偵事務所
CB15-073	アンダーワールド
CB15-074	サバイブ
CB15-075	トリックベント
CB15-076	アークの意志
CB15-077	さあ お前の罪を数えろ！
CB15-078	シュートベント
CB15-079	ストライクウィザード
CB15-X01	仮面ライダーエターナル ［2］
CB15-X02	仮面ライダー滅 スティングスコーピオン ［2］
CB15-X03	仮面ライダーW サイクロンジョーカーゴールドエクストリーム ［2］
CB15-X04	仮面ライダーゼロツー
CB15-X05	仮面ライダーウィザード インフィニティースタイル
CB15-X06	仮面ライダーセイバー ブレイブドラゴン
CB15-XX01	飛電インテリジェンス社長秘書・イズ
CB15-CP01	変身!! 仮面ライダー龍騎
CB15-CP02	変身!! 仮面ライダーゴースト
CB15-CP03	変身!! 仮面ライダーW
CB15-CP04	変身!! 仮面ライダーウィザード
CB16-001	EWACジェガン
CB16-002	ザクI・スナイパータイプ［カークス機］
CB16-003	イフリート・シュナイド
CB16-004	シルヴァ・バレト［ガエル機］
CB16-005	ゼー・ズール
CB16-006	バイアラン・カスタム
CB16-007	シナンジュ／ネオ・ジオング
CB16-008	シャンブロ
CB16-009	ユニコーンガンダム［覚醒 シールド・ファンネル装備］
CB16-010	ユニコーンガンダム2号機 バンシィ・ノルン［デストロイモード サイコ・フィールド］
CB16-011	鉄華団モビルワーカー
CB16-012	百錬
CB16-013	流星号［グレイズ改弐］
CB16-014	ガンダム・バルバトス［第1形態］
CB16-015	ガンダム・バルバトス［第2形態］
CB16-016	漏影
CB16-017	ガンダム・バルバトス［第3形態］
CB16-018	百里
CB16-019	ガンダム・グシオン
CB16-020	ガンダム・バルバトス［第5形態 地上戦仕様］
CB16-021	百錬［アミダ機］
CB16-022	ガンダム・バルバトス［第6形態］／ガンダム・バルバトス［第6形態 太刀装備］
CB16-023	コアスプレンダー／インパルスガンダム
CB16-024	ザクウォーリア
CB16-025	ガナーザクウォーリア［ディアッカ機］
CB16-026	ガナーザクウォーリア［ルナマリア機］
CB16-027	スラッシュザクファントム［イザーク機］
CB16-028	セイバーガンダム［MA形態］／セイバーガンダム
CB16-029	ブレイズザクファントム［レイ機］
CB16-030	バスターガンダム［アークエンジェル搭載時］
CB16-031	ソードインパルスガンダム
CB16-032	フォースインパルスガンダム
CB16-033	フォースインパルスガンダム／ソードインパルスガンダム
CB16-034	ブラストインパルスガンダム
CB16-035	ストライクガンダムI.W.S.P.
CB16-036	ジャスティスガンダム［ファトゥム-00搭乗］
CB16-037	ティエレン高機動型
CB16-038	ユニオンフラッグ
CB16-039	オーバーフラッグ
CB16-040	リィアン／ガンダムスローネドライ
CB16-041	ティエレン全領域対応型［セルゲイ専用ティエレンタオツー］
CB16-042	GNアーチャー
CB16-043	ガンダムスローネアイン ［2］
CB16-044	ティエレンタオツー
CB16-045	アヘッド近接戦闘型［サキガケ］
CB16-046	グラハム専用ユニオンフラッグカスタム
CB16-047	セラフィムガンダム
CB16-048	GNフラッグ
CB16-049	ガンダムスローネツヴァイ［サーシェス機］
CB16-050	マスラオ／マスラオ［トランザム］
CB16-051	オードリー・バーン
CB16-052	ロニ・ガーベイ
CB16-053	ラフタ・フランクランド
CB16-054	昭弘・アルトランド
CB16-055	アミダ・アルカ
CB16-056	三日月・オーガス
CB16-057	ディアッカ・エルスマン
CB16-058	ルナマリア・ホーク
CB16-059	シン・アスカ
CB16-060	レイ・ザ・バレル
CB16-061	アスラン・ザラ［C.E.73］
CB16-062	GNビームサーベル
CB16-063	セルゲイ・スミルノフ
CB16-064	ソーマ・ピーリス
CB16-065	グラハム・エーカー／ミスター・ブシドー
CB16-066	ハンマーヘッド
CB16-067	ビスケット・グリフォン
CB16-068	イサリビ
CB16-069	名瀬・タービン
CB16-070	ミネルバ
CB16-071	ビリー・カタギリ
CB16-072	オルガ・イツカ
CB16-073	ギルバート・デュランダル
CB16-074	導かれし者
CB16-075	革命の乙女
CB16-076	もっとよこせ
CB16-077	アンタは俺が討つんだ！ 今日！ ここで!!
CB16-078	愛と憎しみを超えた宿命
CB16-079	愛執
CB16-X01	ネオ・ジオング［サイコシャード］
CB16-X02	ガンダム・バルバトス［第4形態］
CB16-X03	ガンダム・グシオンリベイク
CB16-X04	レジェンドガンダム
CB16-X05	デスティニーガンダム
CB16-X06	スサノオ
CB16-XX01	トランザムライザー
CB17-001	仮面ライダーバスター 玄武神話
CB17-002	仮面ライダーブレイズ ライオン戦記 ［2］
CB17-003	仮面ライダーウィザード＆ウィザードラゴン
CB17-004	仮面ライダースラッシュ ヘンゼルナッツとグレーテル
CB17-005	仮面ライダーセイバー ブレイブドラゴン ［2］
CB17-006	仮面ライダー剣斬 猿飛忍者伝
CB17-007	仮面ライダーエスパーダ ランプドアランジーナ
CB17-008	仮面ライダーカリバー ジャアクドラゴン
CB17-009	仮面ライダーセイバー ドラゴニックナイト
CB17-010	仮面ライダーファルシオン エターナルフェニックス
CB17-011	仮面ライダーブレイズ キングライオン大戦記（ライオンモード）
CB17-012	黄蘗蟹
CB17-013	茜鷹
CB17-014	仮面ライダー雷 ［2］
CB17-015	仮面ライダー響鬼
CB17-016	鈍色蛇
CB17-017	カザリ ［2］
CB17-018	仮面ライダー威吹鬼
CB17-019	仮面ライダー響鬼／仮面ライダー響鬼紅
CB17-020	クレイドール・ドーパント ［2］
CB17-021	メズール ［2］
CB17-022	仮面ライダー亡 ［2］
CB17-023	ウヴァ ［2］
CB17-024	仮面ライダー斬鬼
CB17-025	仮面ライダー轟鬼
CB17-026	緑大猿
CB17-027	ウェザー・ドーパント ［2］
CB17-028	ガメル ［2］
CB17-029	仮面ライダー轟鬼 ［2］
CB17-030	仮面ライダー響鬼紅
CB17-031	仮面ライダールシファー
CB17-032	仮面ライダーエデン
CB17-033	仮面ライダー滅 アークスコーピオン
CB17-034	クレイドールエクストリーム
CB17-035	仮面ライダー滅亡迅雷
CB17-036	仮面ライダーW ヒートメタル ［2］
CB17-037	仮面ライダーW ルナトリガー ［2］
CB17-038	仮面ライダーゼロワン リアライジングホッパー
CB17-039	仮面ライダージョーカー ［2］
CB17-040	仮面ライダーゼロツー（イズ）
CB17-041	仮面ライダーアクセルブースター ［2］
CB17-042	仮面ライダーオルトロスバルカン
CB17-043	仮面ライダーブラーボ キングドリアンアームズ
CB17-044	仮面ライダーゼロワン ヘルライジングホッパー
CB17-045	白い魔法使い／ワイズマン
CB17-046	仮面ライダービーストハイパー
CB17-047	仮面ライダーグリドン ライチアームズ
CB17-048	仮面ライダーウィザード インフィニティードラゴン
CB17-049	仮面ライダーオーズ タカキリバ
CB17-050	アンク ［2］
CB17-051	仮面ライダーオーズ ガタトラドル
CB17-052	仮面ライダーオーズ タトバ コンボ ［3］
CB17-053	仮面ライダーバース ［2］
CB17-054	仮面ライダーオーズ プトティラ コンボ ［2］
CB17-055	バース・デイ ［2］
CB17-056	火炎剣烈火
CB17-057	仮面ライダー最光 金の武器 銀の武器／仮面ライダー最光 エックスソードマン
CB17-058	エターナルエッジ
CB17-059	闇黒剣月闇
CB17-060	音撃棒・烈火
CB17-061	雷鳴剣黄雷
CB17-062	トライドベンダー
CB17-063	ワンダーワールド
CB17-064	甘味処「たちばな」
CB17-065	リボルギャリー
CB17-066	クワガタ・カマキリ・バッタコアメダル／仮面ライダーオーズ ガタキリバ コンボ
CB17-067	シャチ・電気ウナギ・タココアメダル／仮面ライダーオーズ シャウタ コンボ
CB17-068	タカ・クジャク・コンドルコアメダル／仮面ライダーオーズ タジャドル コンボ
CB17-069	サイ・ゴリラ・ゾウコアメダル／仮面ライダーオーズ サゴーゾ コンボ
CB17-070	ライオン・トラ・チーターコアメダル／仮面ライダーオーズ ラトラーター コンボ
CB17-071	火炎十字斬
CB17-072	聖剣ソードライバー
CB17-073	音撃鼓装備帯
CB17-074	鬼幻術 鬼火
CB17-075	飛電ゼロワンドライバー
CB17-076	ダブルドライバー
CB17-077	ウィザードライバー
CB17-078	オーズドライバー
CB17-079	ロストブレイズ
CB17-X01	仮面ライダーカリバー ジャオウドラゴン
CB17-X02	仮面ライダーセイバー エレメンタルプリミティブドラゴン
CB17-X03	ナスカ・ドーパント ［2］
CB17-X04	仮面ライダー装甲響鬼
CB17-X05	仮面ライダーオーズ スーパータトバ コンボ ［2］
CB17-X06	アークの秘書・アズ
CB17-XX01	仮面ライダーオーズ セイシロギン コンボ
CB17-CP01	変身!! 仮面ライダーセイバー
CB17-CP02	変身!! 仮面ライダー響鬼
CB17-CP03	変身!! 仮面ライダーオーズ
CB18-001	豪烈暴獣ホロボロス［ウルトラ怪獣2020］／寄生破滅獣メツボロス［ウルトラ怪獣2020］
CB18-002	新世代ウルトラマンビクトリー
CB18-003	宇宙凶険怪獣ケルビム［ウルトラ怪獣2020］
CB18-004	凶暴宇宙鮫ゲネガーグ［ウルトラ怪獣2020］
CB18-005	爆撃雷獣グルジオライデン［ウルトラ怪獣2020］
CB18-006	新世代ウルトラマンギンガ
CB18-007	新世代ウルトラマンフーマ
CB18-008	宇宙ロボットキングジョー［ウルトラ怪獣2020］
CB18-009	どくろ怪獣レッドキングA［ウルトラ怪獣2020］
CB18-010	どくろ怪獣レッドキングB［ウルトラ怪獣2020］
CB18-011	新世代ウルトラマンオーブ オーブオリジン
CB18-012	新世代ウルトラマンタイガ／新世代ウルトラマンタイガ トライストリウム
CB18-013	新世代ウルトラマンジード プリミティブ／新世代ウルトラマンジード ウルティメイトファイナル
CB18-014	新世代ウルトラマンエックス
CB18-015	新世代ウルトラマンタイタス
CB18-016	合体魔王獣ゼッパンドン［ウルトラ怪獣2020］
CB18-017	ラストジャッジメンター ギルバリス［ウルトラ怪獣2020］
CB18-018	殺し屋超獣バラバ［ウルトラ怪獣2020］
CB18-019	新世代ウルトラマンギンガビクトリー
CB18-020	宇宙凶険怪獣マザーケルビム［ウルトラ怪獣2020］
CB18-021	新世代ウルトラマンエクシードエックス ベータスパークアーマー
CB18-022	新世代ウルトラマンタイガ フォトンアース
CB18-023	新世代ウルトラマングルーブ
CB18-024	新世代ウルトラウーマングリージョ
CB18-025	新世代ウルトラマンブル アクア
CB18-026	新世代ウルトラマンロッソ フレイム
CB18-027	海賊宇宙人バロッサ星人（二代目）［ウルトラ怪獣2020］
CB18-028	虚空怪獣グリーザ［ウルトラ怪獣2020］
CB18-029	ウルトラマンベリアル／百体怪獣ベリュドラ
CB18-030	ウルトラマントレギア
CB18-031	邪神魔獣グリムド
CB18-032	ウルトラマンゼット アルファエッジ
CB18-033	ウルトラマンゼット アルファエッジ／ウルトラマンゼット ガンマフューチャー
CB18-034	ウルトラマンゼット ベータスマッシュ
CB18-035	ウルトラマンジード ギャラクシーライジング
CB18-036	ウルトラマンA
CB18-037	ウルトラマンゼット ガンマフューチャー
CB18-038	特空機4号ウルトロイドゼロ／殲滅機甲獣デストルドス［ウルトラ怪獣2020］
CB18-039	特空機1号セブンガー
CB18-040	特空機2号ウインダム
CB18-041	特空機3号キングジョー ストレイジカスタム
CB18-042	ウルトラマンダイナ ストロングタイプ
CB18-043	ウルトラマンゼット オリジナル
CB18-044	ウルトラマンティガ マルチタイプ／ウルトラマンティガ スカイタイプ
CB18-045	ウルトラマントリガー マルチタイプ
CB18-046	超古代の光の巨人ウルトラマンティガ
CB18-047	若きウルトラ戦士ウルトラマンゼロ
CB18-048	ウルトラマンダイナ ミラクルタイプ
CB18-049	ウルトラマンティガ マルチタイプ／ウルトラマンティガ パワータイプ
CB18-050	ウルトラマンガイア（SV）
CB18-051	幻界魔剣ベリアロク
CB18-052	新世代ウルトラマン
CB18-053	セレブロ・カブラギ憑依態［ウルトラ怪獣2020］
CB18-054	対怪獣特殊空挺機甲隊ストレイジ本部
CB18-055	巨人の像
CB18-056	ウルトラマンNo.6 ウルトラマンタロウ
CB18-057	ゼットの師匠 ウルトラマンゼロ
CB18-058	真紅のファイター ウルトラセブン
CB18-059	レイガ・アルティメットブラスター
CB18-060	アトロスバースト
CB18-061	ゼスティウム光線
CB18-062	グリッターゼペリオン光線
CB18-X01	超合体怪獣ファイブキング［ウルトラ怪獣2020］
CB18-X02	新世代ウルトラマンレイガ
CB18-X03	ウルトラマンベリアル アトロシアス
CB18-X04	無幻魔人ジャグラス ジャグラー［ウルトラ怪獣2020］
CB18-X05	ウルトラマンゼット デルタライズクロー
CB18-X06	希望の光グリッターティガ
CB18-XX01	ウルトラマンキング
CB19-001	50th 仮面ライダー旧1号
CB19-002	50th 仮面ライダー1号
CB19-003	50th 仮面ライダー2号
CB19-004	50th 仮面ライダーV3
CB19-005	50th ライダーマン
CB19-006	50th 仮面ライダーX
CB19-007	50th 仮面ライダーアマゾン
CB19-008	50th 仮面ライダーストロンガー
CB19-009	50th スカイライダー
CB19-010	50th 仮面ライダースーパー1
CB19-011	50th 仮面ライダーZX
CB19-012	50th 仮面ライダーBLACK
CB19-013	50th シャドームーン
CB19-014	50th 仮面ライダーBLACK RX
CB19-015	50th 仮面ライダーシン
CB19-016	50th 仮面ライダーZO
CB19-017	50th 仮面ライダーJ
CB19-018	50th 仮面ライダークウガ マイティフォーム
CB19-019	50th 仮面ライダーアギト グランドフォーム
CB19-020	50th 仮面ライダーG3
CB19-021	50th 仮面ライダーギルス
CB19-022	50th 仮面ライダー龍騎
CB19-023	50th 仮面ライダーナイト
CB19-024	50th 仮面ライダーゾルダ
CB19-025	50th 仮面ライダー王蛇
CB19-026	50th 仮面ライダーファイズ
CB19-027	50th 仮面ライダーカイザ
CB19-028	50th 仮面ライダーデルタ
CB19-029	50th 仮面ライダーブレイド
CB19-030	50th 仮面ライダーギャレン
CB19-031	50th 仮面ライダーレンゲル
CB19-032	50th 仮面ライダーカリス
CB19-033	50th 仮面ライダー響鬼
CB19-034	50th 仮面ライダー威吹鬼
CB19-035	50th 仮面ライダー斬鬼
CB19-036	50th 仮面ライダー轟鬼
CB19-037	50th 仮面ライダーカブト ライダーフォーム
CB19-038	50th 仮面ライダーガタック ライダーフォーム
CB19-039	50th 仮面ライダーサソード ライダーフォーム
CB19-040	50th 仮面ライダーザビー ライダーフォーム
CB19-041	50th 仮面ライダー電王 ソードフォーム
CB19-042	50th 仮面ライダーゼロノス アルタイルフォーム
CB19-043	50th 仮面ライダーキバ キバフォーム
CB19-044	50th 仮面ライダーイクサ バーストモード
CB19-045	50th 仮面ライダーディケイド
CB19-046	50th 仮面ライダーディエンド
CB19-047	50th 仮面ライダーW サイクロンジョーカー
CB19-048	50th 仮面ライダーアクセル
CB19-049	50th 仮面ライダーオーズ タトバ コンボ
CB19-050	50th 仮面ライダーバース
CB19-051	50th 仮面ライダーフォーゼ ベースステイツ
CB19-052	50th 仮面ライダーメテオ
CB19-053	50th 仮面ライダーウィザード フレイムスタイル
CB19-054	50th 仮面ライダービースト
CB19-055	50th 仮面ライダー鎧武 オレンジアームズ
CB19-056	50th 仮面ライダーバロン バナナアームズ
CB19-057	50th 仮面ライダー龍玄 ブドウアームズ
CB19-058	50th 仮面ライダー斬月 メロンアームズ
CB19-059	50th 仮面ライダードライブ タイプスピード
CB19-060	50th 仮面ライダーマッハ
CB19-061	50th 仮面ライダーチェイサー
CB19-062	50th 仮面ライダーゴースト オレ魂
CB19-063	50th 仮面ライダースペクター
CB19-064	50th 仮面ライダーネクロム
CB19-065	50th 仮面ライダーエグゼイド アクションゲーマー レベル2
CB19-066	50th 仮面ライダーブレイブ クエストゲーマー レベル2
CB19-067	50th 仮面ライダースナイプ シューティングゲーマー レベル2
CB19-068	50th 仮面ライダーレーザー バイクゲーマー レベル2
CB19-069	50th 仮面ライダーゲンム アクションゲーマー レベル2
CB19-070	50th 仮面ライダービルド ラビットタンクフォーム
CB19-071	50th 仮面ライダークローズ
CB19-072	50th 仮面ライダーグリス
CB19-073	50th 仮面ライダーローグ
CB19-074	50th 仮面ライダージオウ
CB19-075	50th 仮面ライダーゲイツ
CB19-076	50th 仮面ライダーゼロワン ライジングホッパー
CB19-077	50th 仮面ライダーバルカン シューティングウルフ
CB19-078	50th 仮面ライダーバルキリー ラッシングチーター
CB19-079	50th 仮面ライダーサウザー
CB19-080	50th 仮面ライダーセイバー ブレイブドラゴン
CB19-081	50th 仮面ライダーブレイズ ライオン戦記
CB19-082	50th 仮面ライダーエスパーダ ランプドアランジーナ
CB19-083	50th 仮面ライダーカリバー ジャアクドラゴン
CB19-084	50th 仮面ライダーリバイ レックスゲノム
CB19-085	50th 仮面ライダーバイス レックスゲノム
CB20-001	50th 仮面ライダードレイク ライダーフォーム
CB20-002	仮面ライダーサーベラ 昆虫大百科
CB20-003	仮面ライダーデュランダル オーシャンヒストリー
CB20-004	仮面ライダーエスパーダ ゴールデンアランジーナ
CB20-005	仮面ライダーオールマイティセイバー
CB20-006	仮面ライダー剣斬 猿飛忍者伝 ［2］
CB20-007	仮面ライダーブレイズ タテガミ氷獣戦記
CB20-008	仮面ライダーソロモン オムニフォース
CB20-009	仮面ライダーキバ キバフォーム ［2］
CB20-010	仮面ライダーキバ ドッガフォーム ［2］
CB20-011	仮面ライダーキバ ガルルフォーム ［2］
CB20-012	仮面ライダーキバ バッシャーフォーム ［2］
CB20-013	デザスト
CB20-014	仮面ライダーキバ ドガバキフォーム ［2］
CB20-015	仮面ライダーストリウス グリモワール
CB20-016	50th 仮面ライダー旧2号
CB20-017	50th 電波人間タックル
CB20-018	仮面ライダーエグゼイド アクションゲーマー レベル2 ［3］
CB20-019	仮面ライダーレーザーX
CB20-020	仮面ライダートゥルーブレイブ
CB20-021	仮面ライダーパラドクス パーフェクトノックアウトゲーマー レベル99 ［2］
CB20-022	仮面ライダークロノス クロニクルゲーマー（花家大我）
CB20-023	50th 仮面ライダーデューク レモンエナジーアームズ
CB20-024	50th 仮面ライダーエビル バットゲノム
CB20-025	50th 仮面ライダーライブ バットゲノム
CB20-026	50th 仮面ライダーウォズ
CB20-027	刃王剣十聖刃
CB20-028	タツロット
CB20-029	水勢剣流水
CB20-030	キバットベルト
CB20-031	ゲーマドライバー
CB20-X01	仮面ライダークロスセイバー
CB20-X02	仮面ライダーキバ エンペラーフォーム ［2］
CB20-X03	仮面ライダーゲンム ゾンビゲーマー レベルX
CB20-X04	仮面ライダーエグゼイド ムテキゲーマー ［2］
CB20-X05	仮面ライダーリバイ＆仮面ライダーバイス
CB20-XX01	50th 仮面ライダー1号＆仮面ライダー2号
CB20-CP01	バイス
CB20-CP02	変身!! 仮面ライダーキバ
CB20-CP03	50th 変身!! 仮面ライダーV3
CB20-CP04	変身!! 仮面ライダーエグゼイド
CB21-001	エヴァンゲリオン 正規実用型 改2号機β
CB21-002	エヴァンゲリオン 正規実用型（ヴィレカスタム）8号機α
CB21-003	エヴァンゲリオン 正規実用型（ヴィレカスタム）8号機β
CB21-004	エヴァンゲリオン 正規実用型 改2号機γ
CB21-005	エヴァンゲリオン 正規実用型 2号機 -サンダースピア-／エヴァンゲリオン 正規実用型 2号機 獣化第2形態（第1種）
CB21-006	エヴァンゲリオン 正規実用型 改2号機γ -機関銃-
CB21-007	エヴァンゲリオン 正規実用型（ヴィレカスタム）8号機β -長距離ライフル-
CB21-008	エヴァンゲリオン 正規実用型 改2号機γ -ヴンダー救出-／エヴァンゲリオン 正規実用型 改2号機γ -コード777-
CB21-009	エヴァンゲリオン 正規実用型 2号機 -奇跡を起こすために-
CB21-010	エヴァンゲリオン 正規実用型（ヴィレカスタム）8号機β 臨時戦闘形態
CB21-011	エヴァンゲリオン 正規実用型 新2号機α
CB21-012	EVANGELION Mark.09 -ヴンダー急襲-
CB21-013	エヴァンゲリオン 試験初号機 -初起動-／エヴァンゲリオン 試験初号機 -暴走-
CB21-014	EVANGELION Mark.04 コード4A
CB21-015	EVANGELION Mark.04 コード4B
CB21-016	エヴァンゲリオン 試験初号機 -ダミーシステム-
CB21-017	EVANGELION Mark.09
CB21-018	EVANGELION Mark.04 コード4C
CB21-019	EVANGELION Mark.06
CB21-020	第1のアダムスの器
CB21-021	エヴァンゲリオン 試験初号機 -奇跡を起こすために-
CB21-022	エヴァンゲリオン 第13号機 -防御ユニット-
CB21-023	エヴァンゲリオン 第13号機 疑似シン化第3+形態（推定）
CB21-024	エヴァンゲリオン 仮設5号機 -簡易式ロンギヌスの槍（似非復元型）-
CB21-025	エヴァンゲリオン 試作零号機（改） -N2弾頭弾-
CB21-026	エヴァンゲリオン 試作零号機（改） -奇跡を起こすために-
CB21-027	第10の使徒 -零号機捕食-
CB21-028	第13の使徒
CB21-029	第3の使徒
CB21-030	第4の使徒
CB21-031	第5の使徒
CB21-032	第12の使徒
CB21-033	第6の使徒
CB21-034	第7の使徒
CB21-035	第9の使徒
CB21-036	第8の使徒
CB21-037	第10の使徒
CB21-038	式波・アスカ・ラングレー -WILLE-
CB21-039	アヤナミレイ（仮称）
CB21-040	碇シンジ -第13号機・プラグスーツ-
CB21-041	ダミーシステム
CB21-042	ロンギヌスの槍
CB21-043	AAA ヴンダー
CB21-044	WILLE
CB21-045	式波・アスカ・ラングレー -制服-／式波・アスカ・ラングレー -プラグスーツ-
CB21-046	SEELE
CB21-047	渚カヲル／渚カヲル -Mark.06・プラグスーツ-
CB21-048	赤木リツコ
CB21-049	碇シンジ -制服-／エヴァンゲリオン初号機パイロット・碇シンジ
CB21-050	真希波・マリ・イラストリアス -制服-／真希波・マリ・イラストリアス -プラグスーツ-
CB21-051	綾波レイ -制服-／綾波レイ -プラグスーツ-
CB21-052	セントラルドグマ最深部
CB21-053	第2の使徒 リリス
CB21-054	碇ゲンドウ
CB21-055	わぁかってるっちゅーのぉおお！
CB21-056	あと、いちまいぃぃい！
CB21-057	大人はさ、ずるいくらいがちょうどいいんだ
CB21-058	さあ約束のときだ、碇シンジ君。今度こそ君だけは幸せにしてみせるよ
CB21-059	勝ったな
CB21-060	行きなさい！シンジ君
CB21-061	あなたは死なないわ。私が守るもの
CB21-062	パターン青
CB21-X01	EVANGELION Mark.06 -カシウスの槍-
CB21-X02	エヴァンゲリオン 第13号機
CB21-X03	エヴァンゲリオン 試験初号機 疑似シン化第2形態
CB21-X04	式波・アスカ・ラングレー -テストスーツ-
CB21-X05	渚カヲル -第13号機・プラグスーツ-
CB21-X06	綾波レイ -ポカポカする-
CB21-XX01	碇ユイ
CB22-001	メトロン星人マルゥル
CB22-002	ウルトラマントリガー マルチタイプ ［2］
CB22-003	特空機1号改 宇宙セブンガー
CB22-004	ウルトラマンゼット オリジナル ［2］
CB22-005	ウルトラマンリブット
CB22-006	ウルトラマントリガー スカイタイプ
CB22-007	ウルトラマントリガー パワータイプ
CB22-008	トリガーダーク
CB22-009	グリッタートリガーエタニティ
CB22-010	新世代ウルトラマンオーブ オーブトリニティ
CB22-011	超古代闇怪獣ゴルバー
CB22-012	俊敏策士ヒュドラム
CB22-013	ウルトラマンゼット（レッドダメージ）
CB22-014	海賊宇宙人バロッサ星人（四代目）
CB22-015	炎魔戦士キリエロイド ［2］
CB22-016	剛力闘士ダーゴン
CB22-017	妖麗戦士カルミラ
CB22-018	特空機3号キングジョー ストレイジカスタム（ダダ憑依）
CB22-019	イーヴィルトリガー
CB22-020	邪神メガロゾーア（第一形態）
CB22-021	地底怪獣テレスドン［初代ウルトラ怪獣］
CB22-022	宇宙怪獣ベムラー［初代ウルトラ怪獣］
CB22-023	棲星怪獣ジャミラ［初代ウルトラ怪獣］
CB22-024	エリ巻恐竜ジラース［初代ウルトラ怪獣］
CB22-025	三面怪人ダダ［初代ウルトラ怪獣］
CB22-026	変身怪獣ザラガス［初代ウルトラ怪獣］
CB22-027	磁力怪獣アントラー［初代ウルトラ怪獣］
CB22-028	透明怪獣ネロンガ［初代ウルトラ怪獣］
CB22-029	どくろ怪獣レッドキング（二代目）［初代ウルトラ怪獣］
CB22-030	古代怪獣ゴモラ［初代ウルトラ怪獣］
CB22-031	怪獣酋長ジェロニモン［初代ウルトラ怪獣］
CB22-032	宇宙忍者バルタン星人［初代ウルトラ怪獣］
CB22-033	ウルトラ兄弟 ウルトラマン80
CB22-034	ウルトラ兄弟 ウルトラマンタロウ
CB22-035	ウルトラ兄弟 ウルトラマンヒカリ
CB22-036	ウルトラマンゼット アルファエッジ ［2］
CB22-037	ウルトラ兄弟 ウルトラマンA
CB22-038	ウルトラ兄弟 アストラ
CB22-039	自走多目的兵装型キングジョー ストレイジカスタム タンクモード
CB22-040	ウルトラ兄弟 ウルトラマンレオ
CB22-041	ウルトラ兄弟 ゾフィー
CB22-042	特空機1号セブンガー ～セブンガーファイト～
CB22-043	ウルトラ兄弟 ウルトラマンジャック
CB22-044	ウルトラ兄弟 ウルトラマンメビウス
CB22-045	ウルトラ兄弟 ウルトラセブン
CB22-046	ウルトラマンゼット デルタライズクロー ［2］
CB22-047	ウルトラマンティガ スカイタイプ
CB22-048	ウルトラマンティガ パワータイプ
CB22-049	グリッターティガ ［2］
CB22-050	サークルアームズ
CB22-051	ブラザーズマント
CB22-052	対怪獣用戦闘艇ナースデッセイ号
CB22-053	闇の巨人の集まる場所
CB22-054	四次元怪獣ブルトン［初代ウルトラ怪獣］
CB22-055	ウルトラマントリガー＆ウルトラマンティガ
CB22-056	変身怪人ゼットン星人［初代ウルトラ怪獣］
CB22-057	ウルトラ兄弟の父 ウルトラマンケン
CB22-058	ゼペリオン光線（トリガー）
CB22-059	ダークゼペリオン光線
CB22-060	メガトンテール
CB22-061	アイスラッガー
CB22-062	タイマーフラッシュ
CB22-X01	トリガートゥルース
CB22-X02	邪神メガロゾーア（第二形態）
CB22-X03	悪質宇宙人メフィラス星人［初代ウルトラ怪獣］
CB22-X04	宇宙恐竜ゼットン［初代ウルトラ怪獣］
CB22-X05	ウルトラ兄弟 初代ウルトラマン
CB22-X06	ウルトラマンティガ マルチタイプ
CB22-XX01	友好珍獣ピグモン［初代ウルトラ怪獣］＆コイン怪獣カネゴン
CB23-001	エヴァンゲリオン 正規実用型 改2号機γ -海中用-
CB23-002	エヴァンゲリオン 正規実用型 改2号機β -ワイヤーアンカー-
CB23-003	エヴァンゲリオン 超極限空間対応用特殊装備追加可能型 改8号機γ 両腕暫定的補強仕様 -武装コンテナ-
CB23-004	エヴァンゲリオン 正規実用型（ヴィレカスタム）8号機α -長距離ライフル-
CB23-005	エヴァンゲリオン 正規実用型（ヴィレカスタム）8号機β 臨時戦闘形態 -エッフェル塔-
CB23-006	エヴァンゲリオン 正規実用型 新2号機α -停止信号プラグ-
CB23-007	エヴァンゲリオン 改8号機γ -Mark.09-A捕食-
CB23-008	エヴァンゲリオン 正規実用型 新2号機α -裏CODE999-
CB23-009	第13号機の腕ユニット
CB23-010	エヴァンゲリオン 第13号機 -記憶の世界-
CB23-011	EVANGELION Mark.44A
CB23-012	EVANGELION Mark.44B
CB23-013	EVANGELION Mark.06 -自律型-
CB23-014	EVANGELION Mark.09 -セントラルドグマ降下-
CB23-015	EVANGELION Mark.4444C
CB23-016	エヴァンゲリオン 試験初号機 -ガトリングガン-
CB23-017	エヴァンゲリオン 正規実用型 3号機
CB23-018	EVANGELION Mark.07
CB23-019	エヴァンゲリオン 試験初号機 -父との対話-
CB23-020	エヴァンゲリオン 試験初号機 -陽電子砲-
CB23-021	エヴァンゲリオン 試験初号機 -記憶の世界-
CB23-022	エヴァオップファータイプ
CB23-023	エヴァンゲリオン 試験初号機 -ガイウスの槍-
CB23-024	エヴァンゲリオン 仮設5号機 -使徒追跡-
CB23-025	エヴァンゲリオン 試作零号機 -私が守る-
CB23-026	第4の使徒 -自爆-
CB23-027	第8の使徒 -落着寸前-
CB23-028	第6の使徒 -攻撃形態-
CB23-029	第10の使徒 -ジオフロント戦-
CB23-030	エヴァンゲリオン 改8号機γ -プラス・フォー・イン・ワン-
CB23-031	式波・アスカ・ラングレー -深々度ダイブ用耐圧試作プラグスーツ-
CB23-032	真希波・マリ・イラストリアス -深々度ダイブ用耐圧試作プラグスーツ-
CB23-033	式波・アスカ・ラングレー -使徒の力-
CB23-034	アヤナミレイ（仮称） -第3村にて-
CB23-035	ガイウスの槍
CB23-036	碇ゲンドウ -人を捨てたもの-
CB23-037	真希波・マリ・イラストリアス -使徒追跡-
CB23-038	DSSチョーカー
CB23-039	AAA ヴンダー -ヤマト作戦-
CB23-040	鈴原トウジ＆相田ケンスケ
CB23-041	鈴原トウジ
CB23-042	第3村
CB23-043	ゴルゴダオブジェクト
CB23-044	相田ケンスケ
CB23-045	第3新東京市
CB23-046	AAA ヴンダー -新たな槍-
CB23-047	渚カヲル -人類のはざまを紡ぐ-
CB23-048	光の巨人
CB23-049	葛城ミサト -WILLE-
CB23-050	エヴァにだけは乗らんでくださいよ
CB23-051	向けられた憎しみ
CB23-052	あなたはもう…何もしないで
CB23-053	これだから若い男は
CB23-054	やはり、完成していたのね
CB23-055	ほんとはただ、頭を撫でて欲しかっただけなの
CB23-056	目標をセンターに入れて…スイッチ
CB23-057	僕は加持。加持リョウジ
CB23-058	ペンペン
CB23-059	エヴァンゲリオンが無くてもいい世界に
CB23-060	セカンドインパクト
CB23-061	まさか第1使徒の僕が13番目の使徒に堕とされるとは…
CB23-062	アディショナル・インパクト
CB23-X01	エヴァンゲリオン 超極限空間対応用特殊装備追加可能型 改8号機γ 両腕暫定的補強仕様 -ヤマト作戦-
CB23-X02	エヴァンゲリオン 正規実用型 新2号機α -ヤマト作戦-
CB23-X03	エヴァンゲリオン 試験初号機 -カシウスの槍-
CB23-X04	エヴァンゲリオン 第13号機 -ロンギヌスの槍-
CB23-X05	碇シンジ -シンクロ率∞-
CB23-X06	真希波・マリ・イラストリアス -お待たせ! シンジ君-
CB23-XX01	綾波レイ -再会-
CB24-001	仮面ライダー純（量産型仮面ライダーマッハ）
CB24-002	仮面ライダーマッハ
CB24-003	仮面ライダービルド＆マシンビルダー
CB24-004	仮面ライダードライブ タイプスピード ［2］
CB24-005	仮面ライダードライブ タイプテクニック
CB24-006	仮面ライダードライブ タイプワイルド
CB24-007	仮面ライダードライブ タイプワイルドレッカー
CB24-008	仮面ライダーチェイサー
CB24-009	仮面ライダードライブ タイプスピードハンター
CB24-010	仮面ライダードライブ タイプテクニックグラビティ
CB24-011	仮面ライダービルド フェニックスロボフォーム
CB24-012	仮面ライダーデッドヒートマッハ
CB24-013	仮面ライダードライブ タイプデッドヒート
CB24-014	仮面ライダーチェイサー ［2］
CB24-015	仮面ライダービルド ラビットラビットフォーム ［2］
CB24-016	仮面ライダードライブ タイプデッドヒートフレア
CB24-017	仮面ライダーチェイサーマッハ
CB24-018	仮面ライダードライブ タイプフォーミュラ
CB24-019	仮面ライダーデモンズ スパイダーゲノム
CB24-020	仮面ライダーローグ ［2］
CB24-021	ウルフ・デッドマン
CB24-022	メディックロイミュード
CB24-023	鎧蟹
CB24-024	仮面ライダーサウザンドアーク
CB24-025	鋼鷹
CB24-026	フリーズロイミュード
CB24-027	仮面ライダーエビル バットゲノム
CB24-028	仮面ライダーバイス レックスゲノム
CB24-029	仮面ライダーエボル コブラフォーム
CB24-030	仮面ライダーベイル
CB24-031	ダイオウイカ・デッドマン
CB24-032	ブレンロイミュード
CB24-033	仮面ライダーオーバーデモンズ クワガタゲノム
CB24-034	仮面ライダーバイス バリッドレックスゲノム
CB24-035	仮面ライダーエボル ドラゴンフォーム
CB24-036	クイーンビー・デッドマン フェーズ3
CB24-037	仮面ライダープライムローグ
CB24-038	仮面ライダーアギレラ クイーンビーゲノム
CB24-039	仮面ライダージャックリバイス
CB24-040	ギフ
CB24-041	仮面ライダー装甲響鬼 ［2］
CB24-042	仮面ライダーゲンム 無双ゲーマー
CB24-043	仮面ライダーギーツ マグナムブーストフォーム
CB24-044	仮面ライダーグリス ［2］
CB24-045	仮面ライダーグリスブリザード ［2］
CB24-046	仮面ライダークローズ ［2］
CB24-047	仮面ライダーライブ バットゲノム
CB24-048	仮面ライダーリバイ レックスゲノム
CB24-049	仮面ライダークローズチャージ ［2］
CB24-050	仮面ライダージャンヌ コブラゲノム
CB24-051	仮面ライダーリバイ バリッドレックスゲノム
CB24-052	仮面ライダービルド ロケットパンダフォーム
CB24-053	仮面ライダークローズマグマ ［2］
CB24-054	仮面ライダーホーリーライブ
CB24-055	仮面ライダーリバイ ボルケーノレックスゲノム
CB24-056	仮面ライダービルド スマホウルフフォーム
CB24-057	仮面ライダーバースX
CB24-058	仮面ライダービルド タンクタンクフォーム ［2］
CB24-059	仮面ライダーインビンシブルジャンヌ
CB24-060	仮面ライダーリバイス
CB24-061	仮面ライダーエビリティライブ
CB24-062	リバイスレックス
CB24-063	仮面ライダーグレートクローズ
CB24-064	仮面ライダービルド ジーニアスフォーム ［2］
CB24-065	仮面ライダージュウガ
CB24-066	トライドロン
CB24-067	ラブコフ
CB24-068	音撃増幅剣・装甲声刃
CB24-069	ドライブピット
CB24-070	桐生戦兎の秘密基地
CB24-071	しあわせ湯
CB24-072	ドライブドライバー
CB24-073	ビルドドライバー
CB24-074	スピードロップ
CB24-075	勝利の法則は決まった！
CB24-076	リバイスドライバー
CB24-077	レックススタンピングフィニッシュ
CB24-078	マッスルギャラクシーフィニッシュ
CB24-CX01	悪魔バイス
CB24-X01	仮面ライダードライブ タイプトライドロン
CB24-X02	ハートロイミュード
CB24-X03	仮面ライダーアルティメットバイス
CB24-X04	仮面ライダーグリスパーフェクトキングダム
CB24-X05	仮面ライダーアルティメットリバイ
CB24-X06	仮面ライダークローズエボル
CB24-XX01	仮面ライダーオーズ タジャドルコンボエタニティ
CB24-CP01	仮面ライダーBLACK SUN
CB24-CP02	仮面ライダーSHADOWMOON
CB24-CP03	変身!! 仮面ライダードライブ
CB24-CP04	変身!! 仮面ライダービルド
CB24-CP05	悪の女王アギレラ
CB24-CP06	五十嵐さくら
CB25-001	脱出ポッド
CB25-002	ジェガン［U.C.0093］
CB25-003	ホビー・ハイザック
CB25-004	ギラ・ドーガ
CB25-005	リ・ガズィ
CB25-006	リ・ガズィ［BWS］
CB25-007	ギラ・ドーガ［レズン専用機］
CB25-008	ヤクト・ドーガ［クェス専用機］
CB25-009	ヤクト・ドーガ［ギュネイ専用機］
CB25-010	νガンダム［フィン・ファンネルバリア］
CB25-011	α・アジール
CB25-012	ランドマン・ロディ
CB25-013	獅電［オルガ機］
CB25-014	獅電
CB25-015	辟邪
CB25-016	ガンダム・バルバトスルプス
CB25-017	ガンダム・フラウロス［流星号］
CB25-018	ガンダム・グシオンリベイクフルシティ
CB25-019	ハシュマル
CB25-020	ガンダム・バルバトスルプスレクス
CB25-021	陸戦用ジェガンA型 マン・ハンター仕様
CB25-022	グスタフ・カール00型［ケッサリア搭乗］
CB25-023	グスタフ・カール00型
CB25-024	メッサーF01型
CB25-025	メッサーF型ネイキッド［指揮官機］
CB25-026	メッサーF02型マインレイヤー装備［ギャルセゾン搭乗］
CB25-027	ペーネロペー［フライト・フォーム］
CB25-028	Ξガンダム［フライト・フォーム］
CB25-029	ムラサメ
CB25-030	グフイグナイテッド［ハイネ専用機］
CB25-031	ストライクルージュ［オオトリ装備］
CB25-032	ソードインパルスガンダム［ルナマリア機］
CB25-033	アカツキ［オオワシ装備］
CB25-034	パーフェクトストライクガンダム［オーブ防衛戦］
CB25-035	フリーダムガンダム［C.E.73］
CB25-036	デミトレーナー
CB25-037	デミトレーナー チュチュ専用機
CB25-038	ガンダム・エアリアル［ビームサーベル］
CB25-039	ダリルバルデ
CB25-040	ミカエリス
CB25-041	ガンダム・ファラクト
CB25-042	ガンダム・エアリアル［ビームブレイド］
CB25-043	ハサウェイ・ノア［U.C.0093］
CB25-044	ギュネイ・ガス
CB25-045	クェス・パラヤ
CB25-046	アムロ・レイ［U.C.0093］
CB25-047	シャア・アズナブル［U.C.0093］
CB25-048	ユージン・セブンスターク
CB25-049	ノルバ・シノ
CB25-050	ガウマン・ノビル
CB25-051	レーン・エイム
CB25-052	ハサウェイ・ノア［U.C.0105］
CB25-053	ハイネ・ヴェステンフルス
CB25-054	チュアチュリー・パンランチ
CB25-055	グエル・ジェターク
CB25-056	スレッタ・マーキュリー
CB25-057	エラン・ケレス
CB25-058	シャディク・ゼネリ
CB25-059	チェーン・アギ
CB25-060	ナナイ・ミゲル
CB25-061	ブライト・ノア［U.C.0093］
CB25-062	アクシズ
CB25-063	ギギ・アンダルシア
CB25-064	ハイジャック犯
CB25-065	ケネス・スレッグ
CB25-066	ミオリネ・レンブラン
CB25-067	アスティカシア高等専門学園
CB25-068	ネオ・ジオン総帥 シャア・アズナブル
CB25-069	クーデリア＆アトラ
CB25-070	逆襲のシャア
CB25-071	サイコフレーム
CB25-072	νガンダムは伊達じゃない
CB25-073	抱擁
CB25-074	火星の王へ
CB25-075	夜襲
CB25-076	勝利の女神
CB25-077	さすが綺麗事はアスハのお家芸だな！
CB25-078	決闘
CB25-079	その魔女は、ガンダムを駆る。
CB25-CX01	νガンダム
CB25-CX02	Ξガンダム
CB25-CX03	ガンダム・エアリアル
CB25-X01	サザビー
CB25-X02	νガンダム［決戦時］
CB25-X03	ガンダム・バルバトスルプスレクス［最終決戦時］
CB25-X04	Ξガンダム［初陣］
CB25-X05	ペーネロペー
CB25-X06	ガンダム・エアリアル［ガンビット］
CB25-XX01	νガンダム［ロングレンジ・フィン・ファンネル］
CB26-001	鏑木・T・虎徹
CB26-002	WILD TIGER
CB26-003	WILD TIGER ［2］
CB26-004	正義の壊し屋 WILD TIGER
CB26-005	HERO WILD TIGER
CB26-006	バーナビー・ブルックス Jr.
CB26-007	BARNABY BROOKS Jr.
CB26-008	BARNABY BROOKS Jr. ［2］
CB26-009	スーパー貴公子 BARNABY BROOKS Jr.
CB26-010	HERO BARNABY BROOKS Jr.
CB26-011	カリーナ・ライル
CB26-012	BLUE ROSE
CB26-013	BLUE ROSE ［2］
CB26-014	ヒーロー界のスーパーアイドル BLUE ROSE
CB26-015	HERO BLUE ROSE
CB26-016	ライアン・ゴールドスミス
CB26-017	GOLDEN RYAN
CB26-018	GOLDEN RYAN ［2］
CB26-019	さすらいの重力王子 GOLDEN RYAN
CB26-020	HERO GOLDEN RYAN
CB26-021	ネイサン・シーモア
CB26-022	FIRE EMBLEM
CB26-023	FIRE EMBLEM ［2］
CB26-024	ブルジョワ直火焼き FIRE EMBLEM
CB26-025	HERO FIRE EMBLEM
CB26-026	キース・グッドマン
CB26-027	SKY HIGH
CB26-028	SKY HIGH ［2］
CB26-029	風の魔術師 SKY HIGH
CB26-030	HERO SKY HIGH
CB26-031	イワン・カレリン
CB26-032	ORIGAMI CYCLONE
CB26-033	ORIGAMI CYCLONE ［2］
CB26-034	見切れ職人 ORIGAMI CYCLONE
CB26-035	HERO ORIGAMI CYCLONE
CB26-036	アントニオ・ロペス
CB26-037	ROCK BISON
CB26-038	ROCK BISON ［2］
CB26-039	西海岸の猛牛戦車 ROCK BISON
CB26-040	HERO ROCK BISON
CB26-041	ホァン・パオリン
CB26-042	DRAGON KID
CB26-043	DRAGON KID ［2］
CB26-044	稲妻カンフーマスター DRAGON KID
CB26-045	HERO DRAGON KID
CB26-046	ラーラ・チャイコスカヤ
CB26-047	MAGICAL CAT
CB26-048	MAGICAL CAT ［2］
CB26-049	魔女っ娘食肉目 MAGICAL CAT
CB26-050	HERO MAGICAL CAT
CB26-051	仙石 昴
CB26-052	Mr. BLACK
CB26-053	Mr. BLACK ［2］
CB26-054	黒ずくめ男 Mr. BLACK
CB26-055	HERO Mr. BLACK
CB26-056	トーマス・トーラス
CB26-057	HE IS THOMAS
CB26-058	HE IS THOMAS ［2］
CB26-059	白き光を纏いし者 HE IS THOMAS
CB26-060	HERO HE IS THOMAS
CB26-061	ルナティック
CB26-062	断罪の炎 ルナティック
CB26-063	フガン
CB26-064	ムガン
CB26-065	ヒーロー狩り フガン
CB26-066	ヒーロー狩り ムガン
CB26-067	ダブルチェイサー
CB26-068	ブルーローズ専用バイク
CB26-069	ファイヤーエンブレムカー
CB26-070	見切れ職人
CB26-071	キッドのお守り
CB26-072	バディシステム
CB26-073	HERO TV
CB26-074	ボンジュール！ヒーロー
CB26-075	シュテルンビルト
CB26-076	ハイパーグッドラックモード
CB26-077	わたしの氷はちょっぴりコールド…貴方の悪事を完全ホールド！
CB26-078	ファイヤースカイ
CB26-079	NEXT能力「擬態」
CB26-080	マジカルスプラッシュ
CB26-081	NEXT能力「バリア」
CB26-CX01	鏑木・T・虎徹＆バーナビー・ブルックス Jr.
CB26-CX02	カリーナ・ライル＆ライアン・ゴールドスミス
CB26-CX03	ネイサン・シーモア＆キース・グッドマン
CB26-CX04	イワン・カレリン＆アントニオ・ロペス
CB26-CX05	ホァン・パオリン＆ラーラ・チャイコスカヤ
CB26-CX06	仙石 昴＆トーマス・トーラス
CB26-X01	WILD TIGER＆BARNABY BROOKS Jr.
CB26-X02	BLUE ROSE＆GOLDEN RYAN
CB26-X03	FIRE EMBLEM＆SKY HIGH
CB26-X04	ORIGAMI CYCLONE＆ROCK BISON
CB26-X05	DRAGON KID＆MAGICAL CAT
CB26-X06	Mr. BLACK＆HE IS THOMAS
CB27-001	ユニコーンガンダム3号機 フェネクス［デストロイモード］
CB27-002	オデュッセウスガンダム
CB27-003	Ξガンダム［ビーム・バリア］
CB27-004	ディランザ ラウダ専用機
CB27-005	ガンダム・ルブリス
CB27-006	ディランザ グエル専用機
CB27-007	ベギルペンデ
CB27-008	ベギルベウ
CB27-009	ガンダム・ルブリス・ウル
CB27-010	ガンダム・エアリアル［VS.ミカエリス戦］
CB27-011	ガンダム・ルブリス・ソーン
CB27-012	0ガンダム［ロールアウトカラー］
CB27-013	ガンダムエクシアリペアII
CB27-014	アスラン・ザラ［DESTINY］
CB27-015	キラ・ヤマト［DESTINY］
CB27-016	ノレア・デュノク
CB27-017	ソフィ・プロネ
CB27-018	デリング・レンブラン
CB27-019	ニカ・ナナウラ
CB27-020	カガリ・ユラ・アスハ［DESTINY］
CB27-021	スメラギ・李・ノリエガ
CB27-022	逃げたら一つ、進めば二つ手に入る
CB27-023	刹那・F・セイエイ、未来を切り開く！
CB27-X01	νガンダムHWS
CB27-X02	サザビー［ロング・ライフル］
CB27-X03	インフィニットジャスティスガンダム
CB27-X04	ガンダム・エアリアル（改修型）
CB27-X05	ガンダムエクシアリペア
CB27-XX01	ストライクフリーダムガンダム
CB28-001	ゴジラアクアティリス＜S.P＞
CB28-002	ガイガンミレース
CB28-003	キングギドラ（1964）
CB28-004	ゴジラ（1954）
CB28-005	キングギドラ -引力光線-
CB28-006	ゴジラアンフィビア＜S.P＞
CB28-007	モンスターX ［2］
CB28-008	リトルゴジラ ［2］
CB28-009	暴竜アンギラス（1972）
CB28-010	ゴジラジュニア ［2］
CB28-011	ゴジラテレストリス＜S.P＞
CB28-012	未来予知怪獣アンギラス＜S.P＞
CB28-013	デスギドラ
CB28-014	怪獣王ゴジラ（1989）
CB28-015	ゴジラ（ゴジラVSガイガンレクス）
CB28-016	カイザーギドラ ［2］
CB28-017	ガイガンレクス
CB28-018	モスラ（幼虫）（1968）
CB28-019	ゴジラ・フィリウス
CB28-020	バイオ怪獣ビオランテ（植獣形態）
CB28-021	ジェットジャガー プロトタイプ＜S.P＞
CB28-022	ジェットジャガーβ＜S.P＞
CB28-023	スーパーメカゴジラ（1993）
CB28-024	メカキングギドラ（1991）
CB28-025	MFS-3 3式機龍
CB28-026	ジェットジャガー＜S.P＞
CB28-027	メカゴジラシティ
CB28-028	放射熱線＜S.P＞
CB28-029	オキシジェン・デストロイヤー・レイ
CB28-RV001	デストロイア（幼体）
CB28-RV002	宇宙超怪獣キングギドラ
CB28-RV003	怪獣王ゴジラ［2000］
CB28-RV004	ゴジラ［1965］
CB28-RV005	キングギドラ［1991］
CB28-RV006	デストロイア（飛翔体）
CB28-RV007	デストロイア（集合体）
CB28-RV008	スペースゴジラ
CB28-RV009	完全生命体デストロイア
CB28-RV010	デストロイア（完全体）
CB28-RV011	メカゴジラ［1974］
CB28-RV012	にせゴジラ
CB28-RV013	MOGERAII-SRF
CB28-RV014	対G兵器スーパーメカゴジラ
CB28-RV015	サイボーグ怪獣メカキングギドラ
CB28-RV016	ガルーダ
CB28-RV017	妖星ゴラス
CB28-RV018	怪獣王出現
CB28-RV019	メカゴジラ格納庫
CB28-RV020	引力光線
CB28-RV021	オキシジェン・デストロイヤー
CB28-RV022	全武装攻撃
CB28-CX01	ベビーゴジラ
CB28-CX02	未来のペット ドラット
CB28-CX03	デストロイア
CB28-CX04	Gフォース メカゴジラ
CB28-X01	ゴジラウルティマ＜S.P＞
CB28-X02	バーニングゴジラ（1995）
CB28-X03	高次元怪獣ギドラ
CB28-X04	MFS-3 対G特殊兵器3式機龍〈改〉
CB28-X05	対ゴジラ超重質量ナノメタル製決戦兵器：メカゴジラ
CB28-X06	サイボーグ怪獣メカキングギドラ -マシンハンド展開-
CB28-XX01	ゴジラ・アース
CB29-001	ヤクト・ドーガ［袖付き］
CB29-002	νガンダム［ロングレンジ・フィン・ファンネル・ビームサーベル］
CB29-003	サザビー［ダブル・ホーン・ファンネル］
CB29-004	νガンダム［アクシズ落下時］
CB29-005	ユニコーンガンダム2号機 バンシィ・ノルン［覚醒］
CB29-006	ガンダム・キマリスヴィダール
CB29-007	ガンダム・バエル
CB29-008	ペーネロペー［ファンネル・ミサイル］
CB29-009	コアスプレンダー［エンジェルダウン作戦］
CB29-010	ムラサメ［バルトフェルド専用機］
CB29-011	M1アストレイ［シュライク装備型］
CB29-012	ドムトルーパー
CB29-013	ガイアガンダム［バルトフェルド専用機］
CB29-014	フォースインパルスガンダム［エンジェルダウン作戦］
CB29-015	アカツキ［シラヌイ装備］
CB29-016	デストロイガンダム
CB29-017	インフィニットジャスティスガンダム［ミーティア装備］
CB29-018	デスルター
CB29-019	プロドロス
CB29-020	ガンドノード
CB29-021	ディランザ［フェルシー機］
CB29-022	ガンダム・エアリアル［ビットオンフォーム］
CB29-023	ガンドノード［オプション装備］
CB29-024	ディランザ・ソル
CB29-025	ガンヴォルヴァ
CB29-026	ガンダム・ファラクト［ランブルリング］
CB29-027	ベギルペンデ［ドミニコス隊仕様］
CB29-028	ガンダム・エアリアル（改修型）［クワイエット・ゼロ］
CB29-029	ガンダム・キャリバーン
CB29-030	ディランザ グエル専用機［最終決戦時］
CB29-031	デミバーディング
CB29-032	ガンダム・シュバルゼッテ
CB29-033	ミカエリス［VS.ダリルバルデ戦］
CB29-034	ダリルバルデ［VS.ミカエリス戦］
CB29-035	ブレイヴ一般用試験機
CB29-036	ジンクスIV
CB29-037	ブレイヴ指揮官用試験機
CB29-038	ELS
CB29-039	ガンダムエクシアリペアIV［グラハム・ガンダム］
CB29-040	ガンダムサバーニャ
CB29-041	ガンダムハルート
CB29-042	ラファエルガンダム
CB29-043	ダブルオーライザー［粒子貯蔵タンク型］
CB29-044	ガエリオ・ボードウィン
CB29-045	マクギリス・ファリド
CB29-046	マフティー・ナビーユ・エリン
CB29-047	アンドリュー・バルトフェルド
CB29-048	ムウ・ラ・フラガ［C.E.73］
CB29-049	シン・アスカ［C.E.73］
CB29-050	ステラ・ルーシェ
CB29-051	ケナンジ・アベリー
CB29-052	プロスペラ・マーキュリー
CB29-053	エラン・ケレス（強化人士5号）
CB29-054	ラウダ・ニール
CB29-055	グエル・ジェターク［CEO］
CB29-056	ティエリア・アーデ［ヴェーダ］
CB29-057	アレルヤ・ハプティズム＆ソーマ・ピーリス
CB29-058	グラハム・エーカー［CB］
CB29-059	刹那・F・セイエイ［ELSイノベイター］
CB29-060	ロックオン・ストラトス［西暦2314］
CB29-061	アストナージ・メドッソ
CB29-062	エターナル
CB29-063	タリア・グラディス
CB29-064	ミーア・キャンベル
CB29-065	メイリン・ホーク
CB29-066	マリュー・ラミアス
CB29-067	エリクト・サマヤ
CB29-068	ミオリネ・レンブラン［CEO］
CB29-069	クワイエット・ゼロ
CB29-070	フェルト・グレイス
CB29-071	マリナ・イスマイール
CB29-072	ミネバ・ラオ・ザビ
CB29-073	やってみせろよ、マフティー！
CB29-074	新たなる自由
CB29-075	パルマフィオキーナ
CB29-076	二人のラクス
CB29-077	風向き、変わりそうね
CB29-078	懺悔
CB29-079	父と子と
CB29-080	株式会社ガンダム
CB29-081	対話のための機体
CB29-CX01	ガンダム・ルブリス［ビットオンフォーム］
CB29-CX02	ガンダムエクシア［刹那・F・セイエイ］
CB29-X01	ガンダム・バルバトスルプス［鉄華団］
CB29-X02	Ξガンダム［ファンネル・ミサイル］
CB29-X03	デスティニーガンダム［メサイア攻防戦］
CB29-X04	ストライクフリーダムガンダム［ミーティア装備］
CB29-X05	ガンダム・エアリアル（改修型）［パーメットスコア・エイト］
CB29-X06	ガンダム・キャリバーン［最終決戦時］
CB29-X07	ダブルオークアンタ
CB29-X08	ユニコーンガンダム［結晶体］
CB29-X09	スレッタ・マーキュリー［株式会社ガンダム］
CB29-XX01	ELSクアンタ
CB29-XX02	ラクス・クライン
CB30-001	仮面ライダーゼロドライブ
CB30-002	仮面ライダーアギト ストームフォーム
CB30-003	仮面ライダーアギト フレイムフォーム
CB30-004	仮面ライダービルド オクトパスライトフォーム
CB30-005	仮面ライダー超デッドヒートドライブ
CB30-006	仮面ライダーアギト バーニングフォーム
CB30-007	仮面ライダーアギト トリニティフォーム
CB30-008	仮面ライダードライブ タイプトライドロン ［2］
CB30-009	仮面ライダーマッハチェイサー
CB30-010	仮面ライダーブレン
CB30-011	仮面ライダーグレア
CB30-012	ブロンズドライブ
CB30-013	水のエル
CB30-014	仮面ライダーエボル コブラフォーム ［2］
CB30-015	仮面ライダーデザスト
CB30-016	仮面ライダーエボル ドラゴンフォーム ［2］
CB30-017	仮面ライダードレッド零式
CB30-018	ウルフ・デッドマン ライオット
CB30-019	風のエル
CB30-020	仮面ライダーエボル ラビットフォーム
CB30-021	地のエル
CB30-022	仮面ライダーエビルマーベラス
CB30-023	仮面ライダーアナザーアギト
CB30-024	仮面ライダー王蛇サバイブ
CB30-025	仮面ライダーインペリアルデモンズ
CB30-026	仮面ライダーリガドΩ
CB30-027	仮面ライダーアルティメットバイス ［2］
CB30-028	仮面ライダーギルス
CB30-029	仮面ライダーギルス ［2］
CB30-030	仮面ライダービルド ローズコプターフォーム
CB30-031	仮面ライダーエクシードギルス
CB30-032	仮面ライダータイクーン ニンジャフォーム
CB30-033	仮面ライダーナーゴ ビートフォーム
CB30-034	仮面ライダーバッファ ゾンビフォーム
CB30-035	仮面ライダーギーツ コマンドフォーム ジェットモード
CB30-036	仮面ライダージーン
CB30-037	仮面ライダーパンクジャック モンスターフォーム
CB30-038	仮面ライダーギーツ ブーストフォームマークII
CB30-039	仮面ライダータイクーン コマンドフォーム キャノンモード
CB30-040	仮面ライダーバッファ コマンドフォーム ジェットモード
CB30-041	仮面ライダーナーゴ ファンタジーフォーム
CB30-042	仮面ライダーギーツ レーザーブーストフォーム
CB30-043	仮面ライダーバッファ フィーバーゾンビフォーム（ジャマ神）
CB30-044	仮面ライダーギャレン キングフォーム
CB30-045	仮面ライダーG3
CB30-046	仮面ライダーマジェード
CB30-047	仮面ライダーガッチャード バーニングゴリラ
CB30-048	仮面ライダーG3 ［2］
CB30-049	ヴァルバラド
CB30-050	仮面ライダーガッチャード アッパレスケボー
CB30-051	仮面ライダーガッチャード アントレスラー
CB30-052	仮面ライダーライブマーベラス
CB30-053	仮面ライダービルド サメバイクフォーム
CB30-054	仮面ライダースーパーガッチャード クロスユーフォーエックス
CB30-055	仮面ライダーG3-X
CB30-056	仮面ライダーアルティメットリバイ ［2］
CB30-057	ジョブケミー アッパレブシドー
CB30-058	インセクトケミー ホッパー1
CB30-059	インセクトケミー アントルーパー
CB30-060	ビークルケミー スケボーズ
CB30-061	ビークルケミー スチームライナー
CB30-062	ジョブケミー レスラーG
CB30-063	マシントルネイダー
CB30-064	財団X
CB30-065	DGP
CB30-066	創世の女神
CB30-067	ビークルケミー ゴルドダッシュ
CB30-068	錬金アカデミー
CB30-069	オルタリング
CB30-070	ライダーキック（仮面ライダーアギト）
CB30-071	エボルテックフィニッシュ
CB30-072	デザイアドライバー
CB30-073	マグナムブーストグランドビクトリー
CB30-074	ガッチャードライバー
CB30-075	スチームホッパーフィーバー
CB30-CX01	仮面ライダーアギト グランドフォーム
CB30-CX02	エボルト（怪人態） ［2］
CB30-CX03	仮面ライダーギーツ マグナムブーストフォーム ［2］
CB30-CX04	仮面ライダーガッチャード スチームホッパー
CB30-X01	仮面ライダーアギト シャイニングフォーム
CB30-X02	仮面ライダーエボル ブラックホールフォーム ［2］
CB30-X03	仮面ライダータイクーン ブジンソード
CB30-X04	仮面ライダーギーツIX
CB30-X05	仮面ライダーヴァルバラド
CB30-X06	仮面ライダーファイヤーガッチャード スチームホッパー
CB30-XX01	仮面ライダービルド クローズビルドフォーム ［2］
CB30-CP01	仮面ライダーネクストカイザ
CB30-CP02	仮面ライダーネクストファイズ
CB30-CP03	仮面ライダーミューズ
CB30-CP04	仮面の魂
CB31-001	仮面ライダーサソード ライダーフォーム ［2］
CB31-002	仮面ライダーガタック ライダーフォーム ［3］
CB31-003	仮面ライダーザビー ライダーフォーム ［2］
CB31-004	仮面ライダーバロン バナナアームズ ［2］
CB31-005	仮面ライダーカブト ライダーフォーム ［4］
CB31-006	仮面ライダーカブト ライダーフォーム ［5］
CB31-007	仮面ライダーガタック ハイパーフォーム ［2］
CB31-008	仮面ライダー龍玄 ブドウアームズ ［2］
CB31-009	仮面ライダーキルバス
CB31-010	仮面ライダーW ヒートメタル ［3］
CB31-011	仮面ライダーW ファングジョーカー ［3］
CB31-012	仮面ライダーW ルナトリガー ［3］
CB31-013	仮面ライダースカル ［3］
CB31-014	仮面ライダーW サイクロンジョーカーエクストリーム ［4］
CB31-015	仮面ライダー斬月 メロンアームズ ［2］
CB31-016	仮面ライダーギャレン ［3］
CB31-017	仮面ライダーブレイド ジャックフォーム ［3］
CB31-018	仮面ライダーレンゲル ［3］
CB31-019	仮面ライダー鎧武 ジンバーレモンアームズ ［2］
CB31-020	仮面ライダーギャレン キングフォーム ［2］
CB31-021	仮面ライダー鎧武 カチドキアームズ ［3］
CB31-022	仮面ライダーワイルドカリス ［2］
CB31-023	ライダーベルト＆カブトゼクター
CB31-024	戦極ドライバー
CB31-025	ブレイバックル
CB31-RV001	仮面ライダーカブト ライダーフォーム ［3］
CB31-RV002	仮面ライダーダークカブト ライダーフォーム
CB31-RV003	仮面ライダーダークキバ
CB31-RV004	仮面ライダーブラーボ ドリアンアームズ
CB31-RV005	仮面ライダーW サイクロンジョーカーゴールドエクストリーム
CB31-RV006	仮面ライダーブレイド ジャックフォーム ［2］
CB31-RV007	仮面ライダーデューク レモンエナジーアームズ
CB31-RV008	プリズムビッカー
CB31-RV009	園咲家
CB31-RV010	BOARD
CB31-CX01	仮面ライダーカブト マスクドフォーム ［2］
CB31-CX02	仮面ライダーW サイクロンジョーカー ［3］
CB31-CX03	仮面ライダー鎧武 オレンジアームズ ［3］
CB31-CX04	仮面ライダーブレイド ［3］
CB31-X01	仮面ライダーカブト ハイパーフォーム ［3］
CB31-X02	仮面ライダーW サイクロンジョーカーゴールドエクストリーム ［3］
CB31-X03	仮面ライダーガヴ ポッピングミフォーム
CB31-X04	仮面ライダーブレイド キングフォーム ［3］
CB31-X05	仮面ライダー鎧武 極アームズ ［2］
CB31-XX01	仮面ライダーレンゲル キングフォーム
CB31-CP01	ロード・バロン
CB31-CP02	仮面ライダーエターナル ［2］
CB31-CP03	ジョーカー
CB32-001	帝国機兵レギオノイド
CB32-002	再生怪獣ギエロン星獣
CB32-003	ロボット怪獣メカゴモラ
CB32-004	ベリアル融合獣スカルゴモラ ［2］
CB32-005	ウルトラマンアーク ソリスアーマー
CB32-006	ベリアル融合獣サンダーキラー
CB32-007	ウルトラマンアーク ルーナアーマー
CB32-008	ウルトラマンアーク サトゥルーアーマー
CB32-009	ウルトラマンアーク -アークアイソード装備-
CB32-010	ベリアル銀河帝国ダークロプスゼロ
CB32-011	暴君怪獣タイラント ［3］
CB32-012	宇宙恐竜ゼットン［初代ウルトラ怪獣］ ［2］
CB32-013	ベリアル融合獣キメラベロス
CB32-014	時空破壊神ゼガン
CB32-015	ペガッサ星人ペガ
CB32-016	ウルトラヒーロー ウルトラマンゼロ
CB32-017	ウルトラマンジード ソリッドバーニング
CB32-018	ウルトラマンジード アクロスマッシャー
CB32-019	ウルトラマンジード マグニフィセント
CB32-020	ウルトラマンゼット アルファエッジ ［3］
CB32-021	遅れてきた主役ウルトラマンゼロ ビヨンド
CB32-022	ウルトラマンジード ロイヤルメガマスター
CB32-023	幻覚宇宙人メトロン星人［初代ウルトラ怪獣］
CB32-024	宇宙怪獣エレキング［初代ウルトラ怪獣］
CB32-025	戦車怪獣 恐竜戦車［初代ウルトラ怪獣］
CB32-026	分身宇宙人ガッツ星人［初代ウルトラ怪獣］
CB32-027	宇宙ロボットキングジョー［初代ウルトラ怪獣］
CB32-028	ロボット怪獣クレージーゴン［初代ウルトラ怪獣］
CB32-029	ユピーザロボット（ユピー）
CB32-030	特戦獣アースガロン
CB32-031	ウルトラ兄弟 ウルトラセブン ［2］
CB32-032	ウルトラ兄弟 ウルトラマンA ［2］
CB32-033	ウルトラマンブレーザー ［2］
CB32-034	ウルトラ兄弟 初代ウルトラマン ［2］
CB32-035	ウルトラ兄弟 ウルトラマンタロウ ［2］
CB32-036	特戦獣アースガロンMod.2
CB32-037	宇宙を見守る超人 ウルトラマンキング
CB32-038	ウルトラマンネクサス アンファンス
CB32-039	ウルトラマンジード プリミティブ ［2］
CB32-040	ルナミラクルゼロ
CB32-041	ウルトラマンゼット アルファエッジ ［4］
CB32-042	ウルトラマンネクサス ジュネッスブルー
CB32-043	ストロングコロナゼロ
CB32-044	ゼロの父 ウルトラセブン
CB32-045	ウルティメイトゼロ
CB32-046	アークアイソード
CB32-047	ウルティメイトイージス
CB32-048	怪獣防災科学調査所 SKIP
CB32-049	ベリアル銀河帝国
CB32-050	星雲荘
CB32-051	レム
CB32-052	K76星
CB32-053	アークデスシウム光線
CB32-054	アークファイナライズ
CB32-055	レッキングバースト
CB32-056	バルキーコーラス
CB32-057	アークギガバリヤー
CB32-058	ワイドゼロショット
CB32-CX01	未来を守る光の巨人ウルトラマンアーク
CB32-CX02	宿命のヒーロー ウルトラマンジード プリミティブ
CB32-CX03	若きウルトラヒーロー ウルトラマンゼロ
CB32-CX04	ベリアル銀河帝国皇帝カイザーベリアル
CB32-X01	ウルトラマンアーク ギャラクシーアーマー
CB32-X02	超銀河大帝アークベリアル
CB32-X03	ウルトラマンジード ウルティメイトファイナル
CB32-X04	双頭怪獣パンドン［初代ウルトラ怪獣］
CB32-X05	新たなウルトラ兄弟 ウルトラマンメビウス
CB32-X06	シャイニングウルトラマンゼロ
CB32-XX01	ウルトラマンノア
CB32-CP01	赤ちゃん怪獣エミ
CB32-CP02	怪獣の女王ジャイガントロン
CB32-CP03	ウルトラマン［Ultraman：Rising］
CB33-001	［ワイルドの覚醒者］主人公
CB33-002	［愚者］オルフェウス
CB33-003	主人公＆タナトス
CB33-004	タナトス
CB33-005	［S.E.E.S.制式戦闘服］岳羽 ゆかり ［2］
CB33-006	［サイクロンアロー］岳羽 ゆかり＆イオ
CB33-007	［S.E.E.S.制式戦闘服］伊織 順平 ［2］
CB33-008	［バーストスイング］伊織 順平＆ヘルメス
CB33-009	［月光館学園制服］真田 明彦
CB33-010	［S.E.E.S.制式戦闘服］真田 明彦
CB33-011	ポリデュークス
CB33-012	［ライトニングスフィア］真田 明彦＆ポリデュークス
CB33-013	カエサル
CB33-014	［月光館学園制服］桐条 美鶴
CB33-015	［S.E.E.S.制式戦闘服］桐条 美鶴
CB33-016	ペンテシレア
CB33-017	［ブリザードエッジ］桐条 美鶴＆ペンテシレア
CB33-018	アルテミシア
CB33-019	コロマル
CB33-020	［S.E.E.S.制式戦闘服］コロマル
CB33-021	ケルベロス
CB33-022	［ブラックハウンド］コロマル＆ケルベロス
CB33-023	［アクセルハウリング］コロマル＆ケルベロス
CB33-024	［月光館学園制服］アイギス
CB33-025	［対シャドウ特別制圧兵装］アイギス
CB33-026	パラディオン
CB33-027	［刹那五月雨撃］パラディオン
CB33-028	アテナ
CB33-029	［イノセントタック］アテナ
CB33-030	［対シャドウ特別制圧兵装］アイギス［重装ver.］
CB33-031	［月光館学園制服］天田 乾
CB33-032	［S.E.E.S.制式戦闘服］天田 乾
CB33-033	ネメシス
CB33-034	［天誅］天田 乾＆ネメシス
CB33-035	カーラ・ネミ
CB33-036	［天啓］天田 乾＆カーラ・ネミ
CB33-037	荒垣 真次郎
CB33-038	［S.E.E.S.制式戦闘服］荒垣 真次郎
CB33-039	カストール
CB33-040	［ブラッディストライク］荒垣 真次郎
CB33-041	タカヤ
CB33-042	ヒュプノス
CB33-043	タカヤ＆ヒュプノス
CB33-044	ジン
CB33-045	モロス
CB33-046	ジン＆モロス
CB33-047	チドリ
CB33-048	メーディア
CB33-049	チドリ＆メーディア
CB33-050	エリザベス
CB33-051	ファルロス
CB33-052	プリーステス
CB33-053	エンプレス＆エンペラー
CB33-054	ハイエロファント
CB33-055	ラヴァーズ
CB33-056	チャリオッツ＆ジャスティス
CB33-057	ハーミット
CB33-058	フォーチュン＆ストレングス
CB33-059	ハングドマン
CB33-060	メティス
CB33-061	［機械の少女］メティス
CB33-062	プシュケイ
CB33-063	［オラクル］山岸 風花＆ルキア
CB33-064	［ハイ・オラクル］山岸 風花＆ユノ
CB33-065	イゴール
CB33-066	ベルベットルーム
CB33-067	影時間
CB33-068	タルタロス
CB33-069	アムリタシャワー
CB33-070	エスケープロード
CB33-071	メディア
CB33-072	マハラクンダ
CB33-073	テトラカーン
CB33-074	マハラクカジャ
CB33-075	メギドラオン
CB33-076	マカラカーン
CB33-CX01	［S.E.E.S.制式戦闘服］アイギス
CB33-CX02	望月 綾時
CB33-X01	［Memento Mori］主人公＆タナトス
CB33-X02	［明鏡止水］岳羽 ゆかり＆イシス
CB33-X03	［生命の炎］伊織 順平＆トリスメギストス
CB33-X04	［エレクトリックブロー］真田 明彦＆カエサル
CB33-X05	［断罪の刃］桐条 美鶴＆アルテミシア
CB33-X06	［オルギアモード起動］アイギス＆パラディオン
CB33-X07	［全弾展開］アイギス＆アテナ
CB33-X08	［強襲突貫］メティス＆プシュケイ
CB33-X09	［月光館学園制服］主人公
CB33-XX01	［オルギアモード］アイギス
CB33-XX02	［メギドラオンでございます］エリザベス
CB33-CP01	大アルカナカード
CB34-001	仮面ライダークウガ グローイングフォーム ［3］
CB34-002	仮面ライダーデルタ ［3］
CB34-003	仮面ライダークウガ ドラゴンフォーム ［3］
CB34-004	仮面ライダークウガ ペガサスフォーム ［3］
CB34-005	仮面ライダークウガ タイタンフォーム ［3］
CB34-006	仮面ライダーファイズ アクセルフォーム ［4］
CB34-007	仮面ライダーアギト フレイムフォーム ［2］
CB34-008	仮面ライダーカイザ ［3］
CB34-009	仮面ライダーファイズ アクセルフォーム ［5］
CB34-010	仮面ライダークウガ ライジングペガサス ［2］
CB34-011	仮面ライダークウガ ライジングドラゴン ［2］
CB34-012	仮面ライダークウガ ライジングタイタン ［2］
CB34-013	仮面ライダークウガ アメイジングマイティ ［3］
CB34-014	仮面ライダーオーガ ［2］
CB34-015	仮面ライダーアギト シャイニングフォーム ［2］
CB34-016	ブラッドスターク ［2］
CB34-017	クロコダイルオルフェノク 格闘態
CB34-018	クレインオルフェノク ［2］
CB34-019	センチピードオルフェノク ［2］
CB34-020	仮面ライダーバロン バナナアームズ ［3］
CB34-021	仮面ライダーエルド
CB34-022	ドラゴンオルフェノク 龍人態
CB34-023	ローズオルフェノク ［2］
CB34-024	仮面ライダーXギーツ
CB34-025	仮面ライダーゼイン
CB34-026	仮面ライダールシファー ［2］
CB34-027	ウルフオルフェノク ［2］
CB34-028	ホースオルフェノク 激情態 ［2］
CB34-029	仮面ライダーエボルX
CB34-030	究極の闇ン・ダグバ・ゼバ
CB34-031	仮面ライダーバルカン シューティングウルフ ［2］
CB34-032	仮面ライダー迅 フライングファルコン ［3］
CB34-033	仮面ライダーバルキリー ラッシングチーター ［2］
CB34-034	仮面ライダーゼロワン シャイニングホッパー ［2］
CB34-035	仮面ライダーバルカン ローンウルフ
CB34-036	仮面ライダーサウザー ［2］
CB34-037	仮面ライダーゼロワン シャイニングアサルトホッパー ［3］
CB34-038	仮面ライダーバルキリー ジャスティスサーバル
CB34-039	仮面ライダー滅 スティングスコーピオン ［3］
CB34-040	仮面ライダーゼロワン メタルクラスタホッパー ［3］
CB34-041	仮面ライダーゼロワン ヘルライジングホッパー ［2］
CB34-042	仮面ライダーナーゴ フィーバービートフォーム
CB34-043	仮面ライダータイクーン シノビフォーム
CB34-044	仮面ライダーギーツ ブーストフォームマークIII
CB34-045	仮面ライダーバッファプロージョンレイジ
CB34-046	仮面ライダータイクーン ブジンモンスター
CB34-047	仮面ライダーアギト グランドフォーム ［2］
CB34-048	仮面ライダーアギト ストームフォーム ［2］
CB34-049	仮面ライダートワイライトマジェード
CB34-050	仮面ライダープラチナガッチャード
CB34-051	仮面ライダーG4
CB34-052	仮面ライダーヴァルバラド黒鋼
CB34-053	仮面ライダーレジェンド
CB34-054	仮面ライダーレジェンダリーレジェンド
CB34-055	インセクトケミー クロスホッパー
CB34-056	ビークルケミー テンライナー
CB34-057	レインボーケミー ニジゴン
CB34-058	ゴウラム ［2］
CB34-059	トライチェイサー2000
CB34-060	飛電インテリジェンス
CB34-061	ファイズドライバー＆ファイズフォン
CB34-062	アークル
CB34-RV001	仮面ライダークウガ ライジングマイティ ［2］
CB34-RV002	スネークオルフェノク
CB34-RV003	ゴ・ガドル・バ
CB34-RV004	ロブスターオルフェノク
CB34-RV005	アークオルフェノク
CB34-RV006	仮面ライダー雷 ［2］
CB34-RV007	仮面ライダー亡 ［2］
CB34-RV008	仮面ライダーゼロワン ライジングホッパー ［3］
CB34-RV009	仮面ライダー迅 バーニングファルコン
CB34-RV010	九郎ヶ岳遺跡
CB34-RV011	スマートブレイン社
CB34-RV012	ライジングマイティキック
CB34-RV013	飛電ゼロワンドライバー
CB34-CX01	仮面ライダーファイズ ［4］
CB34-CX02	仮面ライダークウガ マイティフォーム ［4］
CB34-CX03	仮面ライダーゼロワン ライジングホッパー ［4］
CB34-X01	仮面ライダーアギト トリニティフォーム ［2］
CB34-X02	仮面ライダーファイズ ブラスターフォーム ［3］
CB34-X03	仮面ライダークウガ アルティメットフォーム ［3］
CB34-X04	仮面ライダーゼロワン＆ゼロツー（イズ）
CB34-X05	仮面ライダーギーツワンネス
CB34-X06	仮面ライダーレインボーガッチャード
CB34-XX01	仮面ライダーゼロスリー
CB34-CP01	変身!! 仮面ライダーアギト
CB34-CP02	変身!! 仮面ライダーディケイド
CB34-CP03	変身!! 仮面ライダーブレイド
CB34-CP04	変身!! 仮面ライダークウガ
CB34-CP05	変身!! 仮面ライダーファイズ
CB34-CP06	変身!! 仮面ライダーゼロワン
CB34-CP07	飛電インテリジェンス社長秘書・イズ
CBX01-001	ゲルググメナース［一般機］
CBX01-002	ゲルググメナース［ルナマリア機］
CBX01-003	イモータルジャスティスガンダム
CBX01-004	ギャンシュトローム［アグネス機］
CBX01-005	ギャンシュトローム［ヒルダ機］
CBX01-006	デュエルブリッツガンダム
CBX01-007	ライトニングバスターガンダム
CBX01-008	フォースインパルスガンダムSpecII
CBX01-009	ブラックナイトスコード シヴァ
CBX01-010	ストライクフリーダムガンダム弐式
CBX01-011	デスティニーガンダムSpecII
CBX01-012	ラクス・クライン［C.E.75］
CBX01-013	アグネス・ギーベンラート
CBX01-014	ルナマリア・ホーク［C.E.75］
CBX01-015	キラ・ヤマト［C.E.75］
CBX01-016	シン・アスカ［C.E.75］
CBX01-017	アスラン・ザラ［C.E.75］
CBX01-018	オルフェ・ラム・タオ
CBX01-019	トリィ＆ブルー
CBX01-020	ミレニアム
CBX01-021	世界平和監視機構コンパス
CBX01-CX01	ライジングフリーダムガンダム
CBX01-X01	ブラックナイトスコード カルラ
CBX01-X02	インフィニットジャスティスガンダム弐式
CBX01-X03	マイティーストライクフリーダムガンダム
26RCB01-001	仮面ライダー鎧武 オレンジアームズ
26RCB01-002	仮面ライダーグリドン ドングリアームズ
26RCB01-003	仮面ライダーナックル クルミアームズ
26RCB01-004	仮面ライダー龍玄 ブドウアームズ
26RCB01-005	仮面ライダーバロン バナナアームズ
26RCB01-006	仮面ライダーシグルド チェリーエナジーアームズ
26RCB01-007	仮面ライダーマリカ ピーチエナジーアームズ
26RCB01-008	仮面ライダー鎧武 ジンバーレモンアームズ
26RCB01-009	仮面ライダー斬月 メロンアームズ
26RCB01-010	仮面ライダー黒影・真 マツボックリエナジーアームズ
26RCB01-011	仮面ライダー鎧武 カチドキアームズ
26RCB01-012	仮面ライダーバロン レモンエナジーアームズ
26RCB01-013	仮面ライダーブラーボ ドリアンアームズ
26RCB01-014	仮面ライダーデューク レモンエナジーアームズ
26RCB01-015	仮面ライダー龍玄・黄泉 ヨモツヘグリアームズ
26RCB01-016	仮面ライダーバロン リンゴアームズ
26RCB01-017	仮面ライダーデューク ドラゴンエナジーアームズ
26RCB01-018	ノクスナイト
26RCB01-019	仮面ライダーノクス ウルフシャドウ
26RCB01-020	仮面ライダードォーン
26RCB01-021	仮面ライダーノクス ガンシャドウ
26RCB01-022	仮面ライダーノクス ミッドナイトシャドウ
26RCB01-023	仮面ライダーゼッツ プラズマブースター
26RCB01-024	仮面ライダーゼッツ イナズマプラズマ
26RCB01-025	仮面ライダーシザース
26RCB01-026	仮面ライダー龍騎
26RCB01-027	仮面ライダーナイト
26RCB01-028	ベノスネーカー
26RCB01-029	仮面ライダーガイ
26RCB01-030	仮面ライダーライア
26RCB01-031	ドラグレッダー
26RCB01-032	ダークウイング
26RCB01-033	仮面ライダーインペラー
26RCB01-034	仮面ライダータイガ
26RCB01-035	仮面ライダーゾルダ
26RCB01-036	マグナギガ
26RCB01-037	仮面ライダーナイトサバイブ
26RCB01-038	仮面ライダーオーディン
26RCB01-039	仮面ライダースナイプ シューティングゲーマー レベル2
26RCB01-040	仮面ライダーレーザー バイクゲーマー レベル2
26RCB01-041	仮面ライダーエグゼイド アクションゲーマー レベル2
26RCB01-042	仮面ライダーゲンム アクションゲーマー レベル0
26RCB01-043	仮面ライダースナイプ ハンターシューティングゲーマー レベル5（フルドラゴン）
26RCB01-044	仮面ライダーブレイブ クエストゲーマー レベル2
26RCB01-045	仮面ライダーゲンム ゾンビゲーマー レベルX
26RCB01-046	仮面ライダーポッピー ときめきクライシスゲーマー レベルX
26RCB01-047	仮面ライダーブレイブ ファンタジーゲーマー レベル50
26RCB01-048	仮面ライダーパラドクス パズルゲーマー レベル50
26RCB01-049	仮面ライダーパラドクス ファイターゲーマー レベル50
26RCB01-050	仮面ライダーレーザーターボ バイクゲーマー レベル0
26RCB01-051	仮面ライダースナイプ シミュレーションゲーマー レベル50
26RCB01-052	仮面ライダーエグゼイド マキシマムゲーマー レベル99
26RCB01-053	仮面ライダーブレイブ レガシーゲーマー レベル100
26RCB01-054	仮面ライダーゲンム ゾンビアクションゲーマー レベルX-0
26RCB01-055	仮面ライダークロノス クロニクルゲーマー
26RCB01-056	ヘルヘイムの森
26RCB01-057	サクラハリケーン
26RCB01-058	ライドシューター
26RCB01-059	ゲームエリア
26RCB01-060	幻夢コーポレーション
26RCB01-061	スピアビクトリー
26RCB01-062	無頼キック
26RCB01-063	インパクトバニッシュ
26RCB01-064	アドベント
26RCB01-065	ガードベント
26RCB01-066	ストライクベント
26RCB01-067	シュートベント
26RCB01-068	ソードベント
26RCB01-069	ファイナルベント
26RCB01-070	クリティカルデッド
26RCB01-071	マイティクリティカルストライク
26RCB01-X01	仮面ライダー斬月・真 メロンエナジーアームズ
26RCB01-X02	仮面ライダー鎧武 極アームズ
26RCB01-X03	仮面ライダーゼッツエクスドリーム
26RCB01-X04	仮面ライダー王蛇
26RCB01-X05	仮面ライダー龍騎サバイブ
26RCB01-X06	仮面ライダーパラドクス パーフェクトノックアウトゲーマー レベル99
26RCB01-X07	仮面ライダーエグゼイド ムテキゲーマー
PC01-001	流星降る丘の遺跡
PC01-RV001	ドライアン
PC01-RV002	スタードライアン
PC01-RV003	メテオドライアン
PC01-CX01	イアン
PC01-X01	ドライアン・ザ・シューティングスター
PC01-CP01	アルティメット・ドライアン
PC02-001	ショコドラ・アンジェ
PC02-002	ショコドラ・ルシフェ
PC02-RV001	ショコドラ
PC02-RV002	エンジェルストライク
PC02-CX01	ショコラ
PC02-X01	ショコドラ・ザ・モーニングスター
PC02-CP01	アルティメット・ショコドラ
PC03-001	ネロンガ［禍威獣］
PC03-002	ガボラ［禍威獣］
PC03-003	ゾーフィ［シン・ウルトラマン］
PC03-004	ベーターカプセル［シン・ウルトラマン］
PC03-005	スペシウム光線［シン・ウルトラマン］
PC03-X01	メフィラス［外星人］
PC03-X02	ウルトラマン［シン・ウルトラマン］
PC03-X03	ゼットン［シン・ウルトラマン］
PC04-001	新世代ウルトラマントリガー マルチタイプ
PC04-002	新世代ウルトラマンデッカー フラッシュタイプ
PC04-003	新世代ウルトラマンゼット アルファエッジ
PC04-004	ウルトラマンブレーザー
PC04-005	ウルトラマンデッカー ダイナミックタイプ
PC04-006	トリガートゥルース ［2］
PC04-X01	新世代ウルトラマンブレーザー
PC04-X02	ウルトラマンゼット デルタライズクロー ［3］
PC05-001	エヴァンゲリオン 新2号機α＆改8号機γ
PC05-002	エヴァンゲリオン 零号機（改）＆2号機 獣化第2形態（第1種）
PC05-003	エヴァンゲリオン 零号機＆初号機
PC05-004	第10の使徒 -侵攻-
PC05-005	冬月コウゾウ
PC05-X01	エヴァンゲリオン 初号機＆第13号機
PC06-001	6つの輝石
PC06-002	頼れる相棒
PC07-001	無限の力
PC07-002	バディとの絆
PC08-001	［マジカルガーデンコーデ］北大路さくら
PC08-002	［マジカルイエローコーデ］有栖川おとめ
PC08-003	［マジカルエメラルドコーデ］神谷しおん
PC08-004	星空のフロア
PC08-005	MY STARWAY
PC08-X01	［サンライズスターウェイコーデ］霧矢あおい
PC08-X02	［サンシャインスターウェイコーデ］星宮いちご
PC08-X03	［サンセットスターウェイコーデ］紫吹 蘭
PC09-001	［マジカルグリーンコーデ］一ノ瀬かえで
PC09-002	［マジカルパープルコーデ］神崎美月
PC09-003	［マジカルネイビーコーデ］藤堂ユリカ
PC09-004	いつでも熱く、アイカツ！
PC09-005	TRAVEL RIBBON
PC09-X01	［ライラックイルミネイトコーデ］氷上スミレ
PC09-X02	［アルメリアイルミネイトコーデ］大空あかり
PC09-X03	［マーガレットイルミネイトコーデ］新条ひなき
PC10-001	WILD TIGER ［3］
PC10-002	BARNABY BROOKS Jr. ［3］
PC10-003	L.L.オードゥン
PC10-004	斎藤さん
PC10-005	鏑木 楓
PC10-006	マッティア・イングラム
PC10-X01	鏑木・T・虎徹＆バーナビー・ブルックス Jr. ［2］
PC10-X02	WILD TIGER＆BARNABY BROOKS Jr. ［2］
PC11-001	ジェットジャガー -ver.JA02-
PC11-002	3式機龍 -エヴァンゲリオン 試験初号機仕様-
PC11-003	3式機龍〈改〉 高機動型 -エヴァンゲリオン 正規実用型 2号機仕様-
PC11-004	第4の使徒＆サイボーグ怪獣ガイガン
PC11-005	第6の使徒＆超翔竜メガギラス
PC11-X01	エヴァンゲリオン2号機 ビースト“G”モード
PC11-X02	使徒の王 キングギドラ
PC11-X03	エヴァンゲリオン初号機“G”覚醒形態
PC12-001	惣流・アスカ・ラングレー［セカンドチルドレン］
PC12-002	綾波レイ［ファーストチルドレン］
PC12-003	碇シンジ［サードチルドレン］
PC12-004	シンジくん江
PC12-005	瞬間、心、重ねて
PC12-X01	エヴァンゲリオン弐号機
PC12-X02	エヴァンゲリオン初号機
PC12-X03	エヴァンゲリオン零号機・改
P001	焔竜翼人マ・ドー
P002	ドラグノ大隊長
P003	封印獣マルコ
P004	魔刃将ヘル・ブレド
P005	ガル・カルラ
P006	鉄騎竜マクシミリオン
P007	天使ドミニア
P008	ミミズック
P009	プロト・ゴレム
P010	ケロロドラゴン
P011	首無し騎士デュラハン
P012	三叉槍のヒューゴー
P013	ボルゲーノドラゴン
P014	マンティスター
P015	メタルアングラー
P016	鋼鉄竜ニヴルヘイム
P017	矛竜ロン・ギニアス
P018	森林の偵察兵バタフラー
P019	皇角獣メガロ・エルス
P020	大龍皇ジークムンド
P021	龍騎士ワーグナー
P022	拳闘巨人ジャスティン
P023	雷鳴竜リンド・グローム
P024	ふわねこ
P025	マハーヴァスキ
P026	盾竜イージ・オニス
P027	巨人皇子アレクサンダー4世
P028	銀装合体シールド・ドラゴン
P029	アーチ・アームズ
P030	冥車輪ブェール
P031	飛甲虫イットウカブト
P032	超龍皇アルティメットドラゴン
P033	文具ロボ ステイショナー
P034	セントロドリラー
P035	月光武者ヘイケ・ボルタ
P036	月光竜機クレセントール
P037	月光妖精ゲッカ
P038	太陽飛竜フレアドラグーン
P039	太陽伯爵ルビカンテ
P040	太陽巨兵ソーラー・ゴレム
P041	ヴィクトリー・ホワイト・ドラゴン
P042	シールディバグ
P043	リボル・アームズ
P044	星鎧龍ジーク・ブレイヴ
P045	導化姫ブラックスター
P046	暴竜ティラノ・バッキー
P047	甲角龍ビート・ドラゴン
P048	武威煌炎刃
P049	バーサーカー・ドラゴン
P050	コウディーン
P051	小さな侍イッスンアントマン
P052	白炎の闘機アイアン・ラックル
P053	お掃除妖精マルチーズ
P054	ダイオウ・ヒドラ
P055	プリふじさん
P056	鋭守氷槍牙
P057	闇騎士ガレス
P058	狼人イゾウルフ
P059	最強竜ゴールド・ジェイクス
P060	ナイト・ドラゴン
P061	怪盗ヴァンビット
P062	カヒョウエン
P063	サンク・シャイン
P064	グリムの天使アイヴィー
P065	ショベル・ゴレム
P066	プリズモルフォ
P067	グランドキャニオン・ドラゴン
P068	疾風弾導破
P069	ロード・ブレイバン
P070	カオティック・リクゴー
P071	サイゴード・アームズ
P072	ゴールド・クロー・ドラゴン
P073	闇騎士トリスタン
P074	ロウ・コウチュー
P075	ザン・トライ
P076	発明魔女トリン
P077	大鳥人ビアディッド
P078	ハイビスカスの妖精アオイ
P079	激翔
P080	龍帝
P081	爆神
P082	戦嵐
P083	超星
P084	アイドル天使 天海春香
P13-01	雷光龍ライト・ジークヴルム
P13-02	ダーク・リブリーパー
P13-03	ダーク・ミツジャラシ
P13-04	ダーク・スノパルド
P13-05	光の天使エンジュ・ライト
P13-06	爆光巨人ライト・ダグラス
P13-07	電脳天使レーナ
P13-08	フレイムチャージ
P13-09	ハンマブレイク
P13-10	レイ・パイソン
P13-11	白鴉鳥ヤタグロス
P13-12	光機ミョルニール
P13-13	魔神獣コクタク
P13-14	ダーク・ケルベロード
P13-15	マジックスイーツ
P13-16	聖剣の大地
P13-17	封印されし神剣
P13-18	遊びの楽園
P13-19	白銀の王者グランツ・ケーニッヒ
P13-20	ダーク・ブロントライデント
P13-21	アルビノ・サイクロワインダー
P13-22	ハクビシャモン
P13-23	ダーク・ライオライダーVツイン
P13-24	キンギン・シーサーズ
P13-25	十二代目ゴドフリー
P13-26	バトスピ部へようこそ!
P13-27	V龍
P13-28	バトスピ部 奮闘中!!
P14-01	ストーンエイジ・ドラグマン
P14-02	デスデーモン
P14-03	リーフブレイガー
P14-04	爆撃兵ミッチェル
P14-05	天使プロティエル
P14-06	ローラー・ゴレム
P14-07	アルティメット・ワルキューレ
P14-08	最強銀河究極ゼロ
P14-09	ムゲンフレイム
P14-10	タンク・モービル・チャーチル
P14-11	ヒートアンドクール
P14-12	レッツクッキング!
P14-13	海賊騎士ブレンダン
P14-14	冥角獣アムド・ギアス
P14-15	アルティメット・ジュエルグα
P14-16	グリーフィア・ダルク
P14-17	ファーストスタードラゴン
P14-18	みんなでバトスピ!
P14-19	結晶世界
P14-20	ブーブートラップ
P14-21	反逆者ベトレイヤー・デーモン
P14-22	重装兵長パルメニオン
P14-23	真・守護神ダブルバーン
P14-24	堕天騎士ハールート
P14-25	リューマン・グランドバスター
P14-26	四霊鳥ホウオー
P14-27	悠久の歌姫 ことね
P14-28	呪甲士コメツキ
P14-29	バトルシップ・モア
P14-30	アルティメットリターン
P14-31	どうぶつ達の詩姫ワルツ
P14-32	咲月帝アルティメット・ウィステリア
P14-33	マーレオン・ハウル
P14-34	獣士ラゴス
P14-35	機動剣聖タンク・モービル・パットン
P14-36	リーフピジョン
P14-37	碧海の剣聖マーマリアン
P14-38	リューマン・サージェント
P14-39	ハイパーノヴァ・ドラゴン
P14-40	［レイニースキップ］ラン・ブレイセア
P14-41	星王剣アルフェッカ
P14-42	［ミッションスクール］フォンニーナ
P14-43	GODZILLA ゴジラ
P14-44	ゴジラ［2000］
P14-45	オルガ（フェイズI）
P14-46	オールスタードロー
P14-47	カーテンコール
P14-X01	シャイニング・ペンタン・オーバーレイ
P14-X02	アルティメット・ヒーロードラゴン
P14-X03	アルティメット・ギャラクシードラゴン
P14-X04	アルティメット・ガンディノス
P14-X05	闇の導き手ルチル
P14-X06	光の導き手ラピス
P14-X07	龍皇ジークフリード30
P15-01	鎧角獣クアドロン
P15-02	水拳童子
P15-03	紫煙鹿
P15-04	ツチグモキッド
P15-05	機巧獣クロパルド
P15-06	玄天龍ホクシンドラゴン
P15-07	風魔アカオバード
P15-08	戦国龍ソウルドラゴン・滅
P15-09	夏とスイカとトリックスター
P15-10	裏・忍将軍シロハガネ
P15-11	白波明王
P15-12	ハロウィン・フーリン
P15-13	戦国龍ソウルドラゴン・勝
P15-14	ジンライドラゴン・真
P15-15	素顔のアンターク
P15-16	豹刀鬼ガクウ
P15-17	ミニーズ大運動会
P15-18	レディ毛倡妓
P15-19	スピリットサンタ
P15-20	起導者メジシ
P15-21	センリュウカク・影刀羅
P15-22	シスターズシンドローム
P15-23	戦国ジークヴルム
P15-24	波武者ドルツグ
P15-25	偽牙皇ゲルベロード
P16-01	ジャッコール
P16-02	黒死竜ブラッドボーン
P16-03	春のお花見日和
P16-04	蒼き神馬エグゼシード・ブルー
P16-05	ナイトスワロウ
P16-06	夏はみんなで海水浴
P16-07	ミノカモシカ
P16-08	庚獣皇ビクトリーグリフィン
P16-09R	無幻の神皇ゼムリアス
P16-09A	無幻の神皇ゼムリアス
P16-09E	無幻の神皇ゼムリアス
P16-09D	無幻の神皇ゼムリアス
P16-09T	無幻の神皇ゼムリアス
P16-09S	無幻の神皇ゼムリアス
P16-10	秋は紅葉狩り
P16-11	深紅の龍王ウロヴォリアス・スカーレット
P16-12	癸の跳獣ベルジアン
P16-13	エグゼドラ
P16-14	偽りの神皇ミケガミ
P16-15	華王 蒲公英
P16-16	天魔王ゴッド・ゼクス -ロロノ型-
P16-17	［聖剣の乙女］ジャコミーナ・キット
P16-18	癸械獣スレッド・ブリッツェン
P16-19	冬は雪山でスキー大会
P16-20	丙の星獣スター・キャンベル
P16-21	獄炎公爵ブラム・ザンド・ノワール
P16-22	蒸気竜スチームドラゴン
P16-23	涙の卒業式
P16-24	己の爆獣ブルベロス
P16-25	［夢想水華］サワエル
P16-26	BooBooマン
P16-27	W勇者の大冒険！
P17-01	生還者アーマードパンサー
P17-02	超・龍魔神
P17-03	生還者バックラー・ビット
P17-04	生還者スヴェル
P17-05	オルタナティブソウル
P17-06	創造神ロロ
P17-07	生還者ティベリウス
P17-08	生還者カイトコブラ
P17-09	生還者シルエル
P17-10	勇輝竜ポラカンドス
P17-11	勇輝獣サフォークシープ
P17-12	オファニモン フォールダウンモード
P17-13	ラグエルモン
P17-14	白虎の神皇リボル・ティーガType-D
P17-15	六輝銃グランツシュタイン
P17-16	猫の手も借りたい剣
P17-17	南海の守護神リンクウ
P17-18	［放課後の約束］レイ・オーバ
P17-19	［No.1センター］ノア・フルール
P17-20	鎧勇輝リショウ
P17-21	勇輝忍者クロスズ
P17-22	勇輝の歌姫レムリエル
P17-23	勇輝海賊グランザ
P17-24	仮面ライダービルド ラビットタンクフォーム ［2］
P17-EXG01	極限龍神エクストリームドラゴン
P17-EXG02	極限伯爵プレーヌス
P17-EXG03	極限王虎ジウ・デアン
P17-EXG04	極限機神クライ・ノーティス
P17-EXG05	極限聖霊アークレオー
P17-EXG06	極限巨人エクスドレモン
P18-01	仮面ライダービルド ラビットタンクスパークリングフォーム
P18-02	月光凰龍フェニック・ジークヴルム
P18-03	オルディネモン
P18-04	メイクーモン
P18-05	アルティメット・サジット・アポロドラゴン・エピタフ
P18-06	仮面ライダージオウ エグゼイドアーマー
P18-07	鎧皇虎神ブレイヴ・タイガー
P18-08	天空の覇王ロード・ドラゴン・バゼル
P18-09	夜月の歌姫リリナ
P19-01	ライジングキャンサー
P19-02	アクエリアス・D・カッター
P19-03	スコーピオンパイル
P19-04	月光死龍ルナヘイズ・ストライクヴルム
P19-05	輝石の竜玉使いバトレイ
P19-06	タウラスチャージ
P19-07	シュタイン・ボルグ・ユニヴァース
P19-08	ジェミニスマイル
P19-09	仮面ライダーゼロワン ライジングホッパー ［2］
P19-10	仮面ライダーゼロワン ライジングホッパー ［3］
P19-11	ライトニングレオ
P19-12	リブラグランドクラッシュ
P19-13	ユナイトカウンター
P19-14	クライングセフィロ
P19-15	武人の語り部クロエ
P19-16	龍皇ジークフリード50
P19-17	サジッタアローレイン
P19-18	ピスケス・スワーロゥ
P19-19	ヴィエルジェズウィッシュ
P19-20	仮面ライダーゼロワン フライングファルコン
P19-21	［詩姫学園］レイ・オーバ
P19-22	フィニッシングダンス
P20-01	封印獣マルコ
P20-02	獅子王剣ナイトオーダー
P20-03	パーフェクトストライクガンダム
P20-04	三叉槍のヒューゴー
P20-05	竜騎士ヴェルザリス
P20-06	獅機龍神ストライクヴルム・レオ・Λ／天醒獅機ストライクヴルム・レオ・ブレイカー
P20-07	魔刃将ヘル・ブレド
P20-08	ドラグノ大隊長
P20-09	導化姫ブラックスター
P20-10	仮面ライダーディケイド（ネオディケイドライバーver.）
P20-11	竜騎士ラーバイン
P20-12	ディアカウント
P20-13	赫盟のガレット
P20-14	サンク・シャイン
P20-15	竜騎士ウィンドット
P20-16	ガル・カルラ
P20-17	天使ドミニア
P20-18	竜騎士ヴァルジェット
P20-19	焔竜翼人マ・ドー
P21-01	砲鋼竜コスモバッテリードラゴン
P21-02	マンティスター
P21-03	セントロドリラー
P21-04	竜騎士ソーディアス・ドラグーン・グリューン／龍騎皇ドラゴニック・アーサー・リーラ
P21-05	ミヤマビートルドローン
P21-06	ご唱和ください 我の名を
P21-07	獣士ラゴス
P21-08	ウルトラマンゼット
P21-09	怪盗ヴァンビット
P21-10	ザン・トライ
P21-11	バル・マスケ 男爵 レームクール
P21-12	仮面ライダー50thアニバーサリー
P21-13	シンクロイド・ブロント
P21-14	バトルスピリッツミラージュ
P21-15	太陽星龍ヘリオポーズドラゴン
P21-16	あんた、バカぁ？
P21-17	首無し騎士デュラハン
P21-18	蛇皇神帝アスクレピオーズX
P21-19	翼神機グラン・ウォーデン・ツヴァイ
P21-20	ゾディアック・ドラコ
P21-21	リーフブレイガー
P21-G01	虹龍皇ドラグ・アンシェル
P21-G02	魔神帝ゼラ＝フォロビア
P21-G03	氷騎神ヴィブリンディ
P22-01	鉄騎竜マクシミリオン
P22-02	ミミズック
P22-03	ムゲンドラ・トリニティ
P22-04	黒曜蟲忍ヤミカゲ
P22-05	斬骸武者リョウダン
P22-06	鋼鉄竜ニヴルヘイム
P22-07	仮面ライダー1号＆新サイクロン号
P22-08	近衛獅団アロゾワール
P22-09	レイ・パイソン
P22-10	水星の魔女
P22-11	空挺竜コブラ・ドラグーン
P22-12	十二代目ゴドフリー
P22-13	太陽竜バースト・アポロブレイドラ
P22-14	ビクトリー・ブレイドラ
P22-15	月光武者ヘイケ・ボルタ
P23-01	蒼穹ノ銀槍ブルーオベリスク
P23-02	魔女の覚醒
P23-03	眩い光の中からやってきたウルトラマン
P23-04	燐華鞭ローゼスウィップ
P23-05	…おいしい
P23-06	魔銃剣スカーレットハート
P23-07	極龍帝ジーク・ソル・フリードXV
P23-08	激神皇カタストロフドラゴンXV
P23-09	15thアニバーサリードロー
P23-10	赤刃竜皇ワイバルト・V
P23-11	神海少年ク・アーロ
P23-12	ジークヴルム・シックスファクター
P23-13	アルカナバード クィーンフェニックス
P23-14	怪獣王ゴジラ（2004）
P24-01	魔導衆ルーガ・デミトリ
P24-02	鋼鉄機士ファルミオン
P24-03	［プライベートタイム］フォンニーナ
P24-04	バクオン・ジャッカル
P24-05	ハイエボ・アイトヴァラス
P24-06	幻羅星龍ガイ・アスラXV
P24-07	霜の妖精シルティス
P24-08	ウルトラマンアーク ソリスアーマー ［2］
P24-09	締騎皇イグドラシル・オリンピア
P24-10	ホーネ・タレット
P24-11	ブルースランバー
P24-G01	超越虹龍帝オーバーロード・ドラグリオン
P25-01	ダーナ兵長
P25-02	騎槍の武芸者スケルドン
P25-03	幽騎子爵ベルティーユ
P25-04	尖晶石の槍妖精スフィーネル
P25-05	天啓龍バハッタル
P25-06	蛇皇神帝アスクレピオーズXV
P25-07	叛英傑ウィリアム・ヘル
P25-08	英雄大天使ミカタイタス
RP26-01	雷皇龍ジークヴルム
RP26-02	プロプレマティス
RP26-03	雷火ボルディック
RP26-04	ホワイトキメイラ
RP26-06	轟焔イグニガイヤー
CP13-01	ミニーズ特攻隊
CP14-01	アルティメット・ジークフリード・ベビー
CP14-02	ネオ・ケルベロード
CP14-X01R	不滅龍エターナル・ドラゴニス
CP14-X01A	不滅龍エターナル・ドラゴニス
CP14-X01E	不滅龍エターナル・ドラゴニス
CP14-X01D	不滅龍エターナル・ドラゴニス
CP14-X01T	不滅龍エターナル・ドラゴニス
CP14-X01S	不滅龍エターナル・ドラゴニス
CP14-X02R	魔龍帝アルティメット・ジークフリード
CP14-X02A	魔龍帝アルティメット・ジークフリード
CP14-X02E	魔龍帝アルティメット・ジークフリード
CP14-X02D	魔龍帝アルティメット・ジークフリード
CP14-X02T	魔龍帝アルティメット・ジークフリード
CP14-X02S	魔龍帝アルティメット・ジークフリード
CP14-X03	小火竜ヒノコ
CP14-X04	小悪魔デビッド
CP14-X05	小凰ニックス
CP14-X06	電人トレイン
CP14-X07	子天馬スカイ
CP14-X08	獣童パンザー
CP14-X09	世界を救う詩姫 ほちゃー
CP14-X10	金牛星鎧ブレイヴタウラス
CP14-X11	アルティメット・アポロドラゴン
CP14-X12	アルティメット・ストライクヴルム
CP14-X13	極覇龍アルティメット・ヤマト
CP14-X14R	剣輝龍皇シャイニング・リューマン
CP14-X14A	剣輝龍皇シャイニング・リューマン
CP14-X14E	剣輝龍皇シャイニング・リューマン
CP14-X14D	剣輝龍皇シャイニング・リューマン
CP14-X14T	剣輝龍皇シャイニング・リューマン
CP14-X14S	剣輝龍皇シャイニング・リューマン
CP14-X15	紅炎拳ヒノコナックル
CP14-X16	悪魔刃デビッドシザー
CP14-X17	翠凰弓ニックスボウ
CP14-X18	電神槍トレインランス
CP14-X19	聖天杖スカイロッド
CP14-X20	青獣鎚パンザーハンマー
CP14-X21	双星の歌姫ライラ姉妹
CP14-X22	智剣の歌姫アジルス
PB12-01	ブタデビルサイボーグ
PB12-02	ドリルの貴公子ラインハルト
PB12-03	喜劇王ペンタン
PB12-04	ふりかけの覇王ホワイトライス
PB12-05	ゲボタン
PB12-06	ナイスミドル
PB13-01	魔犬ゼロ
PB13-02	光翼の騎神ペガシオーネ・カスタム
PB13-03	天使のたまご ほちゃー
PB13-04	星の巫女クシナ
PB13-05	グラウンド・オブ・ロロ
PB15-01	蟻王アント・レス
PB15-02	イケメン双子カストル＆ポルックス
PB15-03	ステゴレムサウルス
PB15-04	ゴールデンハンマー
PB16-D01	［クリスマスパーティ］レイ・オーバ
PB16-D02	［クリスマスパーティ］フォンニーナ
PB16-D03	［クリスマスパーティ］ディアナ・フルール
PB16-D04	［クリスマスパーティ］ジャンヌ・ドラニエス
PB16-D05	［クリスマスパーティ］ブラックスター
PB16-DD01	光魔神
PB17-X01	歌酉の神皇ゲイル・ペンタン
PB17-X02	天魔王ペンタン -ゴッド・ゼクスノ型-
PB17-X03	煌皇帝シン・ジークペンタン
PB17-X04	ペンタン魔神
PB17-X05	歌鳥銃ペンタンブラスター
PB17-RVX01	歌鳥の覇王ジーク・ヤマト・ペンタン
PB17-RVX02	超皇帝ジークペンタン・ノヴァ
PB17-RVX03	シャイニング・ペンタン・オーバーレイ
PB18-U01	ウルトラマンガイア（V2）
PB18-U02	ウルトラマンブル アクア
PB18-U03	ウルトラマンロッソ フレイム
PB18-U04	ウルトラマンダイナ
PB18-U05	ウルトラマンタロウ
PB18-U06	グリッターティガ
PB18-U07	M78星雲
PB18-X01	［学園祭プリンセス］レイ・オーバ
PB18-X02	［学園祭プリンセス］ディアナ・フルール
PB18-X03	［学園祭プリンセス］フォンニーナ
PB01-H01	紫乃宮 まゐ
PB01-H02	黒田 環奈
PB01-H03	マイサンシャイン
PB02-G01	空の大怪獣ラドン（1964）
PB02-G02	ゴジラ（2016）第2形態
PB02-G03	暴竜アンギラス（1968）
PB02-G04	ゴジラ（1994）
PB02-G05	宇宙超怪獣キングギドラ（1968）
PB02-G06	宇宙凶悪戦闘獣スペースゴジラ
PB02-G07	インファント島の守護神モスラ（1966）
PB02-G08	ゴジラ（2004）
PB02-G09	神の化身 呉爾羅
PB02-G10	放射熱線
PB05-D01	［チョコレート大作戦］フォンニーナ
PB05-D02	［チョコレート大作戦］レイ・オーバ
PB05-D03	［チョコレート大作戦］リアス・ウロヴォルン
PB05-D04	［チョコレート大作戦］ノア・フルール
PB08-001	地底怪獣テレスドン
PB08-002	宇宙怪獣エレキング ［2］
PB08-003	どくろ怪獣レッドキング ［2］
PB08-004	超古代怪獣ファイヤーゴルザ
PB08-005	ベリアル融合獣スカルゴモラ
PB08-006	宇宙恐竜ゼットン ［2］
PB08-007	暴君怪獣タイラント ［2］
PB08-008	分身宇宙人ガッツ星人 ［2］
PB08-009	究極生命体レイブラッド星人
PB08-010	宇宙忍者バルタン星人 ［2］
PB08-011	凶悪宇宙人ザラブ星人
PB08-012	暗黒星人シャプレー星人
PB08-013	ギガバトルナイザー
PB08-X01	ベリアル融合獣ペダニウムゼットン
PB08-X02	悪の権化 ウルトラマンベリアル
PB08-CP01	ウルトラマンジード プリミティブ
PB08-CP02	EXゴモラ
PB08-CP03	ウルトラマンゼロ ビヨンド
PB09-001	豪我獣神ギガントゴリランガ
PB09-002	蟻王アント・レス・ロストソード／牙獣の蟻王ビースト アント・レス
PB09-003	［ひと夏の輝き］ライラ姉妹／［思い出は永遠に……］ライラ姉妹
PB09-004	［紫銀の弾道］八咫烏孫市／［modeAGRS］八咫烏孫市
PB14-X01	シーズグローリー
PB15-D01	［ハロウィン・パーティ］レイ・オーバ
PB15-D02	［ハロウィン・ウィッチ］ジャンヌ・ドラニエス
PB15-D03	［ハロウィン・ヴァンパイア］ノア・フルール
PB15-D04	［ハロウィン・ヴァンパイア］ディアナ・フルール
PB15-D05	［ハロウィン・ゾンビ］フォンニーナ
PB15-D06	［ハロウィン・ワーウルフな四魔女］フラム・サンドリア
PB15-D07	［ハロウィン・ゴースト］リアス・ウロヴォルン
PB15-D08	［ハロウィン・ミイラ］セイクレア・メトゥーム
PB15-D09	［ハロウィン・キャット］ネイ・ランテイル
PB15-D10	［ハロウィン・オバケ］バンリ・ゼル
PB27-001	［レイさん、はいど～ぞ］ジャンヌ・ドラニエス
PB29-001	［イエロースターコーデ］有栖川おとめ
PB29-002	［ライムスターコーデ］北大路さくら
PB29-003	［オレンジスターコーデ］一ノ瀬かえで
PB29-004	［グリーンスターコーデ］藤堂ユリカ
PB29-005	［パープルスターコーデ］紫吹 蘭
PB29-006	［ピンクスターコーデ］星宮いちご
PB29-007	［ブルースターコーデ］霧矢あおい
PB29-008	［レッドスターコーデ］神崎美月
PB29-009	［キャンディハウスコーデ］栗栖ここね
PB29-010	［羽衣プリンセスコーデ］藤原みやび
PB33-001	刃皇虎神ブレイド・タイガー
PB33-002	カルマギア
PB33-003	［唯一無二］帰る場所
PB33-004	うさぎの国
PB33-005	迎撃する蒼海都市
PB33-006	レジェンド立花 ～そして伝説へ～
PB33-007	快晴のカリスマ 超アグレッシブちゅるぱ
PB33-008	月光の麗人ミラクル
PB39-001	紳士ペンタン
PB39-002	大統領ペンタン
PB39-003	オラクル3 オーバーペンプレス
PB39-RV001	僧侶ペンタン
PB39-RV002	アドペンタン＆チャール
PB39-RV003	皇子ペンタン
PB39-RV004	剣士ペンタン
PB39-RV005	ショーグンペンタン
PB39-RV006	混迷する魔法実験場
PB39-CX01	相棒ペンタン
PB39-X01	オラクル二十一鳥 3 ジ・ペンプレス
PB39-X02	神ペンタン
PB39-X03	終焉の鳥神ラグナ・ペンタン
PB39-X04	ペンタンシルクハット
PB39-RVX01	歌酉の神皇ゲイル・ペンタン
PB39-RVX02	天魔王ペンタン -ゴッド・ゼクスノ型-
PB39-RVX03	煌皇帝シン・ジークペンタン
PB39-RVX04	ペンタン魔神
PB39-RVX05	歌鳥銃ペンタンブラスター
PB39-XX01	三愚鳥ラルペンタンダード
PB41-001	特空機2号ウインダム ［2］
PB41-002	ウルトラマンゼット アルファエッジ ［5］
PB41-003	ウルトラマンゼット ベータスマッシュ ［2］
PB41-004	特空機3号キングジョー ストレイジカスタム ［2］
PB41-005	ウルトラマンゼット ガンマフューチャー ［2］
PB41-006	特空機4号ウルトロイドゼロ
PB41-007	ウルトラマンゼット デルタライズクロー ［4］
PB41-008	ゼスティウムデスバースト
PB41-009	新世代ウルトラマンアーク
PB41-010	暗黒大皇帝カイザーダークネス
PB41-011	凶悪宇宙人ザラブ星人［初代ウルトラ怪獣］
PB41-RV001	ウルトラマンジード ギャラクシーライジング
PB41-RV002	幻界魔剣ベリアロク
PB41-RV003	対怪獣特殊空挺機甲隊ストレイジ本部
PB41-RV004	ウルトラマンオーブダークノワールブラックシュバルツ
PB41-RV005	スペシウム光線
PB41-CX01	ウルトラの絆 ウルトラマンゼット
PB41-X01	特空機1号セブンガー ［2］
PB41-X02	ウルトラマンゼット デスシウムライズクロー
PB41-X03	歴戦の勇者 ウルトラマンゼロ
PB42-001	仮面ライダーヴラム プリンカスタム
PB42-002	仮面ライダーガヴ ザクザクチップスフォーム
PB42-003	仮面ライダーガヴ ケーキングフォーム
PB42-004	仮面ライダーヴラム アラモードモード
PB42-005	仮面ライダーガヴ ブリザードソルベフォーム
PB42-006	仮面ライダーヴァレン チョコドンフォーム
PB42-007	仮面ライダーヴァレン フラッペカスタム
PB42-008	ブルキャンバギー
PB42-009	変身!! 仮面ライダーガヴ
PB42-010	ガヴ
PB42-011	仮面ライダージオウ オーマフォーム ［2］
PB42-012	仮面ライダーディケイド コンプリートフォーム21
PB42-013	変身!! 仮面ライダーギーツ
PB42-014	変身!! 仮面ライダーリバイ＆仮面ライダーバイス
PB42-015	変身!! 仮面ライダーガッチャード
PB42-CX01	仮面ライダーガヴ ポッピングミフォーム ［2］
PB42-X01	仮面ライダーガヴ アメイジングミフォーム
PB42-X02	仮面ライダーガヴ オーバーモード
PB42-X03	仮面ライダーガヴ マスターモード
PB44-001	［スターライト学園制服・夏服］星宮いちご
PB44-002	［ピンクステージコーデ］星宮いちご
PB44-003	［マーメードピスケスコーデ］星宮いちご ［2］
PB44-004	［スターライト学園制服・夏服］霧矢あおい
PB44-005	［天の川コズミックコーデ］霧矢あおい ［2］
PB44-006	［スターライト学園制服・夏服］紫吹 蘭
PB44-007	［ローズボンボンコーデ］紫吹 蘭 ［2］
PB44-008	［ゴスマジックコーデ］藤堂ユリカ ［2］
PB44-009	［トロピカルバスケットコーデ］有栖川おとめ ［2］
PB44-010	［ピエロカーニバルコーデ］一ノ瀬かえで ［2］
PB44-011	［ブルーミングコーデ］北大路さくら ［2］
PB44-RV001	［クリスタルアクエリアスコーデ］霧矢あおい
PB44-RV002	［キングレオコーデ］紫吹 蘭
PB44-RV003	スターライト学園
PB44-RV004	光石織姫
PB44-RV005	アイドル活動！
PB44-RV006	カレンダーガール
PB44-RV007	マスカレード
PB44-CX01	［アイカツ！はじまります］星宮いちご
PB44-X01	［スターフェスティバルコーデ］星宮いちご
PB44-X02	［リラフェアリーコーデ］星宮いちご ［2］
PB44-RVX01	［ロイヤルムーンコーデ］神崎美月
PB46-001	仮面ライダー電王 ソードフォーム ［4］
PB46-002	仮面ライダー電王 アックスフォーム ［2］
PB46-003	仮面ライダー電王 ガンフォーム ［2］
PB46-004	仮面ライダー電王 ロッドフォーム ［2］
PB46-005	時の列車デンライナー
PB46-006	デンオウベルト
PB46-007	仮面ライダークウガ アルティメットフォーム（ダークアイズVer.）
PB46-008	仮面ライダーアークワン ［2］
PB46-RV001	リュウタロス
PB46-RV002	ウラタロス
PB46-RV003	キンタロス
PB46-RV004	モモタロス
PB46-RV005	変身!! 仮面ライダー電王
PB46-RV006	ホースオルフェノク 疾走態
PB46-RV007	変身!! 仮面ライダーカブト
PB46-RV008	変身!! 仮面ライダーW
PB46-CX01	俺、参上！ 仮面ライダー電王
PB46-X01	仮面ライダー電王 クライマックスフォーム ［2］
PB46-X02	仮面ライダー電王 ライナーフォーム ［3］
PB46-RVXX01	俺、参上！ モモタロス
PB48-RV001	［神星姫］ノア・フルール
PB48-RV002	［超神星アイドル］ノア・フルール
PB48-CX01	［ずっと一緒に］ノア・フルール
PB48-X01	［スーパーノヴァ］ノア・フルール
PB48-CP01	［戦国の女神］ディアナ・フルール
PB48-CP02	［クリスマスパーティ］ディアナ・フルール
PB48-CP03	［ずっと一緒に］ディアナ・フルール
PB48-CP04	［スーパーノヴァ］ディアナ・フルール
PX01	獅龍王レオン・ハウル
PX02	極甲王グラン・トルタス
PX03	獣槍王ギガ・ガルレイヴ
PX04	魔神王エル・ブラド
PX05	翼神王グリフィ・オール
PX06	異海王ダ・ゴン
PX07	凶龍爆神ガンディノス
PX08	甲蟲武神ギラファ・ランドウ
PX09	鳥獣烈神ガルード
PX10	導魔神姫ジェラルディー
PX11	天戒機神グロリアス・ソリュート
PX12	伝説龍エンシェントヴルム
PX13	冥府魔神オブシディオン
PX14	戦皇ゴッドスレイヤー・ドラゴン
PX15	蜂王フォン・ニード
PX16	魔界七将ベリオット
PX17	白亜元帥レイ・ザウラー
PX18	時統べる幻龍神アマテラス
PX19	双斧帝ゴルディアス
PX13-01	焔聖獣イグニス・ティーガー
PX13-02	角武神ネプチューン・カイシン
PX13-03	華の女王カトレア
PX13-04	銀狼公バイ・レアン
PX13-05	冥皇ハーデウス
PX14-01	アルティメット・レオン・ハウル
PX14-02	アルティメット・グラン・トルタス
PX14-03	［お嬢様アイドル］グリーフィア・ダルク
PX14-04	アルティメット・ギガ・ガルレイヴ
PX14-05	アルティメット・グリフィ・オール
PX14-06	アルティメット・ダ・ゴン
PX14-07	アルティメット・エル・ブラド
PX14-08	アルティメット・フォン・ニード
PX14-09	［エターナルアイドル］ノア・フルール
PX15-01	戦国大帝 荒駆参陀亜
PX15-02	戦国槍神 空華琉・彫雲
PX15-03	巨蟹忍者 喜屋武鎖亜怒
PX15-04	戦国魔将 泥須斗露皇土
PX15-05	美嘉芙羽在局
PX15-06	戦国超龍 磁威駆武流無・乃刃
PX15-07	獅龍王レオン・ハウル
PX15-08	［戦国舞姫］フォンニーナ
PX16-01	古の神皇 豹のブライガン
PX16-02	古の神皇 鯨のエルダレイオ
PX16-03	古の神皇 神鳥のガルダーラ
PX16-04	古の神皇 山羊のマークォール
PX16-05	古の神皇 鼬のツイタチ
PX16-06	古の神皇 水牛のエンシェント・バッファ
PX17-01	煌雷帝エール・クレル
PX17-02	煌陸帝フォン・ダシオン
PX17-03	煌闇帝オプス・キュリテ
PX17-04	煌光帝リュミエール
PX17-05	煌空帝ル・シエル
PX17-06	煌海帝クラン・マラン
PX18-01	崩龍神ドラグ・ヒュペリオン
PX18-02	崩女神ルーラー・テミス
PX18-03	崩風神ブロウ・メテウス
PX18-04	崩界神王クロノ・レクス
PX18-05	崩幻女神ミテラ・テテュス
PX18-06	崩海神マグヌ・オケアノス
PX19-01	灼熱のゼロ
PX19-02	白銀のゼロ
PX19-03	疾風のゼロ
PX19-04	紫電のゼロ
PX19-05	紺碧のゼロ
PX19-06	閃光のゼロ
PX20-01	永遠のキズナ 馬神 弾
PX20-02	永遠のキズナ 紫乃宮 まゐ
PX20-03	六醒龍皇ジークフリード・アレックス
PX20-04	ガレット・レヴォ
PX20-05	ヴァルト・パークス
PX21-01	ヴィザルガ・ベラジオ
PX21-02	ブランドン
PX21-03	青の光主ヴァルト・パークス
PX21-04	ライム
PX21-05	白の光主ガレット・レヴォ
PX22-01	白の王
PX22-02	緑の姫
PX22-03	虹宮 トーヤ
PX22-04	白鳥 ユウ
PX22-05	六道 ソウジ
PX22-06	放浪者ダン
PX23-01	極甲王グラン・トルタスXV
PX23-02	異海王ダ・ゴンXV
PX23-03	獅龍王レオン・ハウルXV
PX23-04	魔神王エル・ブラドXV
PX23-05	翼神王グリフィ・オールXV
PX24-01	獣槍王ギガ・ガルレイヴXV
PX24-02	契約者カイ
PX24-03	契約の巫女トア
PX24-04	コアの光主・ヴィオレ魔ゐ
PX24-05	コアの光主・クラッキー・レイ
PX24-06	コアの光主・兵堂 剣蔵
PX25-01	コアの光主・硯 秀斗
PX25-02	コアの光主・百瀬 勇貴
PX25-03	文車神姫クロエ
PX25-04	六楯皇締ケイ
PX25-05	調査員ロロ
PX25-06	神世界の探索者アレックス
PX26-01	神世界の導き手ヴィーナ
PX26-02	ピットリポーター ポリッシュ
PX26-03	鋼鉄乙女001リンネア
PX26-04	鋼鉄乙女014シータ
PX26-05	鋼鉄機士王ケクロプス
PX26-06	ハイエボ・ハルピュイア
PX26-07	ハイエボ・オフィオタウロス
PX26-08	ハイエボ・デルピュネー
PX26-09	アサルトレーヴ
PX26-10	セイフ・キャット
PX26-11	蒸貴賊の秘密のアジト
PX26-12	断層蜥蜴フォールト・ジオザード
PX26-13	爬岩王ジオガルディン
PX26-14	冥魔侯オリアス
PX26-15	シュヴァルレーゼ カミュ
PX26-16	緋帯の英雄獣クィーン・ヒッポリュテ
PX26-17	白翼の英雄獣ベレロポーン
PX26-18	超英雄獣オリオーン
PX26-19	結集する封印大地
PX26-20	ソウルディヴィジョン
RPX26-01	獅龍王レオン・ハウル
X001	神龍皇ジーク・カタストロフドラゴン
X002	極龍帝ジーク・ソル・フリード
X003A	極帝龍騎ジーク・クリムゾン
X003E	極帝龍騎ジーク・クリムゾン
X003D	極帝龍騎ジーク・クリムゾン
X003T	極帝龍騎ジーク・クリムゾン
X003S	極帝龍騎ジーク・クリムゾン
X004	龍星神ジーク・メテオヴルム
X005R	北斗七星龍ジーク・アポロドラゴン
X005A	北斗七星龍ジーク・アポロドラゴン
X005E	北斗七星龍ジーク・アポロドラゴン
X005D	北斗七星龍ジーク・アポロドラゴン
X005T	北斗七星龍ジーク・アポロドラゴン
X005S	北斗七星龍ジーク・アポロドラゴン
X006	太陽極龍セブンス・アポロドラゴン
X007	天地神龍ガイ・アスラ
X008	神星皇ストライク・アポロドラゴン
X009	鳳凰竜フェニック・ソード
X010	超皇帝ジークペンタン・ノヴァ
X011	光導龍騎ゾディアックアポロクリムゾン
X012R	英雄皇ロード・ドラゴン・ドミニオン
X012A	英雄皇ロード・ドラゴン・ドミニオン
X012E	英雄皇ロード・ドラゴン・ドミニオン
X012D	英雄皇ロード・ドラゴン・ドミニオン
X012T	英雄皇ロード・ドラゴン・ドミニオン
X012S	英雄皇ロード・ドラゴン・ドミニオン
X013	黄金皇ロード・ドラゴン・インティ
X014	超星覇龍ヤマトヴルム・ノヴァ
X015	放浪者ロロ
X016	黒炎の覇王ダーク・ドラゴン・バゼル
X017	アルティメットヒーローインパクト
X018	歌鳥の覇王ジーク・ヤマト・ペンタン
X019	交渉人ミクス
X020	星文学者リリア
X021	黄金の覇王ロード・ドラゴン・インティ
X022	覇王ロード・ドラゴン・ザ・ワールド
X13-01	太陽凶龍アポロ・ガンディノス
X13-02	闇王蛇ペンドクルス
X13-03	神帝マッハホウオウガ
X13-04	獅機鎧神ヴァルハランス・レオ
X13-05	星天使ミカリーン
X13-06	機動大帝アレク・キャッスル
X13-07	正義の聖剣ジャスティスソード
X13-08	銀河の星剣ギャラクシーソード
X13-09	渚のトリックスター
X13-10	渚の乙女ヴィエルジェ
X13-11	ソードディスティニー
X13-12	裁きの神剣リ・ジェネシス
X13-13	ダーク・ティラノザウラー・オーバーレックス
X13-14	ボンバーハンマー
X13-15	マジカルハンマー
X13-16	覇王マナカ
X13-17	六楯の皇帝ケイ
EX001	焔竜翼人マ・ドー
EX002	ドラグノ大隊長
EX003	鉄騎竜マクシミリオン
EX004	煌星龍ジークヴルム・アルター
EX005	蝕星龍ジークヴルム・ヴェガ
EX006	輝星龍ジークヴルム・デネブ
EX007	月牙龍ストライクヴルム・シリウス
EX008	月影龍ストライクヴルム・ベテルギウス
EX009	月華龍ストライクヴルム・プロキオン
EX010	雷鳴竜リンド・グローム
EX011	銀装合体シールド・ドラゴン
EX012	天星龍アポロドラゴン・スピカ
EX013	堕天龍アポロドラゴン・アークトゥルス
EX014	幻羅獅龍アポロドラゴン・デネボラ
EX015	セントロドリラー
EX016	飛甲虫イットウカブト
EX017	リボル・アームズ
EX018	英雄犬ロード・ワン・ケンゴー
EX019	英雄猿ロード・ドス・モンキ
EX020	英雄鳥ロード・キジ・トリア
EX021	冥車輪ブェール
EX022	導化姫ブラックスター
EX023	巨人皇子アレクサンダー4世
EX024	吸血龍ロード・ドラゴン・ドラキュラ
EX025	人狼龍ロード・ドラゴン・ワーウルフ
EX026	人造龍ロード・ドラゴン・フランケン
EX027	激翔
EX028	龍帝
EX029	爆神
EX030	戦嵐
EX031	超星
EX032	シールディバグ
EX13-01	十字星竜サザンクロス・ドラゴン
EX13-02	魔具使いのカエルム
EX13-03	コンパス・ミンゴ
EX13-04	衛星ロボ テレスコード
EX13-05	天使コーマ
EX13-06	人馬巨人トロイデス
EX13-07	火龍シャイニング・ドラゴン・フレイム
EX13-08	風龍シャイニング・ドラゴン・ハリケーン
EX13-09	水龍シャイニング・ドラゴン・ウォーター
EX13-10	小さな侍イッスンアントマン
EX13-11	ロウ・コウチュー
EX13-12	サンク・シャイン
EX13-13	ヴィクトリー・ホワイト・ドラゴン
LM13-01	光と闇の聖剣シャイニング・オブ・ダーク
LM13-02	疾風の妖刀ウスバ・ハヤテ
LM13-03	白夜の光剣ミッドナイト・ソーラー
LM14-01	エクス・ムゲンドラ
LM14-02	エクス・ショコドラ
LM14-03	エクス・ドライアン
LM14-04	アルティメット・ノヴァ・ベビー
LM14-05	アルティメット・サジット・ベビー
LM14-06	アルティメット・セイバー・ベビー
LM15-01	ジンライイクサトカゲ
LM15-02	サムライ・イクサトカゲ
LM15-03	戦国小龍ソウルイクサトカゲ
LM16-01	甲寅獣リボル・コレオン
LM16-02	壬辰竜ウロヴォドラ
LM16-03	辛酉鳥ゲイル・チキンナイト
LM16-04	バトルスピリッツ 烈火魂
LM16-05	バトルスピリッツ ダブルドライブ
LM16-06	お正月だよ！ バトルスピリッツ
LM16-07	茂上家の休日
LM16-08	バトルスキー先生のバトスピ講座！
LM16-09	ファイア＆ウィンド
LM16-D01	［聖剣の乙女］レイ・オーバ
LM16-D02	［聖剣の乙女］グリーフィア・ダルク
LM16-D03	［聖剣の乙女］ネイ・ランテイル
LM16-D04	［聖剣の乙女］ジャンヌ・ドラニエス
LM16-D05	［聖剣の乙女］ダイヤ・ルーン
LM17-01	一月幼神ディアヌス・キッズ
LM17-02	七月幼帝ジュライア・キッズ
LM17-03	二月幼侯レギフ・ギウム・キッズ
LM17-04	十月幼騎ホロゥ・ウェイン・キッズ
LM17-05	八月幼皇アウグスター・キッズ
LM17-06	五月幼王ロビン・キッズ
LM17-07	四月幼化フール・バング・キッズ
LM17-08	六月幼女神ユノー・キッズ
LM17-09	三月幼神マチルス・キッズ
LM17-10	十一月幼姫 万霊カグラ・キッズ
LM17-11	十二月幼神クロノデック・キッズ
LM17-12	九月幼聖ムーン・ジェナーロ・キッズ
LM18-01	サンダー・Z・コレオン
LM18-02	少女ドール†ジェラ・レディ†
LM18-03	天空若鳥ハル＝アクティ
LM18-04	聖刻兵アーリー・ジェフティ
LM18-05	太陽獣姫セクメ・エミーラ
LM18-06	神海王子グロウ・オーシャン
LM18-07	ガルドス・ランダル
LM18-08	異界王
LM18-09	大六天魔王
LM18-10	大牙 和巳
LM18-G01	ゴジラ（対モスラ）
LM18-G02	ゴジラ（対キングギドラ）
LM18-G03	ゴジラ（1984）
LM18-G04	ゴジラ（vsデストロイア）
LM18-G05	ゴジラ（×メカゴジラ）
LM18-G06	ゴジラ（2016）第4形態
LM18-G07	無人在来線爆弾
LM19-01	超星龍剣ジークヴルムソード
LM19-02	魔界大鎌ベルゼビートサイズ
LM19-03	剣王獣爪ビャクガ・クロー
LM19-04	翼神銃砲グランウォーデンブラスター
LM19-05	天使聖槍イスフィールランス
LM19-06	大帝神槍アレクサンダースピア
LM19-U01	ウルトラマンタイガ
LM19-U02	ウルトラマンフーマ
LM19-U03	ウルトラマンタイタス
LM19-U04	ウルトラマンルーブ
LM19-U05	ウルトラマンオーブダークノワールブラックシュバルツ
LM19-U06	タイガの父 ウルトラマンタロウ
LM19-U07	来たぞ われらのウルトラマン
LM19-U08	スペシウム光線
LM22-01R	北斗七星龍ジーク・アポロドラゴン
LM22-01A	北斗七星龍ジーク・アポロドラゴン
LM22-01E	北斗七星龍ジーク・アポロドラゴン
LM22-01D	北斗七星龍ジーク・アポロドラゴン
LM22-01T	北斗七星龍ジーク・アポロドラゴン
LM22-01S	北斗七星龍ジーク・アポロドラゴン
SJ12-01	最強神機ホワイト・オーディーン
SJ12-02	最強英雄ロード・ドラゴン・レッド
SJ12-03	最強魔将デス・ヴァイオレット
SJ12-04	最強武者グリーン・タウロス
SJ12-05	最強天使イエロー・ミカファール
SJ12-06	最強巨人タイタス・ザ・ブルー
SJ12-07	最強獣ビリジアン・ピューマル
SJ12-08	最強炎竜王ジークファイヤードラゴン
SJ13-01	双炎剣ブレイズ・エッジ
SJ13-02	ウェポンマスター・ドラゴン
SJ13-03	大魔鋏デス・シザー
SJ13-04	大旋斧ゲイル・アックス
SJ13-05	氷騎槍クリスタル・ランス
SJ13-06	天聖弓セイクリッド・ボウ
SJ13-07	絶海鎚グレイテスト・オーシャン
SJ13-08	友情ロボ サイキョー・レオン
SJ13-09	努力合体 サイキョーオー
SJ13-10	エイティー・エイター
SJ13-11	サンダ・ザイフ
SJ13-12	レッド・イツクシマー
SJ13-13	コンサード・キャノン
SJ13-14	サンライト・シーサー
SJ13-15	マサム・ネオス
SJ13-16	ゴッド・ケンシング
SJ13-17	スカイ・サイト
SJ13-18	チューブ・キャッスル
SJ13-19	ツウテン・タイガー
SJ13-20	フォルモサー101
SJ13-21	マジェスティック・クーロン
SJ13-22	白き機械皇ガンレット・エイジ
SJ13-23	獅魂の剣刃レオンエクスカリバー
SJ13-24	鎖鎌のクロヅル
SJ13-25	忍法鳥ジンライ
SJ13-26	ファラオン
SJ14-01	究極最強ドラゴン
SJ14-02	アルティメット・ジークフリード・ネオ
SJ14-03	アルティメット・ジークフリード・アッシュ
SJ14-04	究極北斗アポロドラゴン・ベネト
SJ14-05	究極北斗アポロドラゴン・アリオト
SJ14-06	究極北斗アポロドラゴン・ミザール
SJ14-07	究極北斗アポロドラゴン・フェクダ
SJ14-08	究極北斗アポロドラゴン・メグレズ
SJ14-09	究極北斗アポロドラゴン・メラク
SJ14-10	アルティメット・クーロン
SJ14-11	セイクリッド・ブラスター
SJ14-12	邪神龍ドゥーム・ドラゴン
SJ14-13	獣竜アルドゥーム
SJ14-14	鳥竜エルドゥーム
SJ14-15	カルネージテンペスト
SJ14-16	聖騎士セイクリッド・ブレイダー
SJ14-17	聖剣セイクリッドソード
SJ14-18	聖盾セイクリッドシールド
SJ14-19	セイクリッドスラッシュ
SJ14-20	究極騎士ジークフリード
SJ14-21	アルティメット・ロード・ドラゴン
SJ14-22	エクス・ワン・ケンゴー
SJ14-23	エクス・ドス・モンキ
SJ14-24	エクス・キジ・トリア
SJ14-25	アルティメット・グレイザー
SJ14-26	アルティメット・ベルペンタン
SJ14-27	アルティメット・シャイニングドラゴン
SJ14-28	星海槍アスピディスケ
SJ14-29	ゴジラ［1995］
SJ15-01	戦極炎龍ソウルドラゴン・ブレイズ
SJ15-02	戦極マキシマムドラゴン
SJ15-03	サムライ・ドラゴン・ワッパ
SJ15-04	三臣竜 槍撃のショウゲン
SJ15-05	三臣竜 知略のヒョウブ
SJ15-06	三臣竜 火縄のクランド
SJ15-07	戦極武龍ブライドラゴン
SJ15-08	烈火槍神撃
SJ15-09	戦極アシュラドラゴン
SJ15-10	甲蛾忍ゼロカゲ
SJ15-11	実食！ウサキチくん
SJ15-12	なんて古っ代！ファラオくん
SJ15-13	武者磁威駆振偉努
SJ15-14	激武龍テンジョウ
SJ15-15	炎武将リュウモン
SJ15-16	秘剣二天一龍
SJ15-17	戦国海皇ソウルドラゴン・潮
SJ15-18	戦国忍者ソウルドラゴン・朧
SJ15-19	戦国獣皇ソウルドラゴン・焔
SJ15-20	天魔王ゴッド・ゼクス -ソウルドラゴンノ型-
SJ16-01	紅き神馬エグゼシード・レッド
SJ16-02	ゲイル・フェニックス・ピーコック
SJ16-03	鳥獣魔神
SJ16-04	ゲイルロードウィンド
SJ16-05	最強ボスザル アラシ
SJ16-06	河童の可愛太郎
SJ16-07	緋の鳥ゲイル・フェニックス・イグナ
SJ16-08	赤き騎士チキンナイト
SJ16-09	翠の神馬エグゼシード・グリーン
SJ16-10	緑の獣戦士コレオン
SJ16-11	全魔神
SJ16-12	二頭魔神
SJ16-13	アルティメット・ストライクヴルム・レオ
SJ16-14	アルティメット・ドラゴニック・タウラス
SJ16-15	アルティメット・キャンサード
SJ16-16	壬馬皇エグゼシュバーン
SJ17-01	煌獣王ブレイゾーマ
SJ17-02	龍魔侯オーバーヴェルム 
SJ17-03	戦国龍ソウルドラゴン・煌
SJ17-04	トゥインクル・ゲイル・ピーコック
SJ17-05	銀銃皇ヴァルサー・ティーガ
SJ17-06	二丁拳銃の海賊ディー・ジョーンズ
SJ17-07	大海賊ジェットフィン・シャーク
SJ17-08	煌樹王エンシェントヴォルフ
SJ17-09	秩序の砲術機トゥール・ビヨン
SJ17-10	紫骸旅団 黒竜サイファードラゴン
SJ17-11	不思議王国ホワイトナイトジャック
SJ18-01	超神星の神皇エグゼシード・ノヴァ
SJ18-02	エグゼシード・ビレフト
SJ18-03	ゲイル・フェニックス・ビレフト
SJ18-04	戦国の神皇バーニング・ゲイル・フェニックス
SJ18-05	マスター・光瑠璃人
SJ18-06	カラフルファンタジア・ロロ
SJ18-07	究極の神皇ムゲン・ゲイル・フェニックス
SJ18-08	爆炎の覇神皇エグゼシード・バゼル
SJ18-09	輝きの神皇ゲイル・フェニックス・オーバーレイ
SJ18-10	龍神皇ジーク・エグゼシード
SJ19-01	真・十二神皇エグゼ・ゲイル・シード
SJ19-02	カオティック・キマイラガン
SJ19-03	創界神カオス
SJ19-04	転聖剣キャバルシフトオーダー
SJ19-05	赤の光導騎士ゾディアック・アポロドラゴン
SJ19-06	白の光導騎士ゾディアック・アポロドラゴン
SJ19-07	青の光導騎士ゾディアック・アポロドラゴン
SJ19-08	緑の光導騎士ゾディアック・アポロドラゴン
KA12-01	カンネイド・エース
KF-01	カーネル・ドラゴン
KF-02	キング・カーネル
KF-03	カーネル・ゴレム
KF-04	チキンフィレサンドナイト
KF-05	コールス・トータス
KF-06	フライド・フェニックス
KF-07	フライドチキンの殿堂
KF-08	マッハ・ツイスター
KF-09	ピヨケット
KF-10	武者ムシャ・チキンカツサンダース
KF-11	クリスピー・コブラ
KF-12	ポテトアロー
KF-13	鶏肉の覇王ジーク・ケンタ・フリード
KF-14	爆揚げの覇王ケンタ・ドラゴン・バゼル
KF-15	アルバイト姫ケンタッキースター
